         w __cxa_pure_virtual
         w __deregister_frame_info
         w __gnu_Unwind_Find_exidx
         w __register_frame_info
         w pthread_cancel
         w pthread_cond_broadcast
         w pthread_cond_wait
         w pthread_getspecific
         w pthread_key_create
         w pthread_key_delete
         w pthread_mutex_lock
         w pthread_mutex_unlock
         w pthread_once
         w pthread_setspecific
         w userAppExit
         w userAppInit
00000000 b _TLS_MODULE_BASE_
00000000 00000802 B __ctru_dev_utf16_buf
00000000 A __sync_synchronize
00000000 a shift
00000000 a shift
00000804 00000401 B __ctru_dev_path_buf
00100000 A __start__
00100000 T _start
00100008 T __service_ptr
0010000c T __apt_appid
00100010 T __heap_size
00100014 T __linear_heap_size
00100018 T __system_arglist
0010001c T __system_runflags
00100020 t startup
00100058 t ClearMem
0010006c t ClrLoop
00100094 T _init
001000ac t .udivsi3_skip_div0_test
001000ac T __aeabi_uidiv
001000ac 000001ec T __udivsi3
00100298 00000020 T __aeabi_uidivmod
001002b8 T __aeabi_idiv
001002b8 00000220 T __divsi3
001002c0 t .divsi3_skip_div0_test
001004d8 00000020 T __aeabi_idivmod
001004f8 00000004 W __aeabi_idiv0
001004f8 00000004 W __aeabi_ldiv0
001004fc T __aeabi_ldivmod
001005d0 T __aeabi_uldivmod
0010060c 00000014 T __restore_core_regs
0010060c 00000014 T restore_core_regs
00100620 T __gnu_Unwind_Restore_VFP
00100628 T __gnu_Unwind_Save_VFP
00100630 T __gnu_Unwind_Restore_VFP_D
00100638 T __gnu_Unwind_Save_VFP_D
00100640 T __gnu_Unwind_Restore_VFP_D_16_to_31
00100648 T __gnu_Unwind_Save_VFP_D_16_to_31
00100650 T __gnu_Unwind_Restore_WMMXD
00100694 T __gnu_Unwind_Save_WMMXD
001006d8 T __gnu_Unwind_Restore_WMMXC
001006ec T __gnu_Unwind_Save_WMMXC
00100700 00000024 T _Unwind_RaiseException
00100700 00000024 T ___Unwind_RaiseException
00100724 00000024 T _Unwind_Resume
00100724 00000024 T ___Unwind_Resume
00100748 00000024 T _Unwind_Resume_or_Rethrow
00100748 00000024 T ___Unwind_Resume_or_Rethrow
0010076c 00000024 T _Unwind_ForcedUnwind
0010076c 00000024 T ___Unwind_ForcedUnwind
00100790 00000024 T _Unwind_Backtrace
00100790 00000024 T ___Unwind_Backtrace
001007c8 00000390 T strcmp
00100b50 T __aeabi_drsub
00100b58 000002b0 T __aeabi_dsub
00100b58 000002b0 T __subdf3
00100b5c 000002ac T __adddf3
00100b5c 000002ac T __aeabi_dadd
00100e08 00000024 T __aeabi_ui2d
00100e08 00000024 T __floatunsidf
00100e2c 00000028 T __aeabi_i2d
00100e2c 00000028 T __floatsidf
00100e54 00000048 T __aeabi_f2d
00100e54 00000048 T __extendsfdf2
00100e9c 00000074 T __aeabi_ul2d
00100e9c 00000074 T __floatundidf
00100eb0 00000060 T __aeabi_l2d
00100eb0 00000060 T __floatdidf
00100f10 t __do_global_dtors_aux
00100f60 t frame_dummy
00100f8c 00000008 W std::ctype<char>::do_widen(char) const
00100f94 00000068 t void std::this_thread::sleep_for<long long, std::ratio<1ll, 1000ll> >(std::chrono::duration<long long, std::ratio<1ll, 1000ll> > const&) [clone .isra.0]
00100ffc 000000b4 t std::__cxx11::basic_string<char, std::char_traits<char>, std::allocator<char> >::basic_string(char const*, std::allocator<char> const&) [clone .isra.0]
001010b0 000000b0 T para(int)
00101160 000001f4 T show(std::__cxx11::basic_string<char, std::char_traits<char>, std::allocator<char> >, double, bool, std::__cxx11::basic_string<char, std::char_traits<char>, std::allocator<char> >)
00101354 000000a8 W void std::__cxx11::basic_string<char, std::char_traits<char>, std::allocator<char> >::_M_construct<true>(char const*, unsigned int)
00101400 0000023c T showChoice(std::__cxx11::basic_string<char, std::char_traits<char>, std::allocator<char> >, std::__cxx11::basic_string<char, std::char_traits<char>, std::allocator<char> >)
00101640 00000844 T main
00101e84 00000098 t _GLOBAL__sub_I_waitForPress
00101f1c 00000050 t _GLOBAL__sub_D_waitForPress
00101f6c 00000018 T consoleSelect
00101f84 000001c8 T consoleDrawChar
0010214c 00000170 T consolePrintChar
001022bc 00000c40 T con_write
00102efc 00000110 t newRow
0010300c 00000180 T consoleInit
0010318c 000000b8 T consoleClear
00103244 000000cc t gfxPresentFramebuffer
00103310 0000001c T gfxIsWide
0010332c 000000f8 T gfxSetScreenFormat
00103424 00000010 T gfxSetDoubleBuffering
00103434 000000d8 T gfxInit
0010350c 00000010 T gfxInitDefault
0010351c 000000a0 T gfxGetFramebuffer
001035bc 00000100 T gfxFlushBuffers
001036bc 00000050 T gfxSwapBuffersGpu
0010370c 00000180 t aptConvertScreenForCapture
0010388c 00000008 W aptDspSleep
00103894 00000004 W aptDspWakeup
00103898 00000004 W aptDspCancel
0010389c 00000138 T aptSendCommand
001039d8 00000044 t aptExitProcess
00103a1c 00000394 T aptExit
00103db0 000000d8 T aptHandleSleep
00103e88 00000084 T APT_SleepIfShellClosed
00103f0c 00000078 T aptSetSleepAllowed
00103f84 00000084 T APT_UnlockTransition
00104008 00000470 t aptEventHandler
00104478 000000bc T APT_ReceiveParameter
00104534 000000b0 t aptReceiveParameter.constprop.0
001045e8 00000294 t aptScreenTransfer
0010487c 000002d0 t aptWaitForWakeUp.isra.0
00104b4c 000000f4 T aptJumpToHomeMenu
00104c40 00000058 T aptMainLoop
00104c98 00000240 T aptInit
00104ed8 00000090 T APT_CheckNew3DS
00104f68 00000c70 t gspHardwareInit
00105bd8 00000280 T gspInit
00105e58 000000a4 T gspPresentBuffer
00105efc 00000050 T gspWaitForEvent
00105f4c 00000004 W gxCmdQueueInterrupt
00105f50 00000154 t gspEventThreadMain
001060a4 00000050 T GSPGPU_FlushDataCache
001060f4 00000034 T GSPGPU_SetLcdForceBlack
00106128 00000080 T GSPGPU_AcquireRight
001061a8 0000005c T GSPGPU_ReleaseRight
00106204 0000007c T GSPGPU_ImportDisplayCaptureInfo
00106280 0000002c T GSPGPU_SaveVramSysArea
001062ac 0000002c T GSPGPU_RestoreVramSysArea
001062d8 00000024 W hidShouldUseIrrst
001062fc 000001cc T hidInit
001064c8 000000e8 T hidExit
001065b0 000002a0 T hidScanInput
00106850 00000010 T hidKeysDown
00106860 000001a4 T irrstInit
00106a04 000000dc T irrstExit
00106ae0 000000b4 T irrstScanInput
00106b94 00000024 T irrstKeysHeld
00106bb8 00000038 W __libctru_init
00106bf0 0000016c W __system_initArgv
00106d5c 00000030 T __syscall_getreent
00106d8c 00000030 T __syscall_nanosleep
00106dbc 00000004 T __syscall_lock_acquire
00106dc0 00000004 T __syscall_lock_release
00106dc4 00000004 T __syscall_lock_acquire_recursive
00106dc8 00000004 T __syscall_lock_release_recursive
00106dcc 00000004 T __syscall_exit
00106dd0 00000054 T initThreadVars
00106e24 00000080 T __system_initSyscalls
00106ea4 T svcControlMemory
00106ec4 T svcQueryMemory
00106ef4 T svcExitProcess
00106efc T svcCreateThread
00106f1c T svcExitThread
00106f24 T svcSleepThread
00106f2c T svcReleaseMutex
00106f34 T svcCreateEvent
00106f48 T svcSignalEvent
00106f50 T svcClearEvent
00106f58 T svcMapMemoryBlock
00106f60 T svcUnmapMemoryBlock
00106f68 T svcCreateAddressArbiter
00106f7c T svcArbitrateAddressNoTimeout
00106f84 T svcCloseHandle
00106f8c T svcWaitSynchronization
00106f94 T svcWaitSynchronizationN
00106fbc T svcDuplicateHandle
00106fd0 T svcConnectToPort
00106fe4 T svcSendSyncRequest
00106fec T svcGetResourceLimit
00107000 T svcGetResourceLimitLimitValues
00107008 T svcGetResourceLimitCurrentValues
00107010 T svcBreak
00107018 W initSystem
00107068 W __ctru_exit
0010707c 00000024 t addrMapNodeComparator(rbtree_node const*, rbtree_node const*)
001070a0 00000004 t addrMapNodeDestructor(rbtree_node*)
001070a4 0000012c T linearMemAlign
001071d0 00000008 T linearAlloc
001071d8 0000005c T linearFree
00107234 00000088 T MemPool::CoalesceRight(MemBlock*)
001072bc 00000178 T MemPool::Allocate(MemChunk&, unsigned long, int)
00107434 00000118 T MemPool::Deallocate(MemChunk const&)
0010754c 00000030 T MemPool::GetFreeSpace()
0010757c 00000024 t addrMapNodeComparator(rbtree_node const*, rbtree_node const*)
001075a0 00000004 t addrMapNodeDestructor(rbtree_node*)
001075a4 00000248 T vramMemAlignAt
001077ec 0000000c T vramAlloc
001077f8 00000094 T vramFree
0010788c 0000008c W envGetHandle
00107918 00000050 W envDestroyHandles
00107968 00000034 T __ctru_speedup_config
0010799c 00000164 T srvInit
00107b00 00000064 T srvExit
00107b64 00000060 T srvEnableNotification
00107bc4 000000a0 T srvGetServiceHandleDirect
00107c64 00000048 T srvGetServiceHandle
00107cac 00000034 T srvSubscribe
00107ce0 00000060 T srvReceiveNotification
00107d40 00000038 T srvPublishToSubscriber
00107d78 0000000c T __sync_init
00107d84 00000018 T __sync_fini
00107d9c 00000028 T syncArbitrateAddress
00107dc4 000000ac T LightLock_Lock
00107e70 00000040 T LightLock_Unlock
00107eb0 00000054 T RecursiveLock_Lock
00107f04 00000054 T RecursiveLock_Unlock
00107f58 00000044 T LightEvent_Init
00107f9c 000000b8 T LightEvent_Clear
00108054 000000dc T LightEvent_Signal
00108130 00000050 T LightEvent_TryWait
00108180 000000ac T LightEvent_Wait
0010822c 000001fc T threadCreate
00108428 00000038 T threadFree
00108460 00000024 T threadJoin
00108484 00000030 T threadGetCurrent
001084b4 00000040 T threadExit
001084f4 00000020 t _thread_begin
00108514 00000090 t mappableFindAddressWithin
001085a4 00000028 T mappableInit
001085cc 0000007c T mappableAlloc
00108648 00000004 T mappableFree
0010864c 00000078 T ptmSysmInit
001086c4 0000003c T ptmSysmExit
00108700 00000034 T PTMSYSM_ConfigureNew3DSCPU
00108734 0000000c T srvPmGetSessionHandle
00108740 00000074 T rbtree_find
001087b4 00000010 T rbtree_init
001087c4 00000198 t do_insert
0010895c 00000008 T rbtree_insert
00108964 00000310 T rbtree_remove
00108c74 00000090 T rbtree_rotate
00108d08 000001e8 W __system_allocateHeaps
00108ef0 00000030 W __appExit
00108f20 00000030 W __appInit
00108f50 00000090 W __libctru_exit
00108fe0 00000014 t archive_link
00108ff4 00000014 t archive_dirreset
00109008 00000014 t archive_chmod
0010901c 00000024 t error_cmp
00109040 00000050 t archive_translate_error
00109090 000000c0 t archive_seek
00109150 00000078 t _archiveInit.part.0
001091c8 000000d4 t archiveFindDevice.part.0
0010929c 00000298 t archive_utf16path
00109534 00000098 t _archiveUnmountDeviceStruct.part.0
001095cc 00000014 t archive_statvfs
001095e0 00000014 t archive_fchmod
001095f4 00000178 t _archiveMountDevice
0010976c 000000f8 t archive_diropen
00109864 000000ac t archive_fstat
00109910 00000074 t archive_fsync
00109984 00000074 t archive_close
001099f8 00000078 t archive_dirclose
00109a70 000000ec t sdmc_statvfs
00109b5c 000000f8 t archive_chdir
00109c54 0000008c t archive_ftruncate
00109ce0 000000bc t archive_read
00109d9c 000000a8 t archive_unlink
00109e44 000000c0 t archive_rmdir
00109f04 000000d8 t archive_mkdir
00109fdc 000001a0 t archive_stat
0010a17c 00000164 t archive_dirnext
0010a2e0 0000013c t archive_write
0010a420 00000254 t archive_open
0010a674 00000270 t archive_rename
0010a8e4 000001c8 T archiveMountSdmc
0010aaac 00000054 T archiveUnmountAll
0010ab00 00000104 T fsInit
0010ac04 0000003c T fsExit
0010ac40 00000068 T fsExemptFromSession
0010aca8 00000050 T fsUnexemptFromSession
0010acf8 000000cc T FSUSER_OpenFile
0010adc4 000000b8 T FSUSER_DeleteFile
0010ae7c 000000f4 T FSUSER_RenameFile
0010af70 000000b8 T FSUSER_DeleteDirectory
0010b028 000000d0 T FSUSER_CreateFile
0010b0f8 000000c0 T FSUSER_CreateDirectory
0010b1b8 000000f4 T FSUSER_RenameDirectory
0010b2ac 000000b4 T FSUSER_OpenDirectory
0010b360 00000090 T FSUSER_OpenArchive
0010b3f0 0000008c T FSUSER_CloseArchive
0010b47c 00000074 T FSUSER_GetSdmcArchiveResource
0010b4f0 00000064 T FSUSER_IsSdmcWritable
0010b554 00000064 T FSFILE_Read
0010b5b8 0000006c T FSFILE_Write
0010b624 00000044 T FSFILE_GetSize
0010b668 00000028 T FSFILE_SetSize
0010b690 0000003c T FSFILE_Close
0010b6cc 00000024 T FSFILE_Flush
0010b6f0 00000060 T FSDIR_Read
0010b750 0000003c T FSDIR_Close
0010b78c 00000060 T rbtree_node_next
0010b7ec 00000140 T decode_utf8
0010b92c 000000e8 T utf16_to_utf8
0010ba14 000000c0 T utf8_to_utf16
0010bad4 T __aeabi_read_tp
0010bae0 00000054 T decode_utf16
0010bb34 00000054 T encode_utf16
0010bb88 000000e0 T encode_utf8
0010bc68 00000004 T operator delete(void*)
0010bc6c 0000000c t _GLOBAL__sub_I.00090__ZSt3cin
0010bc78 0000000c t _GLOBAL__sub_D.00090__ZSt3cin
0010bc84 00000530 t std::ios_base::Init::Init() [clone .part.0]
0010c1b4 00000070 T std::ios_base::Init::Init()
0010c1b4 00000070 T std::ios_base::Init::Init()
0010c224 000000bc T std::ios_base::Init::~Init()
0010c224 000000bc T std::ios_base::Init::~Init()
0010c2e0 0000000c W __gnu_cxx::__concurrence_lock_error::what() const
0010c2ec 0000000c W __gnu_cxx::__concurrence_unlock_error::what() const
0010c2f8 00000004 T std::locale::facet::~facet()
0010c2f8 00000004 T std::locale::facet::~facet()
0010c2fc 0000001c T std::locale::facet::~facet()
0010c318 00000020 W __gnu_cxx::__concurrence_lock_error::~__concurrence_lock_error()
0010c318 00000020 W __gnu_cxx::__concurrence_lock_error::~__concurrence_lock_error()
0010c338 00000028 W __gnu_cxx::__concurrence_lock_error::~__concurrence_lock_error()
0010c360 00000020 W __gnu_cxx::__concurrence_unlock_error::~__concurrence_unlock_error()
0010c360 00000020 W __gnu_cxx::__concurrence_unlock_error::~__concurrence_unlock_error()
0010c380 00000028 W __gnu_cxx::__concurrence_unlock_error::~__concurrence_unlock_error()
0010c3a8 00000020 T std::locale::facet::_S_initialize_once()
0010c3c8 0000002c W __gnu_cxx::__throw_concurrence_unlock_error()
0010c3f4 0000005c T std::locale::locale(std::locale const&)
0010c3f4 0000005c T std::locale::locale(std::locale const&)
0010c450 00000008 T std::locale::locale(std::locale::_Impl*)
0010c450 00000008 T std::locale::locale(std::locale::_Impl*)
0010c458 0000005c T std::locale::facet::_S_get_c_locale()
0010c4b4 0000000c T std::locale::facet::_S_get_c_name()
0010c4c0 00000214 T std::locale::_Impl::~_Impl()
0010c4c0 00000214 T std::locale::_Impl::~_Impl()
0010c6d4 000000f0 T std::locale::operator=(std::locale const&)
0010c7c4 0000009c T std::locale::~locale()
0010c7c4 0000009c T std::locale::~locale()
0010c860 000006f0 T std::locale::_Impl::_M_install_facet(std::locale::id const*, std::locale::facet const*)
0010cf50 00000414 T std::locale::_Impl::_M_install_cache(std::locale::facet const*, unsigned int)
0010d364 0000008c T std::locale::id::_M_id() const
0010d3f0 00000038 t std::__facet_shims::(anonymous namespace)::collate_shim<char>::do_compare(char const*, char const*, char const*, char const*) const
0010d428 00000060 t std::__facet_shims::(anonymous namespace)::time_get_shim<char>::do_get_year(std::istreambuf_iterator<char, std::char_traits<char> >, std::istreambuf_iterator<char, std::char_traits<char> >, std::ios_base&, std::_Ios_Iostate&, tm*) const
0010d488 00000060 t std::__facet_shims::(anonymous namespace)::time_get_shim<char>::do_get_monthname(std::istreambuf_iterator<char, std::char_traits<char> >, std::istreambuf_iterator<char, std::char_traits<char> >, std::ios_base&, std::_Ios_Iostate&, tm*) const
0010d4e8 00000060 t std::__facet_shims::(anonymous namespace)::time_get_shim<char>::do_get_weekday(std::istreambuf_iterator<char, std::char_traits<char> >, std::istreambuf_iterator<char, std::char_traits<char> >, std::ios_base&, std::_Ios_Iostate&, tm*) const
0010d548 00000060 t std::__facet_shims::(anonymous namespace)::time_get_shim<char>::do_get_date(std::istreambuf_iterator<char, std::char_traits<char> >, std::istreambuf_iterator<char, std::char_traits<char> >, std::ios_base&, std::_Ios_Iostate&, tm*) const
0010d5a8 00000060 t std::__facet_shims::(anonymous namespace)::time_get_shim<char>::do_get_time(std::istreambuf_iterator<char, std::char_traits<char> >, std::istreambuf_iterator<char, std::char_traits<char> >, std::ios_base&, std::_Ios_Iostate&, tm*) const
0010d608 00000010 t std::__facet_shims::(anonymous namespace)::time_get_shim<char>::do_date_order() const
0010d618 00000098 t std::__facet_shims::(anonymous namespace)::money_get_shim<char>::do_get(std::istreambuf_iterator<char, std::char_traits<char> >, std::istreambuf_iterator<char, std::char_traits<char> >, bool, std::ios_base&, std::_Ios_Iostate&, long double&) const
0010d6b0 00000054 t std::__facet_shims::(anonymous namespace)::money_put_shim<char>::do_put(std::ostreambuf_iterator<char, std::char_traits<char> >, bool, std::ios_base&, char, long double) const
0010d704 00000014 t std::__facet_shims::(anonymous namespace)::messages_shim<char>::do_close(int) const
0010d718 00000030 t std::__facet_shims::(anonymous namespace)::messages_shim<char>::do_open(std::string const&, std::locale const&) const
0010d748 00000038 t std::__facet_shims::(anonymous namespace)::collate_shim<wchar_t>::do_compare(wchar_t const*, wchar_t const*, wchar_t const*, wchar_t const*) const
0010d780 00000060 t std::__facet_shims::(anonymous namespace)::time_get_shim<wchar_t>::do_get_year(std::istreambuf_iterator<wchar_t, std::char_traits<wchar_t> >, std::istreambuf_iterator<wchar_t, std::char_traits<wchar_t> >, std::ios_base&, std::_Ios_Iostate&, tm*) const
0010d7e0 00000060 t std::__facet_shims::(anonymous namespace)::time_get_shim<wchar_t>::do_get_monthname(std::istreambuf_iterator<wchar_t, std::char_traits<wchar_t> >, std::istreambuf_iterator<wchar_t, std::char_traits<wchar_t> >, std::ios_base&, std::_Ios_Iostate&, tm*) const
0010d840 00000060 t std::__facet_shims::(anonymous namespace)::time_get_shim<wchar_t>::do_get_weekday(std::istreambuf_iterator<wchar_t, std::char_traits<wchar_t> >, std::istreambuf_iterator<wchar_t, std::char_traits<wchar_t> >, std::ios_base&, std::_Ios_Iostate&, tm*) const
0010d8a0 00000060 t std::__facet_shims::(anonymous namespace)::time_get_shim<wchar_t>::do_get_date(std::istreambuf_iterator<wchar_t, std::char_traits<wchar_t> >, std::istreambuf_iterator<wchar_t, std::char_traits<wchar_t> >, std::ios_base&, std::_Ios_Iostate&, tm*) const
0010d900 00000060 t std::__facet_shims::(anonymous namespace)::time_get_shim<wchar_t>::do_get_time(std::istreambuf_iterator<wchar_t, std::char_traits<wchar_t> >, std::istreambuf_iterator<wchar_t, std::char_traits<wchar_t> >, std::ios_base&, std::_Ios_Iostate&, tm*) const
0010d960 00000010 t std::__facet_shims::(anonymous namespace)::time_get_shim<wchar_t>::do_date_order() const
0010d970 00000098 t std::__facet_shims::(anonymous namespace)::money_get_shim<wchar_t>::do_get(std::istreambuf_iterator<wchar_t, std::char_traits<wchar_t> >, std::istreambuf_iterator<wchar_t, std::char_traits<wchar_t> >, bool, std::ios_base&, std::_Ios_Iostate&, long double&) const
0010da08 00000054 t std::__facet_shims::(anonymous namespace)::money_put_shim<wchar_t>::do_put(std::ostreambuf_iterator<wchar_t, std::char_traits<wchar_t> >, bool, std::ios_base&, wchar_t, long double) const
0010da5c 00000014 t std::__facet_shims::(anonymous namespace)::messages_shim<wchar_t>::do_close(int) const
0010da70 00000030 t std::__facet_shims::(anonymous namespace)::messages_shim<wchar_t>::do_open(std::string const&, std::locale const&) const
0010daa0 000000c0 t wchar_t* std::basic_string<wchar_t, std::char_traits<wchar_t>, std::allocator<wchar_t> >::_S_construct<wchar_t const*>(wchar_t const*, wchar_t const*, std::allocator<wchar_t> const&, std::forward_iterator_tag) [clone .isra.0]
0010db60 000000b0 t char* std::string::_S_construct<char const*>(char const*, char const*, std::allocator<char> const&, std::forward_iterator_tag) [clone .isra.0]
0010dc10 00000074 t std::basic_string<wchar_t, std::char_traits<wchar_t>, std::allocator<wchar_t> >::~basic_string() [clone .isra.0]
0010dc84 00000074 t std::basic_string<char, std::char_traits<char>, std::allocator<char> >::~basic_string() [clone .isra.0]
0010dcf8 00000090 t std::__facet_shims::(anonymous namespace)::collate_shim<wchar_t>::do_transform(wchar_t const*, wchar_t const*) const
0010dd88 000000ac t std::__facet_shims::(anonymous namespace)::messages_shim<wchar_t>::do_get(int, int, int, std::basic_string<wchar_t, std::char_traits<wchar_t>, std::allocator<wchar_t> > const&) const
0010de38 00000134 t std::__facet_shims::(anonymous namespace)::money_put_shim<wchar_t>::do_put(std::ostreambuf_iterator<wchar_t, std::char_traits<wchar_t> >, bool, std::ios_base&, wchar_t, std::basic_string<wchar_t, std::char_traits<wchar_t>, std::allocator<wchar_t> > const&) const
0010df70 00000134 t std::__facet_shims::(anonymous namespace)::money_put_shim<char>::do_put(std::ostreambuf_iterator<char, std::char_traits<char> >, bool, std::ios_base&, char, std::string const&) const
0010e0a4 00000090 t std::__facet_shims::(anonymous namespace)::collate_shim<char>::do_transform(char const*, char const*) const
0010e134 000000ac t std::__facet_shims::(anonymous namespace)::messages_shim<char>::do_get(int, int, int, std::string const&) const
0010e1e0 00000078 t void std::__facet_shims::(anonymous namespace)::__destroy_string<wchar_t>(void*)
0010e258 00000078 t void std::__facet_shims::(anonymous namespace)::__destroy_string<char>(void*)
0010e2d0 0000007c t std::__facet_shims::(anonymous namespace)::messages_shim<char>::~messages_shim()
0010e2d0 0000007c t std::__facet_shims::(anonymous namespace)::messages_shim<char>::~messages_shim()
0010e34c 0000007c t std::__facet_shims::(anonymous namespace)::messages_shim<wchar_t>::~messages_shim()
0010e34c 0000007c t std::__facet_shims::(anonymous namespace)::messages_shim<wchar_t>::~messages_shim()
0010e3c8 00000088 t std::__facet_shims::(anonymous namespace)::money_get_shim<char>::~money_get_shim()
0010e3c8 00000088 t std::__facet_shims::(anonymous namespace)::money_get_shim<char>::~money_get_shim()
0010e450 00000088 t std::__facet_shims::(anonymous namespace)::money_put_shim<char>::~money_put_shim()
0010e450 00000088 t std::__facet_shims::(anonymous namespace)::money_put_shim<char>::~money_put_shim()
0010e4d8 00000088 t std::__facet_shims::(anonymous namespace)::money_get_shim<wchar_t>::~money_get_shim()
0010e4d8 00000088 t std::__facet_shims::(anonymous namespace)::money_get_shim<wchar_t>::~money_get_shim()
0010e560 00000088 t std::__facet_shims::(anonymous namespace)::money_put_shim<wchar_t>::~money_put_shim()
0010e560 00000088 t std::__facet_shims::(anonymous namespace)::money_put_shim<wchar_t>::~money_put_shim()
0010e5e8 00000088 t std::__facet_shims::(anonymous namespace)::time_get_shim<char>::~time_get_shim()
0010e5e8 00000088 t std::__facet_shims::(anonymous namespace)::time_get_shim<char>::~time_get_shim()
0010e670 00000088 t std::__facet_shims::(anonymous namespace)::time_get_shim<wchar_t>::~time_get_shim()
0010e670 00000088 t std::__facet_shims::(anonymous namespace)::time_get_shim<wchar_t>::~time_get_shim()
0010e6f8 00000084 t std::__facet_shims::(anonymous namespace)::messages_shim<char>::~messages_shim()
0010e77c 00000084 t std::__facet_shims::(anonymous namespace)::messages_shim<wchar_t>::~messages_shim()
0010e800 00000088 t std::__facet_shims::(anonymous namespace)::numpunct_shim<char>::~numpunct_shim()
0010e800 00000088 t std::__facet_shims::(anonymous namespace)::numpunct_shim<char>::~numpunct_shim()
0010e888 00000088 t std::__facet_shims::(anonymous namespace)::numpunct_shim<wchar_t>::~numpunct_shim()
0010e888 00000088 t std::__facet_shims::(anonymous namespace)::numpunct_shim<wchar_t>::~numpunct_shim()
0010e910 00000090 t std::__facet_shims::(anonymous namespace)::money_get_shim<char>::~money_get_shim()
0010e9a0 00000090 t std::__facet_shims::(anonymous namespace)::money_put_shim<char>::~money_put_shim()
0010ea30 00000090 t std::__facet_shims::(anonymous namespace)::money_get_shim<wchar_t>::~money_get_shim()
0010eac0 00000090 t std::__facet_shims::(anonymous namespace)::money_put_shim<wchar_t>::~money_put_shim()
0010eb50 00000090 t std::__facet_shims::(anonymous namespace)::time_get_shim<char>::~time_get_shim()
0010ebe0 00000090 t std::__facet_shims::(anonymous namespace)::time_get_shim<wchar_t>::~time_get_shim()
0010ec70 00000090 t std::__facet_shims::(anonymous namespace)::collate_shim<char>::~collate_shim()
0010ec70 00000090 t std::__facet_shims::(anonymous namespace)::collate_shim<char>::~collate_shim()
0010ed00 00000090 t std::__facet_shims::(anonymous namespace)::collate_shim<wchar_t>::~collate_shim()
0010ed00 00000090 t std::__facet_shims::(anonymous namespace)::collate_shim<wchar_t>::~collate_shim()
0010ed90 00000090 t std::__facet_shims::(anonymous namespace)::numpunct_shim<char>::~numpunct_shim()
0010ee20 00000090 t std::__facet_shims::(anonymous namespace)::numpunct_shim<wchar_t>::~numpunct_shim()
0010eeb0 00000098 t std::__facet_shims::(anonymous namespace)::collate_shim<char>::~collate_shim()
0010ef48 00000098 t std::__facet_shims::(anonymous namespace)::collate_shim<wchar_t>::~collate_shim()
0010efe0 00000094 t std::__facet_shims::(anonymous namespace)::moneypunct_shim<char, true>::~moneypunct_shim()
0010efe0 00000094 t std::__facet_shims::(anonymous namespace)::moneypunct_shim<char, true>::~moneypunct_shim()
0010f074 00000094 t std::__facet_shims::(anonymous namespace)::moneypunct_shim<char, false>::~moneypunct_shim()
0010f074 00000094 t std::__facet_shims::(anonymous namespace)::moneypunct_shim<char, false>::~moneypunct_shim()
0010f108 00000094 t std::__facet_shims::(anonymous namespace)::moneypunct_shim<wchar_t, true>::~moneypunct_shim()
0010f108 00000094 t std::__facet_shims::(anonymous namespace)::moneypunct_shim<wchar_t, true>::~moneypunct_shim()
0010f19c 00000094 t std::__facet_shims::(anonymous namespace)::moneypunct_shim<wchar_t, false>::~moneypunct_shim()
0010f19c 00000094 t std::__facet_shims::(anonymous namespace)::moneypunct_shim<wchar_t, false>::~moneypunct_shim()
0010f230 0000009c t std::__facet_shims::(anonymous namespace)::moneypunct_shim<char, true>::~moneypunct_shim()
0010f2cc 0000009c t std::__facet_shims::(anonymous namespace)::moneypunct_shim<char, false>::~moneypunct_shim()
0010f368 0000009c t std::__facet_shims::(anonymous namespace)::moneypunct_shim<wchar_t, true>::~moneypunct_shim()
0010f404 0000009c t std::__facet_shims::(anonymous namespace)::moneypunct_shim<wchar_t, false>::~moneypunct_shim()
0010f4a0 00000168 t std::__facet_shims::(anonymous namespace)::money_get_shim<wchar_t>::do_get(std::istreambuf_iterator<wchar_t, std::char_traits<wchar_t> >, std::istreambuf_iterator<wchar_t, std::char_traits<wchar_t> >, bool, std::ios_base&, std::_Ios_Iostate&, std::basic_string<wchar_t, std::char_traits<wchar_t>, std::allocator<wchar_t> >&) const
0010f608 00000168 t std::__facet_shims::(anonymous namespace)::money_get_shim<char>::do_get(std::istreambuf_iterator<char, std::char_traits<char> >, std::istreambuf_iterator<char, std::char_traits<char> >, bool, std::ios_base&, std::_Ios_Iostate&, std::string&) const
0010f770 0000005c W std::locale::facet::_M_remove_reference() const
0010f7cc 00000284 W void std::__facet_shims::__numpunct_fill_cache<char>(std::integral_constant<bool, false>, std::locale::facet const*, std::__numpunct_cache<char>*)
0010fa50 000002b0 W void std::__facet_shims::__numpunct_fill_cache<wchar_t>(std::integral_constant<bool, false>, std::locale::facet const*, std::__numpunct_cache<wchar_t>*)
0010fd00 0000002c W int std::__facet_shims::__collate_compare<char>(std::integral_constant<bool, false>, std::locale::facet const*, char const*, char const*, char const*, char const*)
0010fd2c 0000002c W int std::__facet_shims::__collate_compare<wchar_t>(std::integral_constant<bool, false>, std::locale::facet const*, wchar_t const*, wchar_t const*, wchar_t const*, wchar_t const*)
0010fd58 00000144 W void std::__facet_shims::__collate_transform<char>(std::integral_constant<bool, false>, std::locale::facet const*, std::__facet_shims::__any_string&, char const*, char const*)
0010fe9c 00000144 W void std::__facet_shims::__collate_transform<wchar_t>(std::integral_constant<bool, false>, std::locale::facet const*, std::__facet_shims::__any_string&, wchar_t const*, wchar_t const*)
0010ffe0 0000038c W void std::__facet_shims::__moneypunct_fill_cache<char, true>(std::integral_constant<bool, false>, std::locale::facet const*, std::__moneypunct_cache<char, true>*)
0011036c 0000038c W void std::__facet_shims::__moneypunct_fill_cache<char, false>(std::integral_constant<bool, false>, std::locale::facet const*, std::__moneypunct_cache<char, false>*)
001106f8 000003c8 W void std::__facet_shims::__moneypunct_fill_cache<wchar_t, true>(std::integral_constant<bool, false>, std::locale::facet const*, std::__moneypunct_cache<wchar_t, true>*)
00110ac0 000003c8 W void std::__facet_shims::__moneypunct_fill_cache<wchar_t, false>(std::integral_constant<bool, false>, std::locale::facet const*, std::__moneypunct_cache<wchar_t, false>*)
00110e88 000000c4 W int std::__facet_shims::__messages_open<char>(std::integral_constant<bool, false>, std::locale::facet const*, char const*, unsigned int, std::locale const&)
00110f4c 000000c4 W int std::__facet_shims::__messages_open<wchar_t>(std::integral_constant<bool, false>, std::locale::facet const*, char const*, unsigned int, std::locale const&)
00111010 000001e4 W void std::__facet_shims::__messages_get<char>(std::integral_constant<bool, false>, std::locale::facet const*, std::__facet_shims::__any_string&, int, int, int, char const*, unsigned int)
001111f4 000001e4 W void std::__facet_shims::__messages_get<wchar_t>(std::integral_constant<bool, false>, std::locale::facet const*, std::__facet_shims::__any_string&, int, int, int, wchar_t const*, unsigned int)
001113d8 00000014 W void std::__facet_shims::__messages_close<char>(std::integral_constant<bool, false>, std::locale::facet const*, int)
001113ec 00000014 W void std::__facet_shims::__messages_close<wchar_t>(std::integral_constant<bool, false>, std::locale::facet const*, int)
00111400 00000010 W std::time_base::dateorder std::__facet_shims::__time_get_dateorder<char>(std::integral_constant<bool, false>, std::locale::facet const*)
00111410 00000010 W std::time_base::dateorder std::__facet_shims::__time_get_dateorder<wchar_t>(std::integral_constant<bool, false>, std::locale::facet const*)
00111420 0000013c W std::istreambuf_iterator<char, std::char_traits<char> > std::__facet_shims::__time_get<char>(std::integral_constant<bool, false>, std::locale::facet const*, std::istreambuf_iterator<char, std::char_traits<char> >, std::istreambuf_iterator<char, std::char_traits<char> >, std::ios_base&, std::_Ios_Iostate&, tm*, char)
0011155c 0000013c W std::istreambuf_iterator<wchar_t, std::char_traits<wchar_t> > std::__facet_shims::__time_get<wchar_t>(std::integral_constant<bool, false>, std::locale::facet const*, std::istreambuf_iterator<wchar_t, std::char_traits<wchar_t> >, std::istreambuf_iterator<wchar_t, std::char_traits<wchar_t> >, std::ios_base&, std::_Ios_Iostate&, tm*, char)
00111698 00000230 W std::istreambuf_iterator<char, std::char_traits<char> > std::__facet_shims::__money_get<char>(std::integral_constant<bool, false>, std::locale::facet const*, std::istreambuf_iterator<char, std::char_traits<char> >, std::istreambuf_iterator<char, std::char_traits<char> >, bool, std::ios_base&, std::_Ios_Iostate&, long double*, std::__facet_shims::__any_string*)
001118c8 00000230 W std::istreambuf_iterator<wchar_t, std::char_traits<wchar_t> > std::__facet_shims::__money_get<wchar_t>(std::integral_constant<bool, false>, std::locale::facet const*, std::istreambuf_iterator<wchar_t, std::char_traits<wchar_t> >, std::istreambuf_iterator<wchar_t, std::char_traits<wchar_t> >, bool, std::ios_base&, std::_Ios_Iostate&, long double*, std::__facet_shims::__any_string*)
00111af8 00000158 W std::ostreambuf_iterator<char, std::char_traits<char> > std::__facet_shims::__money_put<char>(std::integral_constant<bool, false>, std::locale::facet const*, std::ostreambuf_iterator<char, std::char_traits<char> >, bool, std::ios_base&, char, long double, std::__facet_shims::__any_string const*)
00111c50 00000154 W std::ostreambuf_iterator<wchar_t, std::char_traits<wchar_t> > std::__facet_shims::__money_put<wchar_t>(std::integral_constant<bool, false>, std::locale::facet const*, std::ostreambuf_iterator<wchar_t, std::char_traits<wchar_t> >, bool, std::ios_base&, wchar_t, long double, std::__facet_shims::__any_string const*)
00111da4 00000b70 T std::locale::facet::_M_cow_shim(std::locale::id const*) const
00112914 00000088 W std::string::copy(char*, unsigned int, unsigned int) const
0011299c 00000034 W std::string::swap(std::string&)
001129d0 0000003c W std::string::find_first_not_of(char, unsigned int) const
00112a0c 00000088 W std::string::_Rep::_S_create(unsigned int, unsigned int, std::allocator<char> const&)
00112a94 0000008c W std::string::_S_construct(unsigned int, char, std::allocator<char> const&)
00112b20 00000004 W std::string::_Rep::_M_destroy(std::allocator<char> const&)
00112b24 000001ec W std::string::_M_mutate(unsigned int, unsigned int, unsigned int)
00112d10 00000080 W std::string::_M_leak_hard()
00112d90 0000006c W std::string::_M_replace_aux(unsigned int, unsigned int, unsigned int, char)
00112dfc 0000005c W std::string::_M_replace_safe(unsigned int, unsigned int, char const*, unsigned int)
00112e58 00000110 W std::string::assign(char const*, unsigned int)
00112f68 00000090 W std::string::_Rep::_M_clone(std::allocator<char> const&, unsigned int)
00112ff8 000000ec W std::string::reserve(unsigned int)
001130e4 000000f8 W std::string::append(std::string const&)
001131dc 0000014c W std::string::append(char const*, unsigned int)
00113328 000000e4 W std::string::append(unsigned int, char)
0011340c 00000048 W std::string::resize(unsigned int, char)
00113454 000000a4 W std::string::push_back(char)
001134f8 00000088 W std::basic_string<wchar_t, std::char_traits<wchar_t>, std::allocator<wchar_t> >::copy(wchar_t*, unsigned int, unsigned int) const
00113580 00000034 W std::basic_string<wchar_t, std::char_traits<wchar_t>, std::allocator<wchar_t> >::swap(std::basic_string<wchar_t, std::char_traits<wchar_t>, std::allocator<wchar_t> >&)
001135b4 0000008c W std::basic_string<wchar_t, std::char_traits<wchar_t>, std::allocator<wchar_t> >::_Rep::_S_create(unsigned int, unsigned int, std::allocator<wchar_t> const&)
00113640 0000008c W std::basic_string<wchar_t, std::char_traits<wchar_t>, std::allocator<wchar_t> >::_S_construct(unsigned int, wchar_t, std::allocator<wchar_t> const&)
001136cc 00000004 W std::basic_string<wchar_t, std::char_traits<wchar_t>, std::allocator<wchar_t> >::_Rep::_M_destroy(std::allocator<wchar_t> const&)
001136d0 000001fc W std::basic_string<wchar_t, std::char_traits<wchar_t>, std::allocator<wchar_t> >::_M_mutate(unsigned int, unsigned int, unsigned int)
001138cc 00000080 W std::basic_string<wchar_t, std::char_traits<wchar_t>, std::allocator<wchar_t> >::_M_leak_hard()
0011394c 00000074 W std::basic_string<wchar_t, std::char_traits<wchar_t>, std::allocator<wchar_t> >::_M_replace_aux(unsigned int, unsigned int, unsigned int, wchar_t)
001139c0 0000005c W std::basic_string<wchar_t, std::char_traits<wchar_t>, std::allocator<wchar_t> >::_M_replace_safe(unsigned int, unsigned int, wchar_t const*, unsigned int)
00113a1c 00000110 W std::basic_string<wchar_t, std::char_traits<wchar_t>, std::allocator<wchar_t> >::assign(wchar_t const*, unsigned int)
00113b2c 00000090 W std::basic_string<wchar_t, std::char_traits<wchar_t>, std::allocator<wchar_t> >::_Rep::_M_clone(std::allocator<wchar_t> const&, unsigned int)
00113bbc 000000ec W std::basic_string<wchar_t, std::char_traits<wchar_t>, std::allocator<wchar_t> >::reserve(unsigned int)
00113ca8 000000e8 W std::basic_string<wchar_t, std::char_traits<wchar_t>, std::allocator<wchar_t> >::append(std::basic_string<wchar_t, std::char_traits<wchar_t>, std::allocator<wchar_t> > const&)
00113d90 0000013c W std::basic_string<wchar_t, std::char_traits<wchar_t>, std::allocator<wchar_t> >::append(wchar_t const*, unsigned int)
00113ecc 000000e4 W std::basic_string<wchar_t, std::char_traits<wchar_t>, std::allocator<wchar_t> >::append(unsigned int, wchar_t)
00113fb0 00000048 W std::basic_string<wchar_t, std::char_traits<wchar_t>, std::allocator<wchar_t> >::resize(unsigned int, wchar_t)
00113ff8 00000098 W std::basic_string<wchar_t, std::char_traits<wchar_t>, std::allocator<wchar_t> >::push_back(wchar_t)
00114090 00000008 W std::ctype<char>::do_narrow(char, char) const
00114098 00000044 T std::ctype<char>::~ctype()
00114098 00000044 T std::ctype<char>::~ctype()
001140dc 00000034 T std::ctype<wchar_t>::~ctype()
001140dc 00000034 T std::ctype<wchar_t>::~ctype()
00114110 0000003c W std::ctype<char>::do_narrow(char const*, char const*, char, char*) const
0011414c 00000024 W std::ctype<char>::do_widen(char const*, char const*, char*) const
00114170 0000003c T std::ctype<wchar_t>::~ctype()
001141ac 0000004c T std::ctype<char>::~ctype()
001141f8 00000094 T std::ctype<char>::_M_widen_init() const
0011428c 0000005c T std::ctype<wchar_t>::ctype(unsigned int)
0011428c 0000005c T std::ctype<wchar_t>::ctype(unsigned int)
001142e8 0000001c T std::ctype<char>::do_toupper(char) const
00114304 00000018 T std::ctype<char>::do_tolower(char) const
0011431c 00000080 T std::ctype<char>::ctype(char const*, bool, unsigned int)
0011431c 00000080 T std::ctype<char>::ctype(char const*, bool, unsigned int)
0011439c 0000007c T std::ctype<char>::do_toupper(char*, char const*) const
00114418 00000078 T std::ctype<char>::do_tolower(char*, char const*) const
00114490 00000060 T std::ctype<wchar_t>::do_is(char, wchar_t) const
001144f0 000000d4 T std::ctype<wchar_t>::_M_convert_to_wmask(char) const
001145c4 00000008 T std::ctype<wchar_t>::do_toupper(wchar_t) const
001145cc 00000044 T std::ctype<wchar_t>::do_toupper(wchar_t*, wchar_t const*) const
00114610 00000008 T std::ctype<wchar_t>::do_tolower(wchar_t) const
00114618 00000044 T std::ctype<wchar_t>::do_tolower(wchar_t*, wchar_t const*) const
0011465c 00000088 T std::ctype<wchar_t>::do_is(wchar_t const*, wchar_t const*, char*) const
001146e4 000000d8 T std::ctype<wchar_t>::do_scan_is(char, wchar_t const*, wchar_t const*) const
001147bc 000000d0 T std::ctype<wchar_t>::do_scan_not(char, wchar_t const*, wchar_t const*) const
0011488c 0000000c T std::ctype<wchar_t>::do_widen(char) const
00114898 0000003c T std::ctype<wchar_t>::do_widen(char const*, char const*, wchar_t*) const
001148d4 00000040 T std::ctype<wchar_t>::do_narrow(wchar_t, char) const
00114914 000000b4 T std::ctype<wchar_t>::do_narrow(wchar_t const*, wchar_t const*, char, char*) const
001149c8 000000b0 T std::ctype<wchar_t>::_M_initialize_ctype()
00114a78 00000038 t std::__facet_shims::(anonymous namespace)::collate_shim<char>::do_compare(char const*, char const*, char const*, char const*) const
00114ab0 00000060 t std::__facet_shims::(anonymous namespace)::time_get_shim<char>::do_get_year(std::istreambuf_iterator<char, std::char_traits<char> >, std::istreambuf_iterator<char, std::char_traits<char> >, std::ios_base&, std::_Ios_Iostate&, tm*) const
00114b10 00000060 t std::__facet_shims::(anonymous namespace)::time_get_shim<char>::do_get_monthname(std::istreambuf_iterator<char, std::char_traits<char> >, std::istreambuf_iterator<char, std::char_traits<char> >, std::ios_base&, std::_Ios_Iostate&, tm*) const
00114b70 00000060 t std::__facet_shims::(anonymous namespace)::time_get_shim<char>::do_get_weekday(std::istreambuf_iterator<char, std::char_traits<char> >, std::istreambuf_iterator<char, std::char_traits<char> >, std::ios_base&, std::_Ios_Iostate&, tm*) const
00114bd0 00000060 t std::__facet_shims::(anonymous namespace)::time_get_shim<char>::do_get_date(std::istreambuf_iterator<char, std::char_traits<char> >, std::istreambuf_iterator<char, std::char_traits<char> >, std::ios_base&, std::_Ios_Iostate&, tm*) const
00114c30 00000060 t std::__facet_shims::(anonymous namespace)::time_get_shim<char>::do_get_time(std::istreambuf_iterator<char, std::char_traits<char> >, std::istreambuf_iterator<char, std::char_traits<char> >, std::ios_base&, std::_Ios_Iostate&, tm*) const
00114c90 00000010 t std::__facet_shims::(anonymous namespace)::time_get_shim<char>::do_date_order() const
00114ca0 00000098 t std::__facet_shims::(anonymous namespace)::money_get_shim<char>::do_get(std::istreambuf_iterator<char, std::char_traits<char> >, std::istreambuf_iterator<char, std::char_traits<char> >, bool, std::ios_base&, std::_Ios_Iostate&, long double&) const
00114d38 00000054 t std::__facet_shims::(anonymous namespace)::money_put_shim<char>::do_put(std::ostreambuf_iterator<char, std::char_traits<char> >, bool, std::ios_base&, char, long double) const
00114d8c 00000014 t std::__facet_shims::(anonymous namespace)::messages_shim<char>::do_close(int) const
00114da0 00000030 t std::__facet_shims::(anonymous namespace)::messages_shim<char>::do_open(std::__cxx11::basic_string<char, std::char_traits<char>, std::allocator<char> > const&, std::locale const&) const
00114dd0 00000038 t std::__facet_shims::(anonymous namespace)::collate_shim<wchar_t>::do_compare(wchar_t const*, wchar_t const*, wchar_t const*, wchar_t const*) const
00114e08 00000060 t std::__facet_shims::(anonymous namespace)::time_get_shim<wchar_t>::do_get_year(std::istreambuf_iterator<wchar_t, std::char_traits<wchar_t> >, std::istreambuf_iterator<wchar_t, std::char_traits<wchar_t> >, std::ios_base&, std::_Ios_Iostate&, tm*) const
00114e68 00000060 t std::__facet_shims::(anonymous namespace)::time_get_shim<wchar_t>::do_get_monthname(std::istreambuf_iterator<wchar_t, std::char_traits<wchar_t> >, std::istreambuf_iterator<wchar_t, std::char_traits<wchar_t> >, std::ios_base&, std::_Ios_Iostate&, tm*) const
00114ec8 00000060 t std::__facet_shims::(anonymous namespace)::time_get_shim<wchar_t>::do_get_weekday(std::istreambuf_iterator<wchar_t, std::char_traits<wchar_t> >, std::istreambuf_iterator<wchar_t, std::char_traits<wchar_t> >, std::ios_base&, std::_Ios_Iostate&, tm*) const
00114f28 00000060 t std::__facet_shims::(anonymous namespace)::time_get_shim<wchar_t>::do_get_date(std::istreambuf_iterator<wchar_t, std::char_traits<wchar_t> >, std::istreambuf_iterator<wchar_t, std::char_traits<wchar_t> >, std::ios_base&, std::_Ios_Iostate&, tm*) const
00114f88 00000060 t std::__facet_shims::(anonymous namespace)::time_get_shim<wchar_t>::do_get_time(std::istreambuf_iterator<wchar_t, std::char_traits<wchar_t> >, std::istreambuf_iterator<wchar_t, std::char_traits<wchar_t> >, std::ios_base&, std::_Ios_Iostate&, tm*) const
00114fe8 00000010 t std::__facet_shims::(anonymous namespace)::time_get_shim<wchar_t>::do_date_order() const
00114ff8 00000098 t std::__facet_shims::(anonymous namespace)::money_get_shim<wchar_t>::do_get(std::istreambuf_iterator<wchar_t, std::char_traits<wchar_t> >, std::istreambuf_iterator<wchar_t, std::char_traits<wchar_t> >, bool, std::ios_base&, std::_Ios_Iostate&, long double&) const
00115090 00000054 t std::__facet_shims::(anonymous namespace)::money_put_shim<wchar_t>::do_put(std::ostreambuf_iterator<wchar_t, std::char_traits<wchar_t> >, bool, std::ios_base&, wchar_t, long double) const
001150e4 00000014 t std::__facet_shims::(anonymous namespace)::messages_shim<wchar_t>::do_close(int) const
001150f8 00000030 t std::__facet_shims::(anonymous namespace)::messages_shim<wchar_t>::do_open(std::__cxx11::basic_string<char, std::char_traits<char>, std::allocator<char> > const&, std::locale const&) const
00115128 00000094 t void std::__cxx11::basic_string<char, std::char_traits<char>, std::allocator<char> >::_M_construct<char const*>(char const*, char const*, std::forward_iterator_tag) [clone .isra.0]
001151bc 00000098 t void std::__cxx11::basic_string<wchar_t, std::char_traits<wchar_t>, std::allocator<wchar_t> >::_M_construct<wchar_t const*>(wchar_t const*, wchar_t const*, std::forward_iterator_tag) [clone .isra.0]
00115254 000000bc t std::__facet_shims::(anonymous namespace)::collate_shim<wchar_t>::do_transform(wchar_t const*, wchar_t const*) const
00115310 000000d4 t std::__facet_shims::(anonymous namespace)::messages_shim<wchar_t>::do_get(int, int, int, std::__cxx11::basic_string<wchar_t, std::char_traits<wchar_t>, std::allocator<wchar_t> > const&) const
001153e8 000000bc t std::__facet_shims::(anonymous namespace)::money_put_shim<char>::do_put(std::ostreambuf_iterator<char, std::char_traits<char> >, bool, std::ios_base&, char, std::__cxx11::basic_string<char, std::char_traits<char>, std::allocator<char> > const&) const
001154a8 000000bc t std::__facet_shims::(anonymous namespace)::money_put_shim<wchar_t>::do_put(std::ostreambuf_iterator<wchar_t, std::char_traits<wchar_t> >, bool, std::ios_base&, wchar_t, std::__cxx11::basic_string<wchar_t, std::char_traits<wchar_t>, std::allocator<wchar_t> > const&) const
00115564 000000bc t std::__facet_shims::(anonymous namespace)::collate_shim<char>::do_transform(char const*, char const*) const
00115620 000000d4 t std::__facet_shims::(anonymous namespace)::messages_shim<char>::do_get(int, int, int, std::__cxx11::basic_string<char, std::char_traits<char>, std::allocator<char> > const&) const
001156f4 00000014 t void std::__facet_shims::(anonymous namespace)::__destroy_string<wchar_t>(void*)
00115708 00000014 t void std::__facet_shims::(anonymous namespace)::__destroy_string<char>(void*)
0011571c 000001e0 t std::__facet_shims::(anonymous namespace)::money_get_shim<wchar_t>::do_get(std::istreambuf_iterator<wchar_t, std::char_traits<wchar_t> >, std::istreambuf_iterator<wchar_t, std::char_traits<wchar_t> >, bool, std::ios_base&, std::_Ios_Iostate&, std::__cxx11::basic_string<wchar_t, std::char_traits<wchar_t>, std::allocator<wchar_t> >&) const
001158fc 0000007c t std::__facet_shims::(anonymous namespace)::messages_shim<char>::~messages_shim()
001158fc 0000007c t std::__facet_shims::(anonymous namespace)::messages_shim<char>::~messages_shim()
00115978 0000007c t std::__facet_shims::(anonymous namespace)::messages_shim<wchar_t>::~messages_shim()
00115978 0000007c t std::__facet_shims::(anonymous namespace)::messages_shim<wchar_t>::~messages_shim()
001159f4 00000088 t std::__facet_shims::(anonymous namespace)::money_get_shim<char>::~money_get_shim()
001159f4 00000088 t std::__facet_shims::(anonymous namespace)::money_get_shim<char>::~money_get_shim()
00115a7c 00000088 t std::__facet_shims::(anonymous namespace)::money_put_shim<char>::~money_put_shim()
00115a7c 00000088 t std::__facet_shims::(anonymous namespace)::money_put_shim<char>::~money_put_shim()
00115b04 00000088 t std::__facet_shims::(anonymous namespace)::money_get_shim<wchar_t>::~money_get_shim()
00115b04 00000088 t std::__facet_shims::(anonymous namespace)::money_get_shim<wchar_t>::~money_get_shim()
00115b8c 00000088 t std::__facet_shims::(anonymous namespace)::money_put_shim<wchar_t>::~money_put_shim()
00115b8c 00000088 t std::__facet_shims::(anonymous namespace)::money_put_shim<wchar_t>::~money_put_shim()
00115c14 00000088 t std::__facet_shims::(anonymous namespace)::time_get_shim<char>::~time_get_shim()
00115c14 00000088 t std::__facet_shims::(anonymous namespace)::time_get_shim<char>::~time_get_shim()
00115c9c 00000088 t std::__facet_shims::(anonymous namespace)::time_get_shim<wchar_t>::~time_get_shim()
00115c9c 00000088 t std::__facet_shims::(anonymous namespace)::time_get_shim<wchar_t>::~time_get_shim()
00115d24 00000084 t std::__facet_shims::(anonymous namespace)::messages_shim<char>::~messages_shim()
00115da8 00000084 t std::__facet_shims::(anonymous namespace)::messages_shim<wchar_t>::~messages_shim()
00115e2c 00000088 t std::__facet_shims::(anonymous namespace)::numpunct_shim<char>::~numpunct_shim()
00115e2c 00000088 t std::__facet_shims::(anonymous namespace)::numpunct_shim<char>::~numpunct_shim()
00115eb4 00000088 t std::__facet_shims::(anonymous namespace)::numpunct_shim<wchar_t>::~numpunct_shim()
00115eb4 00000088 t std::__facet_shims::(anonymous namespace)::numpunct_shim<wchar_t>::~numpunct_shim()
00115f3c 00000090 t std::__facet_shims::(anonymous namespace)::money_get_shim<char>::~money_get_shim()
00115fcc 00000090 t std::__facet_shims::(anonymous namespace)::money_put_shim<char>::~money_put_shim()
0011605c 00000090 t std::__facet_shims::(anonymous namespace)::money_get_shim<wchar_t>::~money_get_shim()
001160ec 00000090 t std::__facet_shims::(anonymous namespace)::money_put_shim<wchar_t>::~money_put_shim()
0011617c 00000090 t std::__facet_shims::(anonymous namespace)::time_get_shim<char>::~time_get_shim()
0011620c 00000090 t std::__facet_shims::(anonymous namespace)::time_get_shim<wchar_t>::~time_get_shim()
0011629c 00000090 t std::__facet_shims::(anonymous namespace)::collate_shim<char>::~collate_shim()
0011629c 00000090 t std::__facet_shims::(anonymous namespace)::collate_shim<char>::~collate_shim()
0011632c 00000090 t std::__facet_shims::(anonymous namespace)::collate_shim<wchar_t>::~collate_shim()
0011632c 00000090 t std::__facet_shims::(anonymous namespace)::collate_shim<wchar_t>::~collate_shim()
001163bc 00000090 t std::__facet_shims::(anonymous namespace)::numpunct_shim<char>::~numpunct_shim()
0011644c 00000090 t std::__facet_shims::(anonymous namespace)::numpunct_shim<wchar_t>::~numpunct_shim()
001164dc 00000098 t std::__facet_shims::(anonymous namespace)::collate_shim<char>::~collate_shim()
00116574 00000098 t std::__facet_shims::(anonymous namespace)::collate_shim<wchar_t>::~collate_shim()
0011660c 00000094 t std::__facet_shims::(anonymous namespace)::moneypunct_shim<char, true>::~moneypunct_shim()
0011660c 00000094 t std::__facet_shims::(anonymous namespace)::moneypunct_shim<char, true>::~moneypunct_shim()
001166a0 00000094 t std::__facet_shims::(anonymous namespace)::moneypunct_shim<char, false>::~moneypunct_shim()
001166a0 00000094 t std::__facet_shims::(anonymous namespace)::moneypunct_shim<char, false>::~moneypunct_shim()
00116734 00000094 t std::__facet_shims::(anonymous namespace)::moneypunct_shim<wchar_t, true>::~moneypunct_shim()
00116734 00000094 t std::__facet_shims::(anonymous namespace)::moneypunct_shim<wchar_t, true>::~moneypunct_shim()
001167c8 00000094 t std::__facet_shims::(anonymous namespace)::moneypunct_shim<wchar_t, false>::~moneypunct_shim()
001167c8 00000094 t std::__facet_shims::(anonymous namespace)::moneypunct_shim<wchar_t, false>::~moneypunct_shim()
0011685c 0000009c t std::__facet_shims::(anonymous namespace)::moneypunct_shim<char, true>::~moneypunct_shim()
001168f8 0000009c t std::__facet_shims::(anonymous namespace)::moneypunct_shim<char, false>::~moneypunct_shim()
00116994 0000009c t std::__facet_shims::(anonymous namespace)::moneypunct_shim<wchar_t, true>::~moneypunct_shim()
00116a30 0000009c t std::__facet_shims::(anonymous namespace)::moneypunct_shim<wchar_t, false>::~moneypunct_shim()
00116acc 00000268 t std::__facet_shims::(anonymous namespace)::money_get_shim<char>::do_get(std::istreambuf_iterator<char, std::char_traits<char> >, std::istreambuf_iterator<char, std::char_traits<char> >, bool, std::ios_base&, std::_Ios_Iostate&, std::__cxx11::basic_string<char, std::char_traits<char>, std::allocator<char> >&) const
00116d34 00000180 W void std::__facet_shims::__numpunct_fill_cache<char>(std::integral_constant<bool, true>, std::locale::facet const*, std::__numpunct_cache<char>*)
00116eb4 000001a8 W void std::__facet_shims::__numpunct_fill_cache<wchar_t>(std::integral_constant<bool, true>, std::locale::facet const*, std::__numpunct_cache<wchar_t>*)
0011705c 0000002c W int std::__facet_shims::__collate_compare<char>(std::integral_constant<bool, true>, std::locale::facet const*, char const*, char const*, char const*, char const*)
00117088 0000002c W int std::__facet_shims::__collate_compare<wchar_t>(std::integral_constant<bool, true>, std::locale::facet const*, wchar_t const*, wchar_t const*, wchar_t const*, wchar_t const*)
001170b4 00000080 W void std::__facet_shims::__collate_transform<char>(std::integral_constant<bool, true>, std::locale::facet const*, std::__facet_shims::__any_string&, char const*, char const*)
00117134 00000080 W void std::__facet_shims::__collate_transform<wchar_t>(std::integral_constant<bool, true>, std::locale::facet const*, std::__facet_shims::__any_string&, wchar_t const*, wchar_t const*)
001171b4 00000234 W void std::__facet_shims::__moneypunct_fill_cache<char, true>(std::integral_constant<bool, true>, std::locale::facet const*, std::__moneypunct_cache<char, true>*)
001173e8 00000234 W void std::__facet_shims::__moneypunct_fill_cache<char, false>(std::integral_constant<bool, true>, std::locale::facet const*, std::__moneypunct_cache<char, false>*)
0011761c 0000026c W void std::__facet_shims::__moneypunct_fill_cache<wchar_t, true>(std::integral_constant<bool, true>, std::locale::facet const*, std::__moneypunct_cache<wchar_t, true>*)
00117888 0000026c W void std::__facet_shims::__moneypunct_fill_cache<wchar_t, false>(std::integral_constant<bool, true>, std::locale::facet const*, std::__moneypunct_cache<wchar_t, false>*)
00117af4 00000090 W int std::__facet_shims::__messages_open<char>(std::integral_constant<bool, true>, std::locale::facet const*, char const*, unsigned int, std::locale const&)
00117b84 00000090 W int std::__facet_shims::__messages_open<wchar_t>(std::integral_constant<bool, true>, std::locale::facet const*, char const*, unsigned int, std::locale const&)
00117c14 000000fc W void std::__facet_shims::__messages_get<char>(std::integral_constant<bool, true>, std::locale::facet const*, std::__facet_shims::__any_string&, int, int, int, char const*, unsigned int)
00117d10 000000fc W void std::__facet_shims::__messages_get<wchar_t>(std::integral_constant<bool, true>, std::locale::facet const*, std::__facet_shims::__any_string&, int, int, int, wchar_t const*, unsigned int)
00117e0c 00000014 W void std::__facet_shims::__messages_close<char>(std::integral_constant<bool, true>, std::locale::facet const*, int)
00117e20 00000014 W void std::__facet_shims::__messages_close<wchar_t>(std::integral_constant<bool, true>, std::locale::facet const*, int)
00117e34 00000010 W std::time_base::dateorder std::__facet_shims::__time_get_dateorder<char>(std::integral_constant<bool, true>, std::locale::facet const*)
00117e44 00000010 W std::time_base::dateorder std::__facet_shims::__time_get_dateorder<wchar_t>(std::integral_constant<bool, true>, std::locale::facet const*)
00117e54 0000013c W std::istreambuf_iterator<char, std::char_traits<char> > std::__facet_shims::__time_get<char>(std::integral_constant<bool, true>, std::locale::facet const*, std::istreambuf_iterator<char, std::char_traits<char> >, std::istreambuf_iterator<char, std::char_traits<char> >, std::ios_base&, std::_Ios_Iostate&, tm*, char)
00117f90 0000013c W std::istreambuf_iterator<wchar_t, std::char_traits<wchar_t> > std::__facet_shims::__time_get<wchar_t>(std::integral_constant<bool, true>, std::locale::facet const*, std::istreambuf_iterator<wchar_t, std::char_traits<wchar_t> >, std::istreambuf_iterator<wchar_t, std::char_traits<wchar_t> >, std::ios_base&, std::_Ios_Iostate&, tm*, char)
001180cc 00000160 W std::istreambuf_iterator<char, std::char_traits<char> > std::__facet_shims::__money_get<char>(std::integral_constant<bool, true>, std::locale::facet const*, std::istreambuf_iterator<char, std::char_traits<char> >, std::istreambuf_iterator<char, std::char_traits<char> >, bool, std::ios_base&, std::_Ios_Iostate&, long double*, std::__facet_shims::__any_string*)
0011822c 00000160 W std::istreambuf_iterator<wchar_t, std::char_traits<wchar_t> > std::__facet_shims::__money_get<wchar_t>(std::integral_constant<bool, true>, std::locale::facet const*, std::istreambuf_iterator<wchar_t, std::char_traits<wchar_t> >, std::istreambuf_iterator<wchar_t, std::char_traits<wchar_t> >, bool, std::ios_base&, std::_Ios_Iostate&, long double*, std::__facet_shims::__any_string*)
0011838c 000001a0 W std::ostreambuf_iterator<char, std::char_traits<char> > std::__facet_shims::__money_put<char>(std::integral_constant<bool, true>, std::locale::facet const*, std::ostreambuf_iterator<char, std::char_traits<char> >, bool, std::ios_base&, char, long double, std::__facet_shims::__any_string const*)
0011852c 00000124 W std::ostreambuf_iterator<wchar_t, std::char_traits<wchar_t> > std::__facet_shims::__money_put<wchar_t>(std::integral_constant<bool, true>, std::locale::facet const*, std::ostreambuf_iterator<wchar_t, std::char_traits<wchar_t> >, bool, std::ios_base&, wchar_t, long double, std::__facet_shims::__any_string const*)
00118650 00000b70 T std::locale::facet::_M_sso_shim(std::locale::id const*) const
001191c0 0000000c W std::__cxx11::moneypunct<wchar_t, false>::do_decimal_point() const
001191cc 0000000c W std::__cxx11::moneypunct<wchar_t, false>::do_thousands_sep() const
001191d8 0000000c W std::__cxx11::moneypunct<wchar_t, false>::do_frac_digits() const
001191e4 00000014 W std::__cxx11::moneypunct<wchar_t, false>::do_pos_format() const
001191f8 00000014 W std::__cxx11::moneypunct<wchar_t, false>::do_neg_format() const
0011920c 0000000c W std::__cxx11::moneypunct<wchar_t, true>::do_decimal_point() const
00119218 0000000c W std::__cxx11::moneypunct<wchar_t, true>::do_thousands_sep() const
00119224 0000000c W std::__cxx11::moneypunct<wchar_t, true>::do_frac_digits() const
00119230 00000014 W std::__cxx11::moneypunct<wchar_t, true>::do_pos_format() const
00119244 00000014 W std::__cxx11::moneypunct<wchar_t, true>::do_neg_format() const
00119258 0000000c W std::__cxx11::numpunct<wchar_t>::do_decimal_point() const
00119264 0000000c W std::__cxx11::numpunct<wchar_t>::do_thousands_sep() const
00119270 00000008 W std::__cxx11::time_get<wchar_t, std::istreambuf_iterator<wchar_t, std::char_traits<wchar_t> > >::do_date_order() const
00119278 00000008 W std::__cxx11::messages<wchar_t>::do_open(std::__cxx11::basic_string<char, std::char_traits<char>, std::allocator<char> > const&, std::locale const&) const
00119280 00000004 W std::__cxx11::messages<wchar_t>::do_close(int) const
00119284 00000020 W std::__cxx11::collate<wchar_t>::do_hash(wchar_t const*, wchar_t const*) const
001192a4 00000020 W std::__cxx11::money_get<wchar_t, std::istreambuf_iterator<wchar_t, std::char_traits<wchar_t> > >::~money_get()
001192a4 00000020 W std::__cxx11::money_get<wchar_t, std::istreambuf_iterator<wchar_t, std::char_traits<wchar_t> > >::~money_get()
001192c4 00000028 W std::__cxx11::money_get<wchar_t, std::istreambuf_iterator<wchar_t, std::char_traits<wchar_t> > >::~money_get()
001192ec 00000020 W std::__cxx11::money_put<wchar_t, std::ostreambuf_iterator<wchar_t, std::char_traits<wchar_t> > >::~money_put()
001192ec 00000020 W std::__cxx11::money_put<wchar_t, std::ostreambuf_iterator<wchar_t, std::char_traits<wchar_t> > >::~money_put()
0011930c 00000028 W std::__cxx11::money_put<wchar_t, std::ostreambuf_iterator<wchar_t, std::char_traits<wchar_t> > >::~money_put()
00119334 00000020 W std::__cxx11::time_get<wchar_t, std::istreambuf_iterator<wchar_t, std::char_traits<wchar_t> > >::~time_get()
00119334 00000020 W std::__cxx11::time_get<wchar_t, std::istreambuf_iterator<wchar_t, std::char_traits<wchar_t> > >::~time_get()
00119354 00000028 W std::__cxx11::time_get<wchar_t, std::istreambuf_iterator<wchar_t, std::char_traits<wchar_t> > >::~time_get()
0011937c 00000028 W std::__cxx11::messages<wchar_t>::~messages()
0011937c 00000028 W std::__cxx11::messages<wchar_t>::~messages()
001193a4 0000001c W std::__cxx11::messages<wchar_t>::~messages()
001193c0 00000028 W std::__cxx11::collate<wchar_t>::~collate()
001193c0 00000028 W std::__cxx11::collate<wchar_t>::~collate()
001193e8 00000098 t void std::__cxx11::basic_string<wchar_t, std::char_traits<wchar_t>, std::allocator<wchar_t> >::_M_construct<wchar_t const*>(wchar_t const*, wchar_t const*, std::forward_iterator_tag) [clone .isra.0]
00119480 00000030 W std::__cxx11::collate<wchar_t>::~collate()
001194b0 000000c0 W std::__cxx11::moneypunct<wchar_t, false>::do_grouping() const
00119570 000000c0 W std::__cxx11::moneypunct<wchar_t, true>::do_grouping() const
00119630 000000c0 W std::__cxx11::numpunct<wchar_t>::do_grouping() const
001196f0 00000058 W std::__cxx11::moneypunct<wchar_t, false>::do_curr_symbol() const
00119748 00000058 W std::__cxx11::moneypunct<wchar_t, false>::do_positive_sign() const
001197a0 00000058 W std::__cxx11::moneypunct<wchar_t, false>::do_negative_sign() const
001197f8 00000058 W std::__cxx11::moneypunct<wchar_t, true>::do_curr_symbol() const
00119850 00000058 W std::__cxx11::moneypunct<wchar_t, true>::do_positive_sign() const
001198a8 00000058 W std::__cxx11::moneypunct<wchar_t, true>::do_negative_sign() const
00119900 00000058 W std::__cxx11::numpunct<wchar_t>::do_truename() const
00119958 00000058 W std::__cxx11::numpunct<wchar_t>::do_falsename() const
001199b0 000000f8 W std::__cxx11::collate<wchar_t>::do_compare(wchar_t const*, wchar_t const*, wchar_t const*, wchar_t const*) const
00119aa8 000002d8 W std::__cxx11::collate<wchar_t>::do_transform(wchar_t const*, wchar_t const*) const
00119d80 000000d4 W std::__convert_from_v(int* const&, char*, int, char const*, ...)
00119e54 000012b4 W std::istreambuf_iterator<wchar_t, std::char_traits<wchar_t> > std::__cxx11::money_get<wchar_t, std::istreambuf_iterator<wchar_t, std::char_traits<wchar_t> > >::_M_extract<true>(std::istreambuf_iterator<wchar_t, std::char_traits<wchar_t> >, std::istreambuf_iterator<wchar_t, std::char_traits<wchar_t> >, std::ios_base&, std::_Ios_Iostate&, std::__cxx11::basic_string<char, std::char_traits<char>, std::allocator<char> >&) const
0011b108 000012b4 W std::istreambuf_iterator<wchar_t, std::char_traits<wchar_t> > std::__cxx11::money_get<wchar_t, std::istreambuf_iterator<wchar_t, std::char_traits<wchar_t> > >::_M_extract<false>(std::istreambuf_iterator<wchar_t, std::char_traits<wchar_t> >, std::istreambuf_iterator<wchar_t, std::char_traits<wchar_t> >, std::ios_base&, std::_Ios_Iostate&, std::__cxx11::basic_string<char, std::char_traits<char>, std::allocator<char> >&) const
0011c3bc 000000cc W std::__cxx11::money_get<wchar_t, std::istreambuf_iterator<wchar_t, std::char_traits<wchar_t> > >::do_get(std::istreambuf_iterator<wchar_t, std::char_traits<wchar_t> >, std::istreambuf_iterator<wchar_t, std::char_traits<wchar_t> >, bool, std::ios_base&, std::_Ios_Iostate&, long double&) const
0011c488 0000013c W std::__cxx11::money_get<wchar_t, std::istreambuf_iterator<wchar_t, std::char_traits<wchar_t> > >::do_get(std::istreambuf_iterator<wchar_t, std::char_traits<wchar_t> >, std::istreambuf_iterator<wchar_t, std::char_traits<wchar_t> >, bool, std::ios_base&, std::_Ios_Iostate&, std::__cxx11::basic_string<wchar_t, std::char_traits<wchar_t>, std::allocator<wchar_t> >&) const
0011c5c4 00000740 W std::ostreambuf_iterator<wchar_t, std::char_traits<wchar_t> > std::__cxx11::money_put<wchar_t, std::ostreambuf_iterator<wchar_t, std::char_traits<wchar_t> > >::_M_insert<true>(std::ostreambuf_iterator<wchar_t, std::char_traits<wchar_t> >, std::ios_base&, wchar_t, std::__cxx11::basic_string<wchar_t, std::char_traits<wchar_t>, std::allocator<wchar_t> > const&) const
0011cd04 00000740 W std::ostreambuf_iterator<wchar_t, std::char_traits<wchar_t> > std::__cxx11::money_put<wchar_t, std::ostreambuf_iterator<wchar_t, std::char_traits<wchar_t> > >::_M_insert<false>(std::ostreambuf_iterator<wchar_t, std::char_traits<wchar_t> >, std::ios_base&, wchar_t, std::__cxx11::basic_string<wchar_t, std::char_traits<wchar_t>, std::allocator<wchar_t> > const&) const
0011d444 00000188 W std::__cxx11::money_put<wchar_t, std::ostreambuf_iterator<wchar_t, std::char_traits<wchar_t> > >::do_put(std::ostreambuf_iterator<wchar_t, std::char_traits<wchar_t> >, bool, std::ios_base&, wchar_t, long double) const
0011d5cc 00000054 W std::__cxx11::money_put<wchar_t, std::ostreambuf_iterator<wchar_t, std::char_traits<wchar_t> > >::do_put(std::ostreambuf_iterator<wchar_t, std::char_traits<wchar_t> >, bool, std::ios_base&, wchar_t, std::__cxx11::basic_string<wchar_t, std::char_traits<wchar_t>, std::allocator<wchar_t> > const&) const
0011d620 00000280 W std::__cxx11::time_get<wchar_t, std::istreambuf_iterator<wchar_t, std::char_traits<wchar_t> > >::_M_extract_num(std::istreambuf_iterator<wchar_t, std::char_traits<wchar_t> >, std::istreambuf_iterator<wchar_t, std::char_traits<wchar_t> >, int&, int, int, unsigned int, std::ios_base&, std::_Ios_Iostate&) const
0011d8a0 0000066c W std::__cxx11::time_get<wchar_t, std::istreambuf_iterator<wchar_t, std::char_traits<wchar_t> > >::do_get_year(std::istreambuf_iterator<wchar_t, std::char_traits<wchar_t> >, std::istreambuf_iterator<wchar_t, std::char_traits<wchar_t> >, std::ios_base&, std::_Ios_Iostate&, tm*) const
0011df0c 00000db8 W std::__cxx11::time_get<wchar_t, std::istreambuf_iterator<wchar_t, std::char_traits<wchar_t> > >::_M_extract_name(std::istreambuf_iterator<wchar_t, std::char_traits<wchar_t> >, std::istreambuf_iterator<wchar_t, std::char_traits<wchar_t> >, int&, wchar_t const**, unsigned int, std::ios_base&, std::_Ios_Iostate&) const
0011ecc4 00000608 W std::__cxx11::time_get<wchar_t, std::istreambuf_iterator<wchar_t, std::char_traits<wchar_t> > >::_M_extract_wday_or_month(std::istreambuf_iterator<wchar_t, std::char_traits<wchar_t> >, std::istreambuf_iterator<wchar_t, std::char_traits<wchar_t> >, int&, wchar_t const**, unsigned int, std::ios_base&, std::_Ios_Iostate&) const
0011f2cc 00000250 W std::__cxx11::time_get<wchar_t, std::istreambuf_iterator<wchar_t, std::char_traits<wchar_t> > >::do_get_weekday(std::istreambuf_iterator<wchar_t, std::char_traits<wchar_t> >, std::istreambuf_iterator<wchar_t, std::char_traits<wchar_t> >, std::ios_base&, std::_Ios_Iostate&, tm*) const
0011f51c 000002c8 W std::__cxx11::time_get<wchar_t, std::istreambuf_iterator<wchar_t, std::char_traits<wchar_t> > >::do_get_monthname(std::istreambuf_iterator<wchar_t, std::char_traits<wchar_t> >, std::istreambuf_iterator<wchar_t, std::char_traits<wchar_t> >, std::ios_base&, std::_Ios_Iostate&, tm*) const
0011f7e4 0000003c W std::__cxx11::messages<wchar_t>::messages(unsigned int)
0011f7e4 0000003c W std::__cxx11::messages<wchar_t>::messages(unsigned int)
0011f820 0000007c W std::istreambuf_iterator<wchar_t, std::char_traits<wchar_t> >::_M_get() const
0011f89c 00001e40 W std::__cxx11::time_get<wchar_t, std::istreambuf_iterator<wchar_t, std::char_traits<wchar_t> > >::_M_extract_via_format(std::istreambuf_iterator<wchar_t, std::char_traits<wchar_t> >, std::istreambuf_iterator<wchar_t, std::char_traits<wchar_t> >, std::ios_base&, std::_Ios_Iostate&, tm*, wchar_t const*, std::__time_get_state&) const
0011f89c 00001e40 t std::__cxx11::time_get<wchar_t, std::istreambuf_iterator<wchar_t, std::char_traits<wchar_t> > >::_M_extract_via_format(std::istreambuf_iterator<wchar_t, std::char_traits<wchar_t> >, std::istreambuf_iterator<wchar_t, std::char_traits<wchar_t> >, std::ios_base&, std::_Ios_Iostate&, tm*, wchar_t const*, std::__time_get_state&) const [clone .localalias]
001216dc 000001c8 W std::__cxx11::time_get<wchar_t, std::istreambuf_iterator<wchar_t, std::char_traits<wchar_t> > >::do_get_time(std::istreambuf_iterator<wchar_t, std::char_traits<wchar_t> >, std::istreambuf_iterator<wchar_t, std::char_traits<wchar_t> >, std::ios_base&, std::_Ios_Iostate&, tm*) const
001218a4 000001c8 W std::__cxx11::time_get<wchar_t, std::istreambuf_iterator<wchar_t, std::char_traits<wchar_t> > >::do_get_date(std::istreambuf_iterator<wchar_t, std::char_traits<wchar_t> >, std::istreambuf_iterator<wchar_t, std::char_traits<wchar_t> >, std::ios_base&, std::_Ios_Iostate&, tm*) const
00121a6c 000001c8 W std::__cxx11::time_get<wchar_t, std::istreambuf_iterator<wchar_t, std::char_traits<wchar_t> > >::do_get(std::istreambuf_iterator<wchar_t, std::char_traits<wchar_t> >, std::istreambuf_iterator<wchar_t, std::char_traits<wchar_t> >, std::ios_base&, std::_Ios_Iostate&, tm*, char, char) const
00121c34 000000a4 t _GLOBAL__sub_I__ZNSt12ctype_bynameIwEC2ERKNSt7__cxx1112basic_stringIcSt11char_traitsIcESaIcEEEj
00121cd8 00000020 W __gnu_cxx::stdio_sync_filebuf<char, std::char_traits<char> >::~stdio_sync_filebuf()
00121cd8 00000020 W __gnu_cxx::stdio_sync_filebuf<char, std::char_traits<char> >::~stdio_sync_filebuf()
00121cf8 00000028 W __gnu_cxx::stdio_sync_filebuf<char, std::char_traits<char> >::~stdio_sync_filebuf()
00121d20 00000020 W __gnu_cxx::stdio_sync_filebuf<wchar_t, std::char_traits<wchar_t> >::~stdio_sync_filebuf()
00121d20 00000020 W __gnu_cxx::stdio_sync_filebuf<wchar_t, std::char_traits<wchar_t> >::~stdio_sync_filebuf()
00121d40 00000028 W __gnu_cxx::stdio_sync_filebuf<wchar_t, std::char_traits<wchar_t> >::~stdio_sync_filebuf()
00121d68 00000018 W __gnu_cxx::stdio_sync_filebuf<char, std::char_traits<char> >::uflow()
00121d80 0000001c W __gnu_cxx::stdio_sync_filebuf<char, std::char_traits<char> >::underflow()
00121d9c 00000038 W __gnu_cxx::stdio_sync_filebuf<char, std::char_traits<char> >::pbackfail(int)
00121dd4 00000008 W __gnu_cxx::stdio_sync_filebuf<char, std::char_traits<char> >::sync()
00121ddc 00000008 W __gnu_cxx::stdio_sync_filebuf<wchar_t, std::char_traits<wchar_t> >::sync()
00121de8 00000078 W __gnu_cxx::stdio_sync_filebuf<char, std::char_traits<char> >::seekoff(long long, std::_Ios_Seekdir, std::_Ios_Openmode)
00121e60 00000078 W __gnu_cxx::stdio_sync_filebuf<wchar_t, std::char_traits<wchar_t> >::seekoff(long long, std::_Ios_Seekdir, std::_Ios_Openmode)
00121ed8 00000018 W __gnu_cxx::stdio_sync_filebuf<wchar_t, std::char_traits<wchar_t> >::uflow()
00121ef0 00000068 W __gnu_cxx::stdio_sync_filebuf<wchar_t, std::char_traits<wchar_t> >::xsgetn(wchar_t*, int)
00121f58 0000001c W __gnu_cxx::stdio_sync_filebuf<wchar_t, std::char_traits<wchar_t> >::underflow()
00121f74 00000048 W __gnu_cxx::stdio_sync_filebuf<wchar_t, std::char_traits<wchar_t> >::pbackfail(unsigned int)
00121fbc 0000004c W __gnu_cxx::stdio_sync_filebuf<wchar_t, std::char_traits<wchar_t> >::xsputn(wchar_t const*, int)
00122008 00000014 W __gnu_cxx::stdio_sync_filebuf<char, std::char_traits<char> >::xsputn(char const*, int)
0012201c 00000034 W __gnu_cxx::stdio_sync_filebuf<char, std::char_traits<char> >::xsgetn(char*, int)
00122050 00000034 W __gnu_cxx::stdio_sync_filebuf<wchar_t, std::char_traits<wchar_t> >::overflow(unsigned int)
00122084 00000034 W __gnu_cxx::stdio_sync_filebuf<char, std::char_traits<char> >::overflow(int)
001220b8 000000ac W __gnu_cxx::stdio_sync_filebuf<wchar_t, std::char_traits<wchar_t> >::seekpos(std::fpos<_mbstate_t>, std::_Ios_Openmode)
00122168 000000ac W __gnu_cxx::stdio_sync_filebuf<char, std::char_traits<char> >::seekpos(std::fpos<_mbstate_t>, std::_Ios_Openmode)
00122214 0000002c T std::__throw_bad_cast()
00122240 00000040 T std::__throw_logic_error(char const*)
00122280 00000040 T std::__throw_length_error(char const*)
001222c0 00000040 T std::__throw_out_of_range(char const*)
00122300 00000010 T std::__throw_out_of_range_fmt(char const*, ...)
00122310 00000040 T std::__throw_runtime_error(char const*)
00122350 00000020 W std::basic_ios<char, std::char_traits<char> >::~basic_ios()
00122350 00000020 W std::basic_ios<char, std::char_traits<char> >::~basic_ios()
00122370 00000020 W std::basic_ios<wchar_t, std::char_traits<wchar_t> >::~basic_ios()
00122370 00000020 W std::basic_ios<wchar_t, std::char_traits<wchar_t> >::~basic_ios()
00122390 00000028 W std::basic_ios<char, std::char_traits<char> >::~basic_ios()
001223b8 00000028 W std::basic_ios<wchar_t, std::char_traits<wchar_t> >::~basic_ios()
001223e0 0000002c W std::basic_ios<char, std::char_traits<char> >::clear(std::_Ios_Iostate)
0012240c 0000001c W std::basic_ios<char, std::char_traits<char> >::_M_setstate(std::_Ios_Iostate)
00122428 0000006c W std::basic_ios<char, std::char_traits<char> >::_M_cache_locale(std::locale const&)
00122494 000000a0 W std::basic_ios<char, std::char_traits<char> >::init(std::basic_streambuf<char, std::char_traits<char> >*)
00122534 0000002c W std::basic_ios<wchar_t, std::char_traits<wchar_t> >::clear(std::_Ios_Iostate)
00122560 0000001c W std::basic_ios<wchar_t, std::char_traits<wchar_t> >::_M_setstate(std::_Ios_Iostate)
0012257c 0000006c W std::basic_ios<wchar_t, std::char_traits<wchar_t> >::_M_cache_locale(std::locale const&)
001225e8 00000068 W std::basic_ios<wchar_t, std::char_traits<wchar_t> >::init(std::basic_streambuf<wchar_t, std::char_traits<wchar_t> >*)
00122650 00000070 T std::ios_base::ios_base()
00122650 00000070 T std::ios_base::ios_base()
001226c0 00000058 T std::ios_base::_M_call_callbacks(std::ios_base::event)
00122718 000000c8 T std::ios_base::~ios_base()
00122718 000000c8 T std::ios_base::~ios_base()
001227e0 0000001c T std::ios_base::~ios_base()
001227fc 00000030 W std::basic_istream<char, std::char_traits<char> >::~basic_istream()
0012282c 00000040 W virtual thunk to std::basic_istream<char, std::char_traits<char> >::~basic_istream()
0012286c 00000038 W std::basic_istream<char, std::char_traits<char> >::~basic_istream()
001228a4 00000048 W virtual thunk to std::basic_istream<char, std::char_traits<char> >::~basic_istream()
001228ec 00000030 W std::basic_istream<wchar_t, std::char_traits<wchar_t> >::~basic_istream()
0012291c 00000040 W virtual thunk to std::basic_istream<wchar_t, std::char_traits<wchar_t> >::~basic_istream()
0012295c 00000038 W std::basic_istream<wchar_t, std::char_traits<wchar_t> >::~basic_istream()
00122994 00000048 W virtual thunk to std::basic_istream<wchar_t, std::char_traits<wchar_t> >::~basic_istream()
001229dc 0000000c W std::moneypunct<char, false>::do_decimal_point() const
001229e8 0000000c W std::moneypunct<char, false>::do_thousands_sep() const
001229f4 0000000c W std::moneypunct<char, false>::do_frac_digits() const
00122a00 00000014 W std::moneypunct<char, false>::do_pos_format() const
00122a14 00000014 W std::moneypunct<char, false>::do_neg_format() const
00122a28 0000000c W std::moneypunct<char, true>::do_decimal_point() const
00122a34 0000000c W std::moneypunct<char, true>::do_thousands_sep() const
00122a40 0000000c W std::moneypunct<char, true>::do_frac_digits() const
00122a4c 00000014 W std::moneypunct<char, true>::do_pos_format() const
00122a60 00000014 W std::moneypunct<char, true>::do_neg_format() const
00122a74 0000000c W std::numpunct<char>::do_decimal_point() const
00122a80 0000000c W std::numpunct<char>::do_thousands_sep() const
00122a8c 00000008 W std::time_get<char, std::istreambuf_iterator<char, std::char_traits<char> > >::do_date_order() const
00122a94 00000008 W std::messages<char>::do_open(std::string const&, std::locale const&) const
00122a9c 00000004 W std::messages<char>::do_close(int) const
00122aa0 00000020 W std::collate<char>::do_hash(char const*, char const*) const
00122ac0 00000020 W std::num_get<char, std::istreambuf_iterator<char, std::char_traits<char> > >::~num_get()
00122ac0 00000020 W std::num_get<char, std::istreambuf_iterator<char, std::char_traits<char> > >::~num_get()
00122ae0 00000020 W std::num_put<char, std::ostreambuf_iterator<char, std::char_traits<char> > >::~num_put()
00122ae0 00000020 W std::num_put<char, std::ostreambuf_iterator<char, std::char_traits<char> > >::~num_put()
00122b00 00000020 W std::money_get<char, std::istreambuf_iterator<char, std::char_traits<char> > >::~money_get()
00122b00 00000020 W std::money_get<char, std::istreambuf_iterator<char, std::char_traits<char> > >::~money_get()
00122b20 00000020 W std::money_put<char, std::ostreambuf_iterator<char, std::char_traits<char> > >::~money_put()
00122b20 00000020 W std::money_put<char, std::ostreambuf_iterator<char, std::char_traits<char> > >::~money_put()
00122b40 00000020 W std::__timepunct_cache<char>::~__timepunct_cache()
00122b40 00000020 W std::__timepunct_cache<char>::~__timepunct_cache()
00122b60 00000020 W std::time_put<char, std::ostreambuf_iterator<char, std::char_traits<char> > >::~time_put()
00122b60 00000020 W std::time_put<char, std::ostreambuf_iterator<char, std::char_traits<char> > >::~time_put()
00122b80 00000020 W std::time_get<char, std::istreambuf_iterator<char, std::char_traits<char> > >::~time_get()
00122b80 00000020 W std::time_get<char, std::istreambuf_iterator<char, std::char_traits<char> > >::~time_get()
00122ba0 00000028 W std::num_get<char, std::istreambuf_iterator<char, std::char_traits<char> > >::~num_get()
00122bc8 00000028 W std::num_put<char, std::ostreambuf_iterator<char, std::char_traits<char> > >::~num_put()
00122bf0 00000028 W std::money_get<char, std::istreambuf_iterator<char, std::char_traits<char> > >::~money_get()
00122c18 00000028 W std::money_put<char, std::ostreambuf_iterator<char, std::char_traits<char> > >::~money_put()
00122c40 0000001c W std::__timepunct_cache<char>::~__timepunct_cache()
00122c5c 00000028 W std::time_put<char, std::ostreambuf_iterator<char, std::char_traits<char> > >::~time_put()
00122c84 00000028 W std::time_get<char, std::istreambuf_iterator<char, std::char_traits<char> > >::~time_get()
00122cac 00000070 W std::__moneypunct_cache<char, false>::~__moneypunct_cache()
00122cac 00000070 W std::__moneypunct_cache<char, false>::~__moneypunct_cache()
00122d1c 0000001c W std::__moneypunct_cache<char, false>::~__moneypunct_cache()
00122d38 00000070 W std::__moneypunct_cache<char, true>::~__moneypunct_cache()
00122d38 00000070 W std::__moneypunct_cache<char, true>::~__moneypunct_cache()
00122da8 0000001c W std::__moneypunct_cache<char, true>::~__moneypunct_cache()
00122dc4 00000060 W std::__numpunct_cache<char>::~__numpunct_cache()
00122dc4 00000060 W std::__numpunct_cache<char>::~__numpunct_cache()
00122e24 0000001c W std::__numpunct_cache<char>::~__numpunct_cache()
00122e40 00000028 W std::messages<char>::~messages()
00122e40 00000028 W std::messages<char>::~messages()
00122e68 0000001c W std::messages<char>::~messages()
00122e84 00000028 W std::collate<char>::~collate()
00122e84 00000028 W std::collate<char>::~collate()
00122eac 00000060 W std::__timepunct<char>::~__timepunct()
00122eac 00000060 W std::__timepunct<char>::~__timepunct()
00122f0c 0000001c W std::__timepunct<char>::~__timepunct()
00122f28 00000028 t std::basic_streambuf<char, std::char_traits<char> >::sbumpc() [clone .isra.0]
00122f50 0000004c t std::ctype<char>::widen(char) const [clone .part.0]
00122f9c 0000009c t std::ctype<char>::widen(char const*, char const*, char*) const [clone .isra.0]
00123038 000000b0 t char* std::string::_S_construct<char const*>(char const*, char const*, std::allocator<char> const&, std::forward_iterator_tag) [clone .isra.0]
001230e8 00000030 W std::collate<char>::~collate()
00123118 00000078 t std::basic_string<char, std::char_traits<char>, std::allocator<char> >::~basic_string() [clone .isra.0]
00123190 00000160 W std::time_put<char, std::ostreambuf_iterator<char, std::char_traits<char> > >::do_put(std::ostreambuf_iterator<char, std::char_traits<char> >, std::ios_base&, char, tm const*, char, char) const
001232f0 000000c8 W std::moneypunct<char, false>::do_grouping() const
001233b8 000000c8 W std::moneypunct<char, false>::do_curr_symbol() const
00123480 000000c8 W std::moneypunct<char, false>::do_positive_sign() const
00123548 000000c8 W std::moneypunct<char, false>::do_negative_sign() const
00123610 000000c8 W std::moneypunct<char, true>::do_grouping() const
001236d8 000000c8 W std::moneypunct<char, true>::do_curr_symbol() const
001237a0 000000c8 W std::moneypunct<char, true>::do_positive_sign() const
00123868 000000c8 W std::moneypunct<char, true>::do_negative_sign() const
00123930 000000c8 W std::numpunct<char>::do_grouping() const
001239f8 000000c8 W std::numpunct<char>::do_truename() const
00123ac0 000000c8 W std::numpunct<char>::do_falsename() const
00123b88 000001a4 W std::collate<char>::do_compare(char const*, char const*, char const*, char const*) const
00123d2c 0000031c W std::collate<char>::do_transform(char const*, char const*) const
00124048 00000068 W std::ctype<char>::narrow(char, char) const
001240b0 00000648 W std::__moneypunct_cache<char, false>::_M_cache(std::locale const&)
001246f8 00000648 W std::__moneypunct_cache<char, true>::_M_cache(std::locale const&)
00124d40 000005e4 W std::__numpunct_cache<char>::_M_cache(std::locale const&)
00125324 000000b4 t std::__use_cache<std::__numpunct_cache<char> >::operator()(std::locale const&) const [clone .isra.0]
001253d8 00000050 W std::__timepunct<char>::__timepunct(std::__timepunct_cache<char>*, unsigned int)
001253d8 00000050 W std::__timepunct<char>::__timepunct(std::__timepunct_cache<char>*, unsigned int)
00125428 000002b0 W std::time_get<char, std::istreambuf_iterator<char, std::char_traits<char> > >::_M_extract_num(std::istreambuf_iterator<char, std::char_traits<char> >, std::istreambuf_iterator<char, std::char_traits<char> >, int&, int, int, unsigned int, std::ios_base&, std::_Ios_Iostate&) const
001256d8 0000003c W std::messages<char>::messages(unsigned int)
001256d8 0000003c W std::messages<char>::messages(unsigned int)
00125714 00000170 W char* std::__add_grouping<char>(char*, char, char const*, unsigned int, char const*, char const*)
00125884 000000ac W std::num_put<char, std::ostreambuf_iterator<char, std::char_traits<char> > >::_M_group_float(char const*, unsigned int, char, char const*, char*, char*, int&) const
00125930 00000050 W std::num_put<char, std::ostreambuf_iterator<char, std::char_traits<char> > >::_M_group_int(char const*, unsigned int, char, std::ios_base&, char*, char*, int&) const
00125980 00000570 W std::ostreambuf_iterator<char, std::char_traits<char> > std::money_put<char, std::ostreambuf_iterator<char, std::char_traits<char> > >::_M_insert<true>(std::ostreambuf_iterator<char, std::char_traits<char> >, std::ios_base&, char, std::string const&) const
00125ef0 00000570 W std::ostreambuf_iterator<char, std::char_traits<char> > std::money_put<char, std::ostreambuf_iterator<char, std::char_traits<char> > >::_M_insert<false>(std::ostreambuf_iterator<char, std::char_traits<char> >, std::ios_base&, char, std::string const&) const
00126460 0000025c W std::money_put<char, std::ostreambuf_iterator<char, std::char_traits<char> > >::do_put(std::ostreambuf_iterator<char, std::char_traits<char> >, bool, std::ios_base&, char, long double) const
001266bc 00000054 W std::money_put<char, std::ostreambuf_iterator<char, std::char_traits<char> > >::do_put(std::ostreambuf_iterator<char, std::char_traits<char> >, bool, std::ios_base&, char, std::string const&) const
00126710 00000308 W std::__pad<char, std::char_traits<char> >::_S_pad(std::ios_base&, char, char*, char const*, int, int)
00126a18 00000034 W std::num_put<char, std::ostreambuf_iterator<char, std::char_traits<char> > >::_M_pad(char, int, std::ios_base&, char*, char const*, int&) const
00126a4c 000003ec W std::ostreambuf_iterator<char, std::char_traits<char> > std::num_put<char, std::ostreambuf_iterator<char, std::char_traits<char> > >::_M_insert_float<double>(std::ostreambuf_iterator<char, std::char_traits<char> >, std::ios_base&, char, char, double) const
00126e38 0000003c W std::num_put<char, std::ostreambuf_iterator<char, std::char_traits<char> > >::do_put(std::ostreambuf_iterator<char, std::char_traits<char> >, std::ios_base&, char, double) const
00126e74 000003ec W std::ostreambuf_iterator<char, std::char_traits<char> > std::num_put<char, std::ostreambuf_iterator<char, std::char_traits<char> > >::_M_insert_float<long double>(std::ostreambuf_iterator<char, std::char_traits<char> >, std::ios_base&, char, char, long double) const
00127260 0000003c W std::num_put<char, std::ostreambuf_iterator<char, std::char_traits<char> > >::do_put(std::ostreambuf_iterator<char, std::char_traits<char> >, std::ios_base&, char, long double) const
0012729c 000000ac W int std::__int_to_char<char, unsigned long>(char*, unsigned long, char const*, std::_Ios_Fmtflags, bool)
00127348 0000023c W std::ostreambuf_iterator<char, std::char_traits<char> > std::num_put<char, std::ostreambuf_iterator<char, std::char_traits<char> > >::_M_insert_int<long>(std::ostreambuf_iterator<char, std::char_traits<char> >, std::ios_base&, char, long) const
00127584 0000003c W std::num_put<char, std::ostreambuf_iterator<char, std::char_traits<char> > >::do_put(std::ostreambuf_iterator<char, std::char_traits<char> >, std::ios_base&, char, long) const
001275c0 000001b0 W std::num_put<char, std::ostreambuf_iterator<char, std::char_traits<char> > >::do_put(std::ostreambuf_iterator<char, std::char_traits<char> >, std::ios_base&, char, bool) const
00127770 000001dc W std::ostreambuf_iterator<char, std::char_traits<char> > std::num_put<char, std::ostreambuf_iterator<char, std::char_traits<char> > >::_M_insert_int<unsigned long>(std::ostreambuf_iterator<char, std::char_traits<char> >, std::ios_base&, char, unsigned long) const
0012794c 0000003c W std::num_put<char, std::ostreambuf_iterator<char, std::char_traits<char> > >::do_put(std::ostreambuf_iterator<char, std::char_traits<char> >, std::ios_base&, char, unsigned long) const
00127988 0000006c W std::num_put<char, std::ostreambuf_iterator<char, std::char_traits<char> > >::do_put(std::ostreambuf_iterator<char, std::char_traits<char> >, std::ios_base&, char, void const*) const
001279f4 00000114 W int std::__int_to_char<char, unsigned long long>(char*, unsigned long long, char const*, std::_Ios_Fmtflags, bool)
00127b08 0000025c W std::ostreambuf_iterator<char, std::char_traits<char> > std::num_put<char, std::ostreambuf_iterator<char, std::char_traits<char> > >::_M_insert_int<long long>(std::ostreambuf_iterator<char, std::char_traits<char> >, std::ios_base&, char, long long) const
00127d64 0000003c W std::num_put<char, std::ostreambuf_iterator<char, std::char_traits<char> > >::do_put(std::ostreambuf_iterator<char, std::char_traits<char> >, std::ios_base&, char, long long) const
00127da0 000001fc W std::ostreambuf_iterator<char, std::char_traits<char> > std::num_put<char, std::ostreambuf_iterator<char, std::char_traits<char> > >::_M_insert_int<unsigned long long>(std::ostreambuf_iterator<char, std::char_traits<char> >, std::ios_base&, char, unsigned long long) const
00127f9c 0000003c W std::num_put<char, std::ostreambuf_iterator<char, std::char_traits<char> > >::do_put(std::ostreambuf_iterator<char, std::char_traits<char> >, std::ios_base&, char, unsigned long long) const
00127fd8 00000100 W std::istreambuf_iterator<char, std::char_traits<char> >::equal(std::istreambuf_iterator<char, std::char_traits<char> > const&) const
001280d8 00000068 W std::istreambuf_iterator<char, std::char_traits<char> >::_M_get() const
00128140 00000c14 W std::num_get<char, std::istreambuf_iterator<char, std::char_traits<char> > >::_M_extract_float(std::istreambuf_iterator<char, std::char_traits<char> >, std::istreambuf_iterator<char, std::char_traits<char> >, std::ios_base&, std::_Ios_Iostate&, std::string&) const
00128d54 000001e8 W std::num_get<char, std::istreambuf_iterator<char, std::char_traits<char> > >::do_get(std::istreambuf_iterator<char, std::char_traits<char> >, std::istreambuf_iterator<char, std::char_traits<char> >, std::ios_base&, std::_Ios_Iostate&, float&) const
00128f3c 000001e8 W std::num_get<char, std::istreambuf_iterator<char, std::char_traits<char> > >::do_get(std::istreambuf_iterator<char, std::char_traits<char> >, std::istreambuf_iterator<char, std::char_traits<char> >, std::ios_base&, std::_Ios_Iostate&, double&) const
00129124 000001e8 W std::num_get<char, std::istreambuf_iterator<char, std::char_traits<char> > >::do_get(std::istreambuf_iterator<char, std::char_traits<char> >, std::istreambuf_iterator<char, std::char_traits<char> >, std::ios_base&, std::_Ios_Iostate&, long double&) const
0012930c 000009ec W std::istreambuf_iterator<char, std::char_traits<char> > std::num_get<char, std::istreambuf_iterator<char, std::char_traits<char> > >::_M_extract_int<long>(std::istreambuf_iterator<char, std::char_traits<char> >, std::istreambuf_iterator<char, std::char_traits<char> >, std::ios_base&, std::_Ios_Iostate&, long&) const
00129cf8 000004f4 W std::num_get<char, std::istreambuf_iterator<char, std::char_traits<char> > >::do_get(std::istreambuf_iterator<char, std::char_traits<char> >, std::istreambuf_iterator<char, std::char_traits<char> >, std::ios_base&, std::_Ios_Iostate&, bool&) const
0012a1ec 00000048 W std::num_get<char, std::istreambuf_iterator<char, std::char_traits<char> > >::do_get(std::istreambuf_iterator<char, std::char_traits<char> >, std::istreambuf_iterator<char, std::char_traits<char> >, std::ios_base&, std::_Ios_Iostate&, long&) const
0012a234 00000a98 W std::istreambuf_iterator<char, std::char_traits<char> > std::num_get<char, std::istreambuf_iterator<char, std::char_traits<char> > >::_M_extract_int<unsigned short>(std::istreambuf_iterator<char, std::char_traits<char> >, std::istreambuf_iterator<char, std::char_traits<char> >, std::ios_base&, std::_Ios_Iostate&, unsigned short&) const
0012accc 00000048 W std::num_get<char, std::istreambuf_iterator<char, std::char_traits<char> > >::do_get(std::istreambuf_iterator<char, std::char_traits<char> >, std::istreambuf_iterator<char, std::char_traits<char> >, std::ios_base&, std::_Ios_Iostate&, unsigned short&) const
0012ad14 00000a60 W std::istreambuf_iterator<char, std::char_traits<char> > std::num_get<char, std::istreambuf_iterator<char, std::char_traits<char> > >::_M_extract_int<unsigned int>(std::istreambuf_iterator<char, std::char_traits<char> >, std::istreambuf_iterator<char, std::char_traits<char> >, std::ios_base&, std::_Ios_Iostate&, unsigned int&) const
0012b774 00000048 W std::num_get<char, std::istreambuf_iterator<char, std::char_traits<char> > >::do_get(std::istreambuf_iterator<char, std::char_traits<char> >, std::istreambuf_iterator<char, std::char_traits<char> >, std::ios_base&, std::_Ios_Iostate&, unsigned int&) const
0012b7bc 00000a04 W std::istreambuf_iterator<char, std::char_traits<char> > std::num_get<char, std::istreambuf_iterator<char, std::char_traits<char> > >::_M_extract_int<unsigned long>(std::istreambuf_iterator<char, std::char_traits<char> >, std::istreambuf_iterator<char, std::char_traits<char> >, std::ios_base&, std::_Ios_Iostate&, unsigned long&) const
0012c1c0 00000048 W std::num_get<char, std::istreambuf_iterator<char, std::char_traits<char> > >::do_get(std::istreambuf_iterator<char, std::char_traits<char> >, std::istreambuf_iterator<char, std::char_traits<char> >, std::ios_base&, std::_Ios_Iostate&, unsigned long&) const
0012c208 0000007c W std::num_get<char, std::istreambuf_iterator<char, std::char_traits<char> > >::do_get(std::istreambuf_iterator<char, std::char_traits<char> >, std::istreambuf_iterator<char, std::char_traits<char> >, std::ios_base&, std::_Ios_Iostate&, void*&) const
0012c284 00000a80 W std::istreambuf_iterator<char, std::char_traits<char> > std::num_get<char, std::istreambuf_iterator<char, std::char_traits<char> > >::_M_extract_int<long long>(std::istreambuf_iterator<char, std::char_traits<char> >, std::istreambuf_iterator<char, std::char_traits<char> >, std::ios_base&, std::_Ios_Iostate&, long long&) const
0012cd04 00000048 W std::num_get<char, std::istreambuf_iterator<char, std::char_traits<char> > >::do_get(std::istreambuf_iterator<char, std::char_traits<char> >, std::istreambuf_iterator<char, std::char_traits<char> >, std::ios_base&, std::_Ios_Iostate&, long long&) const
0012cd4c 00000ad4 W std::istreambuf_iterator<char, std::char_traits<char> > std::num_get<char, std::istreambuf_iterator<char, std::char_traits<char> > >::_M_extract_int<unsigned long long>(std::istreambuf_iterator<char, std::char_traits<char> >, std::istreambuf_iterator<char, std::char_traits<char> >, std::ios_base&, std::_Ios_Iostate&, unsigned long long&) const
0012d820 00000048 W std::num_get<char, std::istreambuf_iterator<char, std::char_traits<char> > >::do_get(std::istreambuf_iterator<char, std::char_traits<char> >, std::istreambuf_iterator<char, std::char_traits<char> >, std::ios_base&, std::_Ios_Iostate&, unsigned long long&) const
0012d868 000002c4 W std::time_get<char, std::istreambuf_iterator<char, std::char_traits<char> > >::do_get_year(std::istreambuf_iterator<char, std::char_traits<char> >, std::istreambuf_iterator<char, std::char_traits<char> >, std::ios_base&, std::_Ios_Iostate&, tm*) const
0012db2c 00000a7c W std::time_get<char, std::istreambuf_iterator<char, std::char_traits<char> > >::_M_extract_name(std::istreambuf_iterator<char, std::char_traits<char> >, std::istreambuf_iterator<char, std::char_traits<char> >, int&, char const**, unsigned int, std::ios_base&, std::_Ios_Iostate&) const
0012e5a8 0000040c W std::time_get<char, std::istreambuf_iterator<char, std::char_traits<char> > >::_M_extract_wday_or_month(std::istreambuf_iterator<char, std::char_traits<char> >, std::istreambuf_iterator<char, std::char_traits<char> >, int&, char const**, unsigned int, std::ios_base&, std::_Ios_Iostate&) const
0012e9b4 00000244 W std::time_get<char, std::istreambuf_iterator<char, std::char_traits<char> > >::do_get_weekday(std::istreambuf_iterator<char, std::char_traits<char> >, std::istreambuf_iterator<char, std::char_traits<char> >, std::ios_base&, std::_Ios_Iostate&, tm*) const
0012ebf8 000002b4 W std::time_get<char, std::istreambuf_iterator<char, std::char_traits<char> > >::do_get_monthname(std::istreambuf_iterator<char, std::char_traits<char> >, std::istreambuf_iterator<char, std::char_traits<char> >, std::ios_base&, std::_Ios_Iostate&, tm*) const
0012eeac 00001450 W std::time_get<char, std::istreambuf_iterator<char, std::char_traits<char> > >::_M_extract_via_format(std::istreambuf_iterator<char, std::char_traits<char> >, std::istreambuf_iterator<char, std::char_traits<char> >, std::ios_base&, std::_Ios_Iostate&, tm*, char const*, std::__time_get_state&) const
0012eeac 00001450 t std::time_get<char, std::istreambuf_iterator<char, std::char_traits<char> > >::_M_extract_via_format(std::istreambuf_iterator<char, std::char_traits<char> >, std::istreambuf_iterator<char, std::char_traits<char> >, std::ios_base&, std::_Ios_Iostate&, tm*, char const*, std::__time_get_state&) const [clone .localalias]
001302fc 000001b8 W std::time_get<char, std::istreambuf_iterator<char, std::char_traits<char> > >::do_get_time(std::istreambuf_iterator<char, std::char_traits<char> >, std::istreambuf_iterator<char, std::char_traits<char> >, std::ios_base&, std::_Ios_Iostate&, tm*) const
001304b4 000001b8 W std::time_get<char, std::istreambuf_iterator<char, std::char_traits<char> > >::do_get_date(std::istreambuf_iterator<char, std::char_traits<char> >, std::istreambuf_iterator<char, std::char_traits<char> >, std::ios_base&, std::_Ios_Iostate&, tm*) const
0013066c 00000f64 W std::istreambuf_iterator<char, std::char_traits<char> > std::money_get<char, std::istreambuf_iterator<char, std::char_traits<char> > >::_M_extract<true>(std::istreambuf_iterator<char, std::char_traits<char> >, std::istreambuf_iterator<char, std::char_traits<char> >, std::ios_base&, std::_Ios_Iostate&, std::string&) const
001315d0 00000f64 W std::istreambuf_iterator<char, std::char_traits<char> > std::money_get<char, std::istreambuf_iterator<char, std::char_traits<char> > >::_M_extract<false>(std::istreambuf_iterator<char, std::char_traits<char> >, std::istreambuf_iterator<char, std::char_traits<char> >, std::ios_base&, std::_Ios_Iostate&, std::string&) const
00132534 0000011c W std::money_get<char, std::istreambuf_iterator<char, std::char_traits<char> > >::do_get(std::istreambuf_iterator<char, std::char_traits<char> >, std::istreambuf_iterator<char, std::char_traits<char> >, bool, std::ios_base&, std::_Ios_Iostate&, long double&) const
00132650 00000220 W std::money_get<char, std::istreambuf_iterator<char, std::char_traits<char> > >::do_get(std::istreambuf_iterator<char, std::char_traits<char> >, std::istreambuf_iterator<char, std::char_traits<char> >, bool, std::ios_base&, std::_Ios_Iostate&, std::string&) const
00132870 000000f4 t _GLOBAL__sub_I__ZNSt12ctype_bynameIcEC2ERKSsj
00132964 0000002c W __gnu_cxx::__throw_concurrence_lock_error()
00132990 00000b88 T std::locale::_Impl::_Impl(unsigned int)
00132990 00000b88 T std::locale::_Impl::_Impl(unsigned int)
00133518 00000054 T std::locale::_S_initialize_once()
00133570 00000184 T std::locale::locale()
00133570 00000184 T std::locale::locale()
001336f4 0000002c W std::basic_ostream<char, std::char_traits<char> >::~basic_ostream()
00133720 00000038 W virtual thunk to std::basic_ostream<char, std::char_traits<char> >::~basic_ostream()
00133758 00000034 W std::basic_ostream<char, std::char_traits<char> >::~basic_ostream()
0013378c 00000040 W virtual thunk to std::basic_ostream<char, std::char_traits<char> >::~basic_ostream()
001337cc 0000002c W std::basic_ostream<wchar_t, std::char_traits<wchar_t> >::~basic_ostream()
001337f8 00000038 W virtual thunk to std::basic_ostream<wchar_t, std::char_traits<wchar_t> >::~basic_ostream()
00133830 00000034 W std::basic_ostream<wchar_t, std::char_traits<wchar_t> >::~basic_ostream()
00133864 00000040 W virtual thunk to std::basic_ostream<wchar_t, std::char_traits<wchar_t> >::~basic_ostream()
001338a4 000000e4 W std::ostream::sentry::~sentry()
001338a4 000000e4 W std::ostream::sentry::~sentry()
00133988 000001b8 W std::ostream::flush()
00133b40 000000b0 W std::ostream::sentry::sentry(std::ostream&)
00133b40 000000b0 W std::ostream::sentry::sentry(std::ostream&)
00133bf0 000001c8 W std::ostream::put(char)
00133db8 00000468 W std::basic_ostream<char, std::char_traits<char> >& std::__ostream_insert<char, std::char_traits<char> >(std::basic_ostream<char, std::char_traits<char> >&, char const*, int)
00134220 000000e4 W std::basic_ostream<wchar_t, std::char_traits<wchar_t> >::sentry::~sentry()
00134220 000000e4 W std::basic_ostream<wchar_t, std::char_traits<wchar_t> >::sentry::~sentry()
00134304 000001b8 W std::basic_ostream<wchar_t, std::char_traits<wchar_t> >::flush()
001344bc 000000b0 W std::basic_ostream<wchar_t, std::char_traits<wchar_t> >::sentry::sentry(std::basic_ostream<wchar_t, std::char_traits<wchar_t> >&)
001344bc 000000b0 W std::basic_ostream<wchar_t, std::char_traits<wchar_t> >::sentry::sentry(std::basic_ostream<wchar_t, std::char_traits<wchar_t> >&)
0013456c 000001c0 W std::system_error::system_error(std::error_code, char const*)
0013456c 000001c0 W std::system_error::system_error(std::error_code, char const*)
0013472c 00000004 W std::basic_streambuf<char, std::char_traits<char> >::imbue(std::locale const&)
00134730 00000004 W std::basic_streambuf<char, std::char_traits<char> >::setbuf(char*, int)
00134738 00000020 W std::basic_streambuf<char, std::char_traits<char> >::seekoff(long long, std::_Ios_Seekdir, std::_Ios_Openmode)
00134758 00000028 W std::basic_streambuf<char, std::char_traits<char> >::seekpos(std::fpos<_mbstate_t>, std::_Ios_Openmode)
00134780 00000008 W std::basic_streambuf<char, std::char_traits<char> >::sync()
00134788 00000008 W std::basic_streambuf<char, std::char_traits<char> >::showmanyc()
00134790 00000008 W std::basic_streambuf<char, std::char_traits<char> >::underflow()
00134798 00000008 W std::basic_streambuf<char, std::char_traits<char> >::pbackfail(int)
001347a0 00000008 W std::basic_streambuf<char, std::char_traits<char> >::overflow(int)
001347a8 00000004 W std::basic_streambuf<wchar_t, std::char_traits<wchar_t> >::imbue(std::locale const&)
001347ac 00000004 W std::basic_streambuf<wchar_t, std::char_traits<wchar_t> >::setbuf(wchar_t*, int)
001347b0 00000020 W std::basic_streambuf<wchar_t, std::char_traits<wchar_t> >::seekoff(long long, std::_Ios_Seekdir, std::_Ios_Openmode)
001347d0 00000028 W std::basic_streambuf<wchar_t, std::char_traits<wchar_t> >::seekpos(std::fpos<_mbstate_t>, std::_Ios_Openmode)
001347f8 00000008 W std::basic_streambuf<wchar_t, std::char_traits<wchar_t> >::sync()
00134800 00000008 W std::basic_streambuf<wchar_t, std::char_traits<wchar_t> >::showmanyc()
00134808 00000008 W std::basic_streambuf<wchar_t, std::char_traits<wchar_t> >::underflow()
00134810 00000008 W std::basic_streambuf<wchar_t, std::char_traits<wchar_t> >::pbackfail(unsigned int)
00134818 00000008 W std::basic_streambuf<wchar_t, std::char_traits<wchar_t> >::overflow(unsigned int)
00134820 00000020 W std::basic_streambuf<char, std::char_traits<char> >::~basic_streambuf()
00134820 00000020 W std::basic_streambuf<char, std::char_traits<char> >::~basic_streambuf()
00134840 00000020 W std::basic_streambuf<wchar_t, std::char_traits<wchar_t> >::~basic_streambuf()
00134840 00000020 W std::basic_streambuf<wchar_t, std::char_traits<wchar_t> >::~basic_streambuf()
00134860 00000028 W std::basic_streambuf<char, std::char_traits<char> >::~basic_streambuf()
00134888 00000028 W std::basic_streambuf<wchar_t, std::char_traits<wchar_t> >::~basic_streambuf()
001348b0 000000c0 W std::basic_streambuf<wchar_t, std::char_traits<wchar_t> >::xsputn(wchar_t const*, int)
00134970 000000a0 W std::basic_streambuf<char, std::char_traits<char> >::xsputn(char const*, int)
00134a10 0000005c W std::basic_streambuf<wchar_t, std::char_traits<wchar_t> >::uflow()
00134a6c 0000005c W std::basic_streambuf<char, std::char_traits<char> >::uflow()
00134ac8 000000d4 W std::basic_streambuf<char, std::char_traits<char> >::xsgetn(char*, int)
00134b9c 000000ec W std::basic_streambuf<wchar_t, std::char_traits<wchar_t> >::xsgetn(wchar_t*, int)
00134c88 00000054 W std::__cxx11::basic_string<char, std::char_traits<char>, std::allocator<char> >::_M_create(unsigned int&, unsigned int)
00134cdc 00000014 W std::__cxx11::basic_string<char, std::char_traits<char>, std::allocator<char> >::_M_dispose()
00134cf0 00000094 W std::__cxx11::basic_string<char, std::char_traits<char>, std::allocator<char> >::_M_construct(unsigned int, char)
00134d84 00000104 W std::__cxx11::basic_string<char, std::char_traits<char>, std::allocator<char> >::_M_mutate(unsigned int, unsigned int, char const*, unsigned int)
00134e88 00000074 W std::__cxx11::basic_string<char, std::char_traits<char>, std::allocator<char> >::_M_erase(unsigned int, unsigned int)
00134efc 00000098 W std::__cxx11::basic_string<char, std::char_traits<char>, std::allocator<char> >::reserve(unsigned int)
00134f94 00000110 W std::__cxx11::basic_string<char, std::char_traits<char>, std::allocator<char> >::_M_replace_aux(unsigned int, unsigned int, unsigned int, char)
001350a4 00000044 W std::__cxx11::basic_string<char, std::char_traits<char>, std::allocator<char> >::resize(unsigned int, char)
001350e8 00000140 W std::__cxx11::basic_string<char, std::char_traits<char>, std::allocator<char> >::_M_replace_cold(char*, unsigned int, char const*, unsigned int, unsigned int)
00135228 00000130 W std::__cxx11::basic_string<char, std::char_traits<char>, std::allocator<char> >::_M_replace(unsigned int, unsigned int, char const*, unsigned int)
00135358 00000090 W std::__cxx11::basic_string<char, std::char_traits<char>, std::allocator<char> >::_M_append(char const*, unsigned int)
001353e8 00000088 W std::__cxx11::basic_string<char, std::char_traits<char>, std::allocator<char> >::copy(char*, unsigned int, unsigned int) const
00135470 00000194 W std::__cxx11::basic_string<char, std::char_traits<char>, std::allocator<char> >::swap(std::__cxx11::basic_string<char, std::char_traits<char>, std::allocator<char> >&)
00135604 00000034 W std::__cxx11::basic_string<char, std::char_traits<char>, std::allocator<char> >::find_first_not_of(char, unsigned int) const
00135638 0000000c t (anonymous namespace)::generic_error_category::name() const
00135644 00000020 t (anonymous namespace)::generic_error_category::equivalent(int, std::error_condition const&) const
00135664 00000004 t (anonymous namespace)::generic_error_category::~generic_error_category()
00135664 00000004 t (anonymous namespace)::generic_error_category::~generic_error_category()
00135668 0000000c T std::_V2::error_category::default_error_condition(int) const
00135674 00000054 T std::_V2::error_category::equivalent(int, std::error_condition const&) const
001356c8 00000020 T std::_V2::error_category::equivalent(std::error_code const&, int) const
001356e8 000000f4 t (anonymous namespace)::system_error_category::message[abi:cxx11](int) const
001356e8 000000f4 t (anonymous namespace)::generic_error_category::message[abi:cxx11](int) const
001357dc 0000001c t (anonymous namespace)::generic_error_category::~generic_error_category()
001357f8 00000020 T std::system_error::~system_error()
001357f8 00000020 T std::system_error::~system_error()
00135818 00000028 T std::system_error::~system_error()
00135840 00000054 T std::_V2::error_category::_M_message[abi:cxx11](int) const
00135894 0000009c T std::__throw_system_error(int)
00135930 00000004 T std::_V2::error_category::~error_category()
00135930 00000004 T std::_V2::error_category::~error_category()
00135934 0000000c W std::moneypunct<wchar_t, false>::do_decimal_point() const
00135940 0000000c W std::moneypunct<wchar_t, false>::do_thousands_sep() const
0013594c 0000000c W std::moneypunct<wchar_t, false>::do_frac_digits() const
00135958 00000014 W std::moneypunct<wchar_t, false>::do_pos_format() const
0013596c 00000014 W std::moneypunct<wchar_t, false>::do_neg_format() const
00135980 0000000c W std::moneypunct<wchar_t, true>::do_decimal_point() const
0013598c 0000000c W std::moneypunct<wchar_t, true>::do_thousands_sep() const
00135998 0000000c W std::moneypunct<wchar_t, true>::do_frac_digits() const
001359a4 00000014 W std::moneypunct<wchar_t, true>::do_pos_format() const
001359b8 00000014 W std::moneypunct<wchar_t, true>::do_neg_format() const
001359cc 0000000c W std::numpunct<wchar_t>::do_decimal_point() const
001359d8 0000000c W std::numpunct<wchar_t>::do_thousands_sep() const
001359e4 00000008 W std::time_get<wchar_t, std::istreambuf_iterator<wchar_t, std::char_traits<wchar_t> > >::do_date_order() const
001359ec 00000008 W std::messages<wchar_t>::do_open(std::string const&, std::locale const&) const
001359f4 00000004 W std::messages<wchar_t>::do_close(int) const
001359f8 00000020 W std::collate<wchar_t>::do_hash(wchar_t const*, wchar_t const*) const
00135a18 00000020 W std::num_get<wchar_t, std::istreambuf_iterator<wchar_t, std::char_traits<wchar_t> > >::~num_get()
00135a18 00000020 W std::num_get<wchar_t, std::istreambuf_iterator<wchar_t, std::char_traits<wchar_t> > >::~num_get()
00135a38 00000020 W std::num_put<wchar_t, std::ostreambuf_iterator<wchar_t, std::char_traits<wchar_t> > >::~num_put()
00135a38 00000020 W std::num_put<wchar_t, std::ostreambuf_iterator<wchar_t, std::char_traits<wchar_t> > >::~num_put()
00135a58 00000020 W std::money_get<wchar_t, std::istreambuf_iterator<wchar_t, std::char_traits<wchar_t> > >::~money_get()
00135a58 00000020 W std::money_get<wchar_t, std::istreambuf_iterator<wchar_t, std::char_traits<wchar_t> > >::~money_get()
00135a78 00000020 W std::money_put<wchar_t, std::ostreambuf_iterator<wchar_t, std::char_traits<wchar_t> > >::~money_put()
00135a78 00000020 W std::money_put<wchar_t, std::ostreambuf_iterator<wchar_t, std::char_traits<wchar_t> > >::~money_put()
00135a98 00000020 W std::__timepunct_cache<wchar_t>::~__timepunct_cache()
00135a98 00000020 W std::__timepunct_cache<wchar_t>::~__timepunct_cache()
00135ab8 00000020 W std::time_put<wchar_t, std::ostreambuf_iterator<wchar_t, std::char_traits<wchar_t> > >::~time_put()
00135ab8 00000020 W std::time_put<wchar_t, std::ostreambuf_iterator<wchar_t, std::char_traits<wchar_t> > >::~time_put()
00135ad8 00000020 W std::time_get<wchar_t, std::istreambuf_iterator<wchar_t, std::char_traits<wchar_t> > >::~time_get()
00135ad8 00000020 W std::time_get<wchar_t, std::istreambuf_iterator<wchar_t, std::char_traits<wchar_t> > >::~time_get()
00135af8 00000028 W std::num_get<wchar_t, std::istreambuf_iterator<wchar_t, std::char_traits<wchar_t> > >::~num_get()
00135b20 00000028 W std::num_put<wchar_t, std::ostreambuf_iterator<wchar_t, std::char_traits<wchar_t> > >::~num_put()
00135b48 00000028 W std::money_get<wchar_t, std::istreambuf_iterator<wchar_t, std::char_traits<wchar_t> > >::~money_get()
00135b70 00000028 W std::money_put<wchar_t, std::ostreambuf_iterator<wchar_t, std::char_traits<wchar_t> > >::~money_put()
00135b98 0000001c W std::__timepunct_cache<wchar_t>::~__timepunct_cache()
00135bb4 00000028 W std::time_put<wchar_t, std::ostreambuf_iterator<wchar_t, std::char_traits<wchar_t> > >::~time_put()
00135bdc 00000028 W std::time_get<wchar_t, std::istreambuf_iterator<wchar_t, std::char_traits<wchar_t> > >::~time_get()
00135c04 00000070 W std::__moneypunct_cache<wchar_t, false>::~__moneypunct_cache()
00135c04 00000070 W std::__moneypunct_cache<wchar_t, false>::~__moneypunct_cache()
00135c74 0000001c W std::__moneypunct_cache<wchar_t, false>::~__moneypunct_cache()
00135c90 00000070 W std::__moneypunct_cache<wchar_t, true>::~__moneypunct_cache()
00135c90 00000070 W std::__moneypunct_cache<wchar_t, true>::~__moneypunct_cache()
00135d00 0000001c W std::__moneypunct_cache<wchar_t, true>::~__moneypunct_cache()
00135d1c 00000060 W std::__numpunct_cache<wchar_t>::~__numpunct_cache()
00135d1c 00000060 W std::__numpunct_cache<wchar_t>::~__numpunct_cache()
00135d7c 0000001c W std::__numpunct_cache<wchar_t>::~__numpunct_cache()
00135d98 00000028 W std::messages<wchar_t>::~messages()
00135d98 00000028 W std::messages<wchar_t>::~messages()
00135dc0 0000001c W std::messages<wchar_t>::~messages()
00135ddc 00000028 W std::collate<wchar_t>::~collate()
00135ddc 00000028 W std::collate<wchar_t>::~collate()
00135e04 00000060 W std::__timepunct<wchar_t>::~__timepunct()
00135e04 00000060 W std::__timepunct<wchar_t>::~__timepunct()
00135e64 0000001c W std::__timepunct<wchar_t>::~__timepunct()
00135e80 00000028 t std::basic_streambuf<wchar_t, std::char_traits<wchar_t> >::sbumpc() [clone .isra.0]
00135ea8 00000074 t std::basic_string<wchar_t, std::char_traits<wchar_t>, std::allocator<wchar_t> >::~basic_string() [clone .isra.0]
00135f1c 000000c0 t wchar_t* std::basic_string<wchar_t, std::char_traits<wchar_t>, std::allocator<wchar_t> >::_S_construct<wchar_t const*>(wchar_t const*, wchar_t const*, std::allocator<wchar_t> const&, std::forward_iterator_tag) [clone .isra.0]
00135fdc 00000030 W std::collate<wchar_t>::~collate()
0013600c 00000074 t std::basic_string<char, std::char_traits<char>, std::allocator<char> >::~basic_string() [clone .isra.0]
00136080 000000c8 W std::moneypunct<wchar_t, false>::do_grouping() const
00136148 000000c8 W std::moneypunct<wchar_t, true>::do_grouping() const
00136210 000000c8 W std::numpunct<wchar_t>::do_grouping() const
001362d8 000001a4 W std::collate<wchar_t>::do_compare(wchar_t const*, wchar_t const*, wchar_t const*, wchar_t const*) const
0013647c 00000130 W std::time_put<wchar_t, std::ostreambuf_iterator<wchar_t, std::char_traits<wchar_t> > >::do_put(std::ostreambuf_iterator<wchar_t, std::char_traits<wchar_t> >, std::ios_base&, wchar_t, tm const*, char, char) const
001365ac 000000e4 W std::moneypunct<wchar_t, false>::do_curr_symbol() const
00136690 000000e4 W std::moneypunct<wchar_t, false>::do_positive_sign() const
00136774 000000e4 W std::moneypunct<wchar_t, false>::do_negative_sign() const
00136858 000000e4 W std::moneypunct<wchar_t, true>::do_curr_symbol() const
0013693c 000000e4 W std::moneypunct<wchar_t, true>::do_positive_sign() const
00136a20 000000e4 W std::moneypunct<wchar_t, true>::do_negative_sign() const
00136b04 000000e4 W std::numpunct<wchar_t>::do_truename() const
00136be8 000000e4 W std::numpunct<wchar_t>::do_falsename() const
00136ccc 00000330 W std::collate<wchar_t>::do_transform(wchar_t const*, wchar_t const*) const
00136ffc 00000854 W std::__moneypunct_cache<wchar_t, false>::_M_cache(std::locale const&)
00137850 00000854 W std::__moneypunct_cache<wchar_t, true>::_M_cache(std::locale const&)
001380a4 0000054c W std::__numpunct_cache<wchar_t>::_M_cache(std::locale const&)
001385f0 000000b8 t std::__use_cache<std::__numpunct_cache<wchar_t> >::operator()(std::locale const&) const [clone .isra.0]
001386a8 00000050 W std::__timepunct<wchar_t>::__timepunct(std::__timepunct_cache<wchar_t>*, unsigned int)
001386a8 00000050 W std::__timepunct<wchar_t>::__timepunct(std::__timepunct_cache<wchar_t>*, unsigned int)
001386f8 00000280 W std::time_get<wchar_t, std::istreambuf_iterator<wchar_t, std::char_traits<wchar_t> > >::_M_extract_num(std::istreambuf_iterator<wchar_t, std::char_traits<wchar_t> >, std::istreambuf_iterator<wchar_t, std::char_traits<wchar_t> >, int&, int, int, unsigned int, std::ios_base&, std::_Ios_Iostate&) const
00138978 0000003c W std::messages<wchar_t>::messages(unsigned int)
00138978 0000003c W std::messages<wchar_t>::messages(unsigned int)
001389b4 00000178 W wchar_t* std::__add_grouping<wchar_t>(wchar_t*, wchar_t, char const*, unsigned int, wchar_t const*, wchar_t const*)
00138b2c 000000b0 W std::num_put<wchar_t, std::ostreambuf_iterator<wchar_t, std::char_traits<wchar_t> > >::_M_group_float(char const*, unsigned int, wchar_t, wchar_t const*, wchar_t*, wchar_t*, int&) const
00138bdc 00000054 W std::num_put<wchar_t, std::ostreambuf_iterator<wchar_t, std::char_traits<wchar_t> > >::_M_group_int(char const*, unsigned int, wchar_t, std::ios_base&, wchar_t*, wchar_t*, int&) const
00138c30 00000690 W std::ostreambuf_iterator<wchar_t, std::char_traits<wchar_t> > std::money_put<wchar_t, std::ostreambuf_iterator<wchar_t, std::char_traits<wchar_t> > >::_M_insert<true>(std::ostreambuf_iterator<wchar_t, std::char_traits<wchar_t> >, std::ios_base&, wchar_t, std::basic_string<wchar_t, std::char_traits<wchar_t>, std::allocator<wchar_t> > const&) const
001392c0 00000614 W std::ostreambuf_iterator<wchar_t, std::char_traits<wchar_t> > std::money_put<wchar_t, std::ostreambuf_iterator<wchar_t, std::char_traits<wchar_t> > >::_M_insert<false>(std::ostreambuf_iterator<wchar_t, std::char_traits<wchar_t> >, std::ios_base&, wchar_t, std::basic_string<wchar_t, std::char_traits<wchar_t>, std::allocator<wchar_t> > const&) const
001398d4 000001f0 W std::money_put<wchar_t, std::ostreambuf_iterator<wchar_t, std::char_traits<wchar_t> > >::do_put(std::ostreambuf_iterator<wchar_t, std::char_traits<wchar_t> >, bool, std::ios_base&, wchar_t, long double) const
00139ac4 00000054 W std::money_put<wchar_t, std::ostreambuf_iterator<wchar_t, std::char_traits<wchar_t> > >::do_put(std::ostreambuf_iterator<wchar_t, std::char_traits<wchar_t> >, bool, std::ios_base&, wchar_t, std::basic_string<wchar_t, std::char_traits<wchar_t>, std::allocator<wchar_t> > const&) const
00139b18 00000220 W std::__pad<wchar_t, std::char_traits<wchar_t> >::_S_pad(std::ios_base&, wchar_t, wchar_t*, wchar_t const*, int, int)
00139d38 00000034 W std::num_put<wchar_t, std::ostreambuf_iterator<wchar_t, std::char_traits<wchar_t> > >::_M_pad(wchar_t, int, std::ios_base&, wchar_t*, wchar_t const*, int&) const
00139d6c 0000034c W std::ostreambuf_iterator<wchar_t, std::char_traits<wchar_t> > std::num_put<wchar_t, std::ostreambuf_iterator<wchar_t, std::char_traits<wchar_t> > >::_M_insert_float<double>(std::ostreambuf_iterator<wchar_t, std::char_traits<wchar_t> >, std::ios_base&, wchar_t, char, double) const
0013a0b8 0000003c W std::num_put<wchar_t, std::ostreambuf_iterator<wchar_t, std::char_traits<wchar_t> > >::do_put(std::ostreambuf_iterator<wchar_t, std::char_traits<wchar_t> >, std::ios_base&, wchar_t, double) const
0013a0f4 0000034c W std::ostreambuf_iterator<wchar_t, std::char_traits<wchar_t> > std::num_put<wchar_t, std::ostreambuf_iterator<wchar_t, std::char_traits<wchar_t> > >::_M_insert_float<long double>(std::ostreambuf_iterator<wchar_t, std::char_traits<wchar_t> >, std::ios_base&, wchar_t, char, long double) const
0013a440 0000003c W std::num_put<wchar_t, std::ostreambuf_iterator<wchar_t, std::char_traits<wchar_t> > >::do_put(std::ostreambuf_iterator<wchar_t, std::char_traits<wchar_t> >, std::ios_base&, wchar_t, long double) const
0013a47c 000000b4 W int std::__int_to_char<wchar_t, unsigned long>(wchar_t*, unsigned long, wchar_t const*, std::_Ios_Fmtflags, bool)
0013a530 00000238 W std::ostreambuf_iterator<wchar_t, std::char_traits<wchar_t> > std::num_put<wchar_t, std::ostreambuf_iterator<wchar_t, std::char_traits<wchar_t> > >::_M_insert_int<long>(std::ostreambuf_iterator<wchar_t, std::char_traits<wchar_t> >, std::ios_base&, wchar_t, long) const
0013a768 0000003c W std::num_put<wchar_t, std::ostreambuf_iterator<wchar_t, std::char_traits<wchar_t> > >::do_put(std::ostreambuf_iterator<wchar_t, std::char_traits<wchar_t> >, std::ios_base&, wchar_t, long) const
0013a7a4 000001b8 W std::num_put<wchar_t, std::ostreambuf_iterator<wchar_t, std::char_traits<wchar_t> > >::do_put(std::ostreambuf_iterator<wchar_t, std::char_traits<wchar_t> >, std::ios_base&, wchar_t, bool) const
0013a95c 000001d4 W std::ostreambuf_iterator<wchar_t, std::char_traits<wchar_t> > std::num_put<wchar_t, std::ostreambuf_iterator<wchar_t, std::char_traits<wchar_t> > >::_M_insert_int<unsigned long>(std::ostreambuf_iterator<wchar_t, std::char_traits<wchar_t> >, std::ios_base&, wchar_t, unsigned long) const
0013ab30 0000003c W std::num_put<wchar_t, std::ostreambuf_iterator<wchar_t, std::char_traits<wchar_t> > >::do_put(std::ostreambuf_iterator<wchar_t, std::char_traits<wchar_t> >, std::ios_base&, wchar_t, unsigned long) const
0013ab6c 0000006c W std::num_put<wchar_t, std::ostreambuf_iterator<wchar_t, std::char_traits<wchar_t> > >::do_put(std::ostreambuf_iterator<wchar_t, std::char_traits<wchar_t> >, std::ios_base&, wchar_t, void const*) const
0013abd8 00000118 W int std::__int_to_char<wchar_t, unsigned long long>(wchar_t*, unsigned long long, wchar_t const*, std::_Ios_Fmtflags, bool)
0013acf0 00000258 W std::ostreambuf_iterator<wchar_t, std::char_traits<wchar_t> > std::num_put<wchar_t, std::ostreambuf_iterator<wchar_t, std::char_traits<wchar_t> > >::_M_insert_int<long long>(std::ostreambuf_iterator<wchar_t, std::char_traits<wchar_t> >, std::ios_base&, wchar_t, long long) const
0013af48 0000003c W std::num_put<wchar_t, std::ostreambuf_iterator<wchar_t, std::char_traits<wchar_t> > >::do_put(std::ostreambuf_iterator<wchar_t, std::char_traits<wchar_t> >, std::ios_base&, wchar_t, long long) const
0013af84 000001f8 W std::ostreambuf_iterator<wchar_t, std::char_traits<wchar_t> > std::num_put<wchar_t, std::ostreambuf_iterator<wchar_t, std::char_traits<wchar_t> > >::_M_insert_int<unsigned long long>(std::ostreambuf_iterator<wchar_t, std::char_traits<wchar_t> >, std::ios_base&, wchar_t, unsigned long long) const
0013b17c 0000003c W std::num_put<wchar_t, std::ostreambuf_iterator<wchar_t, std::char_traits<wchar_t> > >::do_put(std::ostreambuf_iterator<wchar_t, std::char_traits<wchar_t> >, std::ios_base&, wchar_t, unsigned long long) const
0013b1b8 000000fc W std::istreambuf_iterator<wchar_t, std::char_traits<wchar_t> >::equal(std::istreambuf_iterator<wchar_t, std::char_traits<wchar_t> > const&) const
0013b2b4 00000ccc W std::num_get<wchar_t, std::istreambuf_iterator<wchar_t, std::char_traits<wchar_t> > >::_M_extract_float(std::istreambuf_iterator<wchar_t, std::char_traits<wchar_t> >, std::istreambuf_iterator<wchar_t, std::char_traits<wchar_t> >, std::ios_base&, std::_Ios_Iostate&, std::string&) const
0013bf80 000001f4 W std::num_get<wchar_t, std::istreambuf_iterator<wchar_t, std::char_traits<wchar_t> > >::do_get(std::istreambuf_iterator<wchar_t, std::char_traits<wchar_t> >, std::istreambuf_iterator<wchar_t, std::char_traits<wchar_t> >, std::ios_base&, std::_Ios_Iostate&, float&) const
0013c174 000001f4 W std::num_get<wchar_t, std::istreambuf_iterator<wchar_t, std::char_traits<wchar_t> > >::do_get(std::istreambuf_iterator<wchar_t, std::char_traits<wchar_t> >, std::istreambuf_iterator<wchar_t, std::char_traits<wchar_t> >, std::ios_base&, std::_Ios_Iostate&, double&) const
0013c368 000001f4 W std::num_get<wchar_t, std::istreambuf_iterator<wchar_t, std::char_traits<wchar_t> > >::do_get(std::istreambuf_iterator<wchar_t, std::char_traits<wchar_t> >, std::istreambuf_iterator<wchar_t, std::char_traits<wchar_t> >, std::ios_base&, std::_Ios_Iostate&, long double&) const
0013c55c 00000a1c W std::istreambuf_iterator<wchar_t, std::char_traits<wchar_t> > std::num_get<wchar_t, std::istreambuf_iterator<wchar_t, std::char_traits<wchar_t> > >::_M_extract_int<long>(std::istreambuf_iterator<wchar_t, std::char_traits<wchar_t> >, std::istreambuf_iterator<wchar_t, std::char_traits<wchar_t> >, std::ios_base&, std::_Ios_Iostate&, long&) const
0013cf78 000004f8 W std::num_get<wchar_t, std::istreambuf_iterator<wchar_t, std::char_traits<wchar_t> > >::do_get(std::istreambuf_iterator<wchar_t, std::char_traits<wchar_t> >, std::istreambuf_iterator<wchar_t, std::char_traits<wchar_t> >, std::ios_base&, std::_Ios_Iostate&, bool&) const
0013d470 00000048 W std::num_get<wchar_t, std::istreambuf_iterator<wchar_t, std::char_traits<wchar_t> > >::do_get(std::istreambuf_iterator<wchar_t, std::char_traits<wchar_t> >, std::istreambuf_iterator<wchar_t, std::char_traits<wchar_t> >, std::ios_base&, std::_Ios_Iostate&, long&) const
0013d4b8 00000a18 W std::istreambuf_iterator<wchar_t, std::char_traits<wchar_t> > std::num_get<wchar_t, std::istreambuf_iterator<wchar_t, std::char_traits<wchar_t> > >::_M_extract_int<unsigned short>(std::istreambuf_iterator<wchar_t, std::char_traits<wchar_t> >, std::istreambuf_iterator<wchar_t, std::char_traits<wchar_t> >, std::ios_base&, std::_Ios_Iostate&, unsigned short&) const
0013ded0 00000048 W std::num_get<wchar_t, std::istreambuf_iterator<wchar_t, std::char_traits<wchar_t> > >::do_get(std::istreambuf_iterator<wchar_t, std::char_traits<wchar_t> >, std::istreambuf_iterator<wchar_t, std::char_traits<wchar_t> >, std::ios_base&, std::_Ios_Iostate&, unsigned short&) const
0013df18 000009fc W std::istreambuf_iterator<wchar_t, std::char_traits<wchar_t> > std::num_get<wchar_t, std::istreambuf_iterator<wchar_t, std::char_traits<wchar_t> > >::_M_extract_int<unsigned int>(std::istreambuf_iterator<wchar_t, std::char_traits<wchar_t> >, std::istreambuf_iterator<wchar_t, std::char_traits<wchar_t> >, std::ios_base&, std::_Ios_Iostate&, unsigned int&) const
0013e914 00000048 W std::num_get<wchar_t, std::istreambuf_iterator<wchar_t, std::char_traits<wchar_t> > >::do_get(std::istreambuf_iterator<wchar_t, std::char_traits<wchar_t> >, std::istreambuf_iterator<wchar_t, std::char_traits<wchar_t> >, std::ios_base&, std::_Ios_Iostate&, unsigned int&) const
0013e95c 000009fc W std::istreambuf_iterator<wchar_t, std::char_traits<wchar_t> > std::num_get<wchar_t, std::istreambuf_iterator<wchar_t, std::char_traits<wchar_t> > >::_M_extract_int<unsigned long>(std::istreambuf_iterator<wchar_t, std::char_traits<wchar_t> >, std::istreambuf_iterator<wchar_t, std::char_traits<wchar_t> >, std::ios_base&, std::_Ios_Iostate&, unsigned long&) const
0013f358 00000048 W std::num_get<wchar_t, std::istreambuf_iterator<wchar_t, std::char_traits<wchar_t> > >::do_get(std::istreambuf_iterator<wchar_t, std::char_traits<wchar_t> >, std::istreambuf_iterator<wchar_t, std::char_traits<wchar_t> >, std::ios_base&, std::_Ios_Iostate&, unsigned long&) const
0013f3a0 0000007c W std::num_get<wchar_t, std::istreambuf_iterator<wchar_t, std::char_traits<wchar_t> > >::do_get(std::istreambuf_iterator<wchar_t, std::char_traits<wchar_t> >, std::istreambuf_iterator<wchar_t, std::char_traits<wchar_t> >, std::ios_base&, std::_Ios_Iostate&, void*&) const
0013f41c 00000aa8 W std::istreambuf_iterator<wchar_t, std::char_traits<wchar_t> > std::num_get<wchar_t, std::istreambuf_iterator<wchar_t, std::char_traits<wchar_t> > >::_M_extract_int<long long>(std::istreambuf_iterator<wchar_t, std::char_traits<wchar_t> >, std::istreambuf_iterator<wchar_t, std::char_traits<wchar_t> >, std::ios_base&, std::_Ios_Iostate&, long long&) const
0013fec4 00000048 W std::num_get<wchar_t, std::istreambuf_iterator<wchar_t, std::char_traits<wchar_t> > >::do_get(std::istreambuf_iterator<wchar_t, std::char_traits<wchar_t> >, std::istreambuf_iterator<wchar_t, std::char_traits<wchar_t> >, std::ios_base&, std::_Ios_Iostate&, long long&) const
0013ff0c 00000b10 W std::istreambuf_iterator<wchar_t, std::char_traits<wchar_t> > std::num_get<wchar_t, std::istreambuf_iterator<wchar_t, std::char_traits<wchar_t> > >::_M_extract_int<unsigned long long>(std::istreambuf_iterator<wchar_t, std::char_traits<wchar_t> >, std::istreambuf_iterator<wchar_t, std::char_traits<wchar_t> >, std::ios_base&, std::_Ios_Iostate&, unsigned long long&) const
00140a1c 00000048 W std::num_get<wchar_t, std::istreambuf_iterator<wchar_t, std::char_traits<wchar_t> > >::do_get(std::istreambuf_iterator<wchar_t, std::char_traits<wchar_t> >, std::istreambuf_iterator<wchar_t, std::char_traits<wchar_t> >, std::ios_base&, std::_Ios_Iostate&, unsigned long long&) const
00140a64 000002e4 W std::time_get<wchar_t, std::istreambuf_iterator<wchar_t, std::char_traits<wchar_t> > >::do_get_year(std::istreambuf_iterator<wchar_t, std::char_traits<wchar_t> >, std::istreambuf_iterator<wchar_t, std::char_traits<wchar_t> >, std::ios_base&, std::_Ios_Iostate&, tm*) const
00140d48 00000aa8 W std::time_get<wchar_t, std::istreambuf_iterator<wchar_t, std::char_traits<wchar_t> > >::_M_extract_name(std::istreambuf_iterator<wchar_t, std::char_traits<wchar_t> >, std::istreambuf_iterator<wchar_t, std::char_traits<wchar_t> >, int&, wchar_t const**, unsigned int, std::ios_base&, std::_Ios_Iostate&) const
001417f0 00000418 W std::time_get<wchar_t, std::istreambuf_iterator<wchar_t, std::char_traits<wchar_t> > >::_M_extract_wday_or_month(std::istreambuf_iterator<wchar_t, std::char_traits<wchar_t> >, std::istreambuf_iterator<wchar_t, std::char_traits<wchar_t> >, int&, wchar_t const**, unsigned int, std::ios_base&, std::_Ios_Iostate&) const
00141c08 00000250 W std::time_get<wchar_t, std::istreambuf_iterator<wchar_t, std::char_traits<wchar_t> > >::do_get_weekday(std::istreambuf_iterator<wchar_t, std::char_traits<wchar_t> >, std::istreambuf_iterator<wchar_t, std::char_traits<wchar_t> >, std::ios_base&, std::_Ios_Iostate&, tm*) const
00141e58 000002c8 W std::time_get<wchar_t, std::istreambuf_iterator<wchar_t, std::char_traits<wchar_t> > >::do_get_monthname(std::istreambuf_iterator<wchar_t, std::char_traits<wchar_t> >, std::istreambuf_iterator<wchar_t, std::char_traits<wchar_t> >, std::ios_base&, std::_Ios_Iostate&, tm*) const
00142120 00001418 W std::time_get<wchar_t, std::istreambuf_iterator<wchar_t, std::char_traits<wchar_t> > >::_M_extract_via_format(std::istreambuf_iterator<wchar_t, std::char_traits<wchar_t> >, std::istreambuf_iterator<wchar_t, std::char_traits<wchar_t> >, std::ios_base&, std::_Ios_Iostate&, tm*, wchar_t const*, std::__time_get_state&) const
00142120 00001418 t std::time_get<wchar_t, std::istreambuf_iterator<wchar_t, std::char_traits<wchar_t> > >::_M_extract_via_format(std::istreambuf_iterator<wchar_t, std::char_traits<wchar_t> >, std::istreambuf_iterator<wchar_t, std::char_traits<wchar_t> >, std::ios_base&, std::_Ios_Iostate&, tm*, wchar_t const*, std::__time_get_state&) const [clone .localalias]
00143538 000001c8 W std::time_get<wchar_t, std::istreambuf_iterator<wchar_t, std::char_traits<wchar_t> > >::do_get_time(std::istreambuf_iterator<wchar_t, std::char_traits<wchar_t> >, std::istreambuf_iterator<wchar_t, std::char_traits<wchar_t> >, std::ios_base&, std::_Ios_Iostate&, tm*) const
00143700 000001c8 W std::time_get<wchar_t, std::istreambuf_iterator<wchar_t, std::char_traits<wchar_t> > >::do_get_date(std::istreambuf_iterator<wchar_t, std::char_traits<wchar_t> >, std::istreambuf_iterator<wchar_t, std::char_traits<wchar_t> >, std::ios_base&, std::_Ios_Iostate&, tm*) const
001438c8 00000f30 W std::istreambuf_iterator<wchar_t, std::char_traits<wchar_t> > std::money_get<wchar_t, std::istreambuf_iterator<wchar_t, std::char_traits<wchar_t> > >::_M_extract<true>(std::istreambuf_iterator<wchar_t, std::char_traits<wchar_t> >, std::istreambuf_iterator<wchar_t, std::char_traits<wchar_t> >, std::ios_base&, std::_Ios_Iostate&, std::string&) const
001447f8 00000f30 W std::istreambuf_iterator<wchar_t, std::char_traits<wchar_t> > std::money_get<wchar_t, std::istreambuf_iterator<wchar_t, std::char_traits<wchar_t> > >::_M_extract<false>(std::istreambuf_iterator<wchar_t, std::char_traits<wchar_t> >, std::istreambuf_iterator<wchar_t, std::char_traits<wchar_t> >, std::ios_base&, std::_Ios_Iostate&, std::string&) const
00145728 0000011c W std::money_get<wchar_t, std::istreambuf_iterator<wchar_t, std::char_traits<wchar_t> > >::do_get(std::istreambuf_iterator<wchar_t, std::char_traits<wchar_t> >, std::istreambuf_iterator<wchar_t, std::char_traits<wchar_t> >, bool, std::ios_base&, std::_Ios_Iostate&, long double&) const
00145844 000001b0 W std::money_get<wchar_t, std::istreambuf_iterator<wchar_t, std::char_traits<wchar_t> > >::do_get(std::istreambuf_iterator<wchar_t, std::char_traits<wchar_t> >, std::istreambuf_iterator<wchar_t, std::char_traits<wchar_t> >, bool, std::ios_base&, std::_Ios_Iostate&, std::basic_string<wchar_t, std::char_traits<wchar_t>, std::allocator<wchar_t> >&) const
001459f4 000000f4 t _GLOBAL__sub_I__ZNSt12ctype_bynameIwEC2ERKSsj
00145ae8 0000005c W std::__cxx11::basic_string<wchar_t, std::char_traits<wchar_t>, std::allocator<wchar_t> >::_M_create(unsigned int&, unsigned int)
00145b44 00000014 W std::__cxx11::basic_string<wchar_t, std::char_traits<wchar_t>, std::allocator<wchar_t> >::_M_dispose()
00145b58 00000090 W std::__cxx11::basic_string<wchar_t, std::char_traits<wchar_t>, std::allocator<wchar_t> >::_M_construct(unsigned int, wchar_t)
00145be8 00000104 W std::__cxx11::basic_string<wchar_t, std::char_traits<wchar_t>, std::allocator<wchar_t> >::_M_mutate(unsigned int, unsigned int, wchar_t const*, unsigned int)
00145cec 0000009c W std::__cxx11::basic_string<wchar_t, std::char_traits<wchar_t>, std::allocator<wchar_t> >::reserve(unsigned int)
00145d88 00000108 W std::__cxx11::basic_string<wchar_t, std::char_traits<wchar_t>, std::allocator<wchar_t> >::_M_replace_aux(unsigned int, unsigned int, unsigned int, wchar_t)
00145e90 00000044 W std::__cxx11::basic_string<wchar_t, std::char_traits<wchar_t>, std::allocator<wchar_t> >::resize(unsigned int, wchar_t)
00145ed4 00000144 W std::__cxx11::basic_string<wchar_t, std::char_traits<wchar_t>, std::allocator<wchar_t> >::_M_replace_cold(wchar_t*, unsigned int, wchar_t const*, unsigned int, unsigned int)
00146018 00000130 W std::__cxx11::basic_string<wchar_t, std::char_traits<wchar_t>, std::allocator<wchar_t> >::_M_replace(unsigned int, unsigned int, wchar_t const*, unsigned int)
00146148 0000008c W std::__cxx11::basic_string<wchar_t, std::char_traits<wchar_t>, std::allocator<wchar_t> >::_M_append(wchar_t const*, unsigned int)
001461d4 00000088 W std::__cxx11::basic_string<wchar_t, std::char_traits<wchar_t>, std::allocator<wchar_t> >::copy(wchar_t*, unsigned int, unsigned int) const
0014625c 000000a8 W void std::__cxx11::basic_string<wchar_t, std::char_traits<wchar_t>, std::allocator<wchar_t> >::_M_construct<true>(wchar_t const*, unsigned int)
00146304 0000000c T std::bad_alloc::what() const
00146310 00000020 T std::bad_alloc::~bad_alloc()
00146310 00000020 T std::bad_alloc::~bad_alloc()
00146330 0000002c T std::bad_alloc::~bad_alloc()
0014635c 0000000c T std::bad_array_new_length::what() const
00146368 00000020 T std::bad_array_new_length::~bad_array_new_length()
00146368 00000020 T std::bad_array_new_length::~bad_array_new_length()
00146388 0000002c T std::bad_array_new_length::~bad_array_new_length()
001463b4 0000000c T std::bad_cast::what() const
001463c0 00000020 T std::bad_cast::~bad_cast()
001463c0 00000020 T std::bad_cast::~bad_cast()
001463e0 0000002c T std::bad_cast::~bad_cast()
0014640c 0000005c T __cxxabiv1::__class_type_info::__do_upcast(__cxxabiv1::__class_type_info const*, void**) const
00146468 00000014 T __cxxabiv1::__class_type_info::__do_find_public_src(int, void const*, __cxxabiv1::__class_type_info const*, void const*) const
0014647c 00000020 T __cxxabiv1::__class_type_info::~__class_type_info()
0014647c 00000020 T __cxxabiv1::__class_type_info::~__class_type_info()
0014649c 0000002c T __cxxabiv1::__class_type_info::~__class_type_info()
001464c8 00000070 T __cxxabiv1::__class_type_info::__do_upcast(__cxxabiv1::__class_type_info const*, void const*, __cxxabiv1::__class_type_info::__upcast_result&) const
00146538 00000090 T __cxxabiv1::__class_type_info::__do_catch(std::type_info const*, void**, unsigned int) const
001465c8 000000f8 T __cxxabiv1::__class_type_info::__do_dyncast(int, __cxxabiv1::__class_type_info::__sub_kind, __cxxabiv1::__class_type_info const*, void const*, __cxxabiv1::__class_type_info const*, void const*, __cxxabiv1::__class_type_info::__dyncast_result&) const
001466c0 00000004 T operator delete(void*, unsigned int)
001466c4 00000004 T operator delete[](void*)
001466c8 00000194 T __dynamic_cast
0014685c 0000012c t (anonymous namespace)::pool::free(void*) [clone .constprop.0]
00146988 000000f0 t (anonymous namespace)::pool::allocate(unsigned int) [clone .constprop.0]
00146a78 00000044 T __cxa_allocate_exception
00146abc 00000028 T __cxa_free_exception
00146ae4 000001a4 t _GLOBAL__sub_I__ZN9__gnu_cxx9__freeresEv
00146c88 T __cxa_end_cleanup
00146c98 00000138 T __cxa_type_match
00146dd0 000000b4 T __cxa_begin_cleanup
00146e84 000000b4 T __gnu_end_cleanup
00146f38 0000002c T __cxa_throw_bad_array_new_length
00146f64 00000070 t __cxxabiv1::__is_gxx_exception_class(char*)
00146fd4 0000002c T __cxa_call_terminate
00147000 00000148 T __cxa_call_unexpected
00147148 000000e0 T __cxa_begin_catch
00147228 000000e0 T __cxa_end_catch
00147308 00000018 T std::uncaught_exception()
00147320 00000004 T std::exception::~exception()
00147320 00000004 T std::exception::~exception()
00147324 00000004 T std::bad_exception::~bad_exception()
00147324 00000004 T std::bad_exception::~bad_exception()
00147328 0000000c T transaction clone for std::exception::what() const
00147328 0000000c T std::exception::what() const
00147334 0000000c T transaction clone for std::bad_exception::what() const
00147334 0000000c T std::bad_exception::what() const
00147340 00000020 T std::bad_exception::~bad_exception()
00147360 00000038 t eh_globals_dtor(void*)
00147398 00000038 T __cxa_get_globals_fast
001473d0 00000090 T __cxa_get_globals
00147460 00000040 t _GLOBAL__sub_I__ZN17__eh_globals_init7_S_initE
001474a0 00000034 t _GLOBAL__sub_D__ZN17__eh_globals_init7_S_initE
001474d4 00000150 t read_encoded_value_with_base(unsigned char, unsigned int, unsigned char const*, unsigned int*)
00147624 0000005c t base_of_encoded_value(unsigned char, _Unwind_Context*)
00147680 000000f0 t parse_lsda_header(_Unwind_Context*, unsigned char const*, lsda_header_info*)
00147770 000006c8 T __gxx_personality_v0
00147e38 00000014 T __cxxabiv1::__terminate(void (*)())
00147e4c 00000018 T std::terminate()
00147e64 0000000c T __cxxabiv1::__unexpected(void (*)())
00147e70 00000018 T std::unexpected()
00147e88 00000014 T std::get_terminate()
00147e9c 00000014 T std::get_unexpected()
00147eb0 00000070 t __gxx_exception_cleanup(_Unwind_Reason_Code, _Unwind_Control_Block*)
00147f20 00000054 T __cxa_init_primary_exception
00147f74 00000054 T __cxa_throw
00147fc8 000000b0 T __cxa_rethrow
00148078 0000000c W __gnu_cxx::__concurrence_broadcast_error::what() const
00148084 0000000c W __gnu_cxx::__concurrence_wait_error::what() const
00148090 00000038 t (anonymous namespace)::init()
001480c8 00000024 t (anonymous namespace)::init_static_cond()
001480ec 00000020 W __gnu_cxx::__concurrence_wait_error::~__concurrence_wait_error()
001480ec 00000020 W __gnu_cxx::__concurrence_wait_error::~__concurrence_wait_error()
0014810c 0000002c W __gnu_cxx::__concurrence_wait_error::~__concurrence_wait_error()
00148138 00000020 W __gnu_cxx::__concurrence_broadcast_error::~__concurrence_broadcast_error()
00148138 00000020 W __gnu_cxx::__concurrence_broadcast_error::~__concurrence_broadcast_error()
00148158 0000002c W __gnu_cxx::__concurrence_broadcast_error::~__concurrence_broadcast_error()
00148184 0000002c W __gnu_cxx::__throw_concurrence_broadcast_error()
001481b0 000001b0 T __cxa_guard_acquire
00148360 000000f0 T __cxa_guard_release
00148450 00000020 T __gnu_cxx::recursive_init_error::~recursive_init_error()
00148450 00000020 T __gnu_cxx::recursive_init_error::~recursive_init_error()
00148470 0000002c T __gnu_cxx::recursive_init_error::~recursive_init_error()
0014849c 00000010 T __gnu_cxx::recursive_init_error::recursive_init_error()
0014849c 00000010 T __gnu_cxx::recursive_init_error::recursive_init_error()
001484ac 00000014 T std::get_new_handler()
001484c0 0000005c T operator new(unsigned int)
0014851c 00000004 T operator new[](unsigned int)
00148520 0000001c T operator new[](unsigned int, std::nothrow_t const&)
0014853c 00000020 T __cxxabiv1::__si_class_type_info::~__si_class_type_info()
0014853c 00000020 T __cxxabiv1::__si_class_type_info::~__si_class_type_info()
0014855c 0000002c T __cxxabiv1::__si_class_type_info::~__si_class_type_info()
00148588 00000140 T __cxxabiv1::__si_class_type_info::__do_dyncast(int, __cxxabiv1::__class_type_info::__sub_kind, __cxxabiv1::__class_type_info const*, void const*, __cxxabiv1::__class_type_info const*, void const*, __cxxabiv1::__class_type_info::__dyncast_result&) const
001486c8 00000088 T __cxxabiv1::__si_class_type_info::__do_find_public_src(int, void const*, __cxxabiv1::__class_type_info const*, void const*) const
00148750 00000044 T __cxxabiv1::__si_class_type_info::__do_upcast(__cxxabiv1::__class_type_info const*, void const*, __cxxabiv1::__class_type_info::__upcast_result&) const
00148794 00000004 T std::type_info::~type_info()
00148794 00000004 T std::type_info::~type_info()
00148798 00000008 T std::type_info::__is_pointer_p() const
00148798 00000008 T std::type_info::__is_function_p() const
001487a0 00000020 T __cxxabiv1::__vmi_class_type_info::~__vmi_class_type_info()
001487a0 00000020 T __cxxabiv1::__vmi_class_type_info::~__vmi_class_type_info()
001487c0 0000002c T __cxxabiv1::__vmi_class_type_info::~__vmi_class_type_info()
001487ec 000000f4 T __cxxabiv1::__vmi_class_type_info::__do_find_public_src(int, void const*, __cxxabiv1::__class_type_info const*, void const*) const
001488e0 0000071c T __cxxabiv1::__vmi_class_type_info::__do_dyncast(int, __cxxabiv1::__class_type_info::__sub_kind, __cxxabiv1::__class_type_info const*, void const*, __cxxabiv1::__class_type_info const*, void const*, __cxxabiv1::__class_type_info::__dyncast_result&) const
00148ffc 0000022c T __cxxabiv1::__vmi_class_type_info::__do_upcast(__cxxabiv1::__class_type_info const*, void const*, __cxxabiv1::__class_type_info::__upcast_result&) const
00149228 00000068 t std::(anonymous namespace)::__set_C_locale()
00149290 000000c4 T void std::__convert_to_v<float>(char const*, float&, std::_Ios_Iostate&, int* const&)
00149358 000000dc T void std::__convert_to_v<double>(char const*, double&, std::_Ios_Iostate&, int* const&)
00149438 000000d0 T void std::__convert_to_v<long double>(char const*, long double&, std::_Ios_Iostate&, int* const&)
00149508 00000034 T std::locale::facet::_S_create_c_locale(int*&, char const*, int*)
0014953c 0000000c T std::locale::facet::_S_destroy_c_locale(int*&)
00149548 0000001c T std::codecvt<char, char, _mbstate_t>::do_in(_mbstate_t&, char const*, char const*, char const*&, char*, char*, char*&) const
00149548 0000001c T std::codecvt<char, char, _mbstate_t>::do_out(_mbstate_t&, char const*, char const*, char const*&, char*, char*, char*&) const
00149564 00000010 T std::codecvt<char, char, _mbstate_t>::do_unshift(_mbstate_t&, char*, char*, char*&) const
00149564 00000010 T std::codecvt<wchar_t, char, _mbstate_t>::do_unshift(_mbstate_t&, char*, char*, char*&) const
00149574 00000008 T std::codecvt<char, char, _mbstate_t>::do_encoding() const
00149574 00000008 T std::codecvt<char, char, _mbstate_t>::do_max_length() const
0014957c 00000008 T std::codecvt<char, char, _mbstate_t>::do_always_noconv() const
00149584 00000014 T std::codecvt<char, char, _mbstate_t>::do_length(_mbstate_t&, char const*, char const*, unsigned int) const
00149598 00000008 T std::codecvt<wchar_t, char, _mbstate_t>::do_always_noconv() const
001495a0 00000048 T std::codecvt<char, char, _mbstate_t>::~codecvt()
001495a0 00000048 T std::codecvt<char, char, _mbstate_t>::~codecvt()
001495e8 00000048 T std::codecvt<wchar_t, char, _mbstate_t>::~codecvt()
001495e8 00000048 T std::codecvt<wchar_t, char, _mbstate_t>::~codecvt()
00149630 0000005c T std::codecvt<char, char, _mbstate_t>::~codecvt()
0014968c 0000005c T std::codecvt<wchar_t, char, _mbstate_t>::~codecvt()
001496e8 00000048 T std::codecvt<char, char, _mbstate_t>::codecvt(unsigned int)
001496e8 00000048 T std::codecvt<char, char, _mbstate_t>::codecvt(unsigned int)
00149730 00000048 T std::codecvt<wchar_t, char, _mbstate_t>::codecvt(unsigned int)
00149730 00000048 T std::codecvt<wchar_t, char, _mbstate_t>::codecvt(unsigned int)
00149778 0000015c T std::codecvt<wchar_t, char, _mbstate_t>::do_out(_mbstate_t&, wchar_t const*, wchar_t const*, wchar_t const*&, char*, char*, char*&) const
001498d4 000000c0 T std::codecvt<wchar_t, char, _mbstate_t>::do_in(_mbstate_t&, char const*, char const*, char const*&, wchar_t*, wchar_t*, wchar_t*&) const
00149994 00000028 T std::codecvt<wchar_t, char, _mbstate_t>::do_encoding() const
001499bc 0000001c T std::codecvt<wchar_t, char, _mbstate_t>::do_max_length() const
001499d8 000000a0 T std::codecvt<wchar_t, char, _mbstate_t>::do_length(_mbstate_t&, char const*, char const*, unsigned int) const
00149a78 00000020 T std::__cxx11::collate<char>::_M_compare(char const*, char const*) const
00149a98 00000010 T std::__cxx11::collate<char>::_M_transform(char*, char const*, unsigned int) const
00149aa8 00000020 T std::__cxx11::collate<wchar_t>::_M_compare(wchar_t const*, wchar_t const*) const
00149ac8 00000010 T std::__cxx11::collate<wchar_t>::_M_transform(wchar_t*, wchar_t const*, unsigned int) const
00149ad8 00000020 T std::collate<char>::_M_compare(char const*, char const*) const
00149af8 00000010 T std::collate<char>::_M_transform(char*, char const*, unsigned int) const
00149b08 00000020 T std::collate<wchar_t>::_M_compare(wchar_t const*, wchar_t const*) const
00149b28 00000010 T std::collate<wchar_t>::_M_transform(wchar_t*, wchar_t const*, unsigned int) const
00149b38 00000048 T std::ios_base::_M_init()
00149b80 000000d8 t std::(anonymous namespace)::day_of_the_week(int, int, int)
00149c58 000000e4 T std::__num_base::_S_format_float(std::ios_base const&, char*, char)
00149d3c 000000e0 T std::__verify_grouping_impl(char const*, unsigned int, char const*, unsigned int)
00149e1c 0000000c T std::__verify_grouping(char const*, unsigned int, std::string const&)
00149e28 000004f4 T std::__time_get_state::_M_finalize_state(tm*)
0014a31c 000000cc T std::__cxx11::messages<char>::do_get(int, int, int, std::__cxx11::basic_string<char, std::char_traits<char>, std::allocator<char> > const&) const
0014a3e8 000000c8 T std::__cxx11::messages<wchar_t>::do_get(int, int, int, std::__cxx11::basic_string<wchar_t, std::char_traits<wchar_t>, std::allocator<wchar_t> > const&) const
0014a4b0 000000a8 T std::messages<char>::do_get(int, int, int, std::string const&) const
0014a558 000000a8 T std::messages<wchar_t>::do_get(int, int, int, std::basic_string<wchar_t, std::char_traits<wchar_t>, std::allocator<wchar_t> > const&) const
0014a600 00000020 T std::__verify_grouping(char const*, unsigned int, std::__cxx11::basic_string<char, std::char_traits<char>, std::allocator<char> > const&)
0014a620 00000108 T std::__cxx11::moneypunct<char, true>::_M_initialize_moneypunct(int*, char const*)
0014a728 00000108 T std::__cxx11::moneypunct<char, false>::_M_initialize_moneypunct(int*, char const*)
0014a830 00000048 T std::__cxx11::moneypunct<char, true>::~moneypunct()
0014a830 00000048 T std::__cxx11::moneypunct<char, true>::~moneypunct()
0014a878 0000005c T std::__cxx11::moneypunct<char, true>::~moneypunct()
0014a8d4 00000048 T std::__cxx11::moneypunct<char, false>::~moneypunct()
0014a8d4 00000048 T std::__cxx11::moneypunct<char, false>::~moneypunct()
0014a91c 0000005c T std::__cxx11::moneypunct<char, false>::~moneypunct()
0014a978 00000118 T std::__cxx11::moneypunct<wchar_t, true>::_M_initialize_moneypunct(int*, char const*)
0014aa90 00000118 T std::__cxx11::moneypunct<wchar_t, false>::_M_initialize_moneypunct(int*, char const*)
0014aba8 00000048 T std::__cxx11::moneypunct<wchar_t, true>::~moneypunct()
0014aba8 00000048 T std::__cxx11::moneypunct<wchar_t, true>::~moneypunct()
0014abf0 0000005c T std::__cxx11::moneypunct<wchar_t, true>::~moneypunct()
0014ac4c 00000048 T std::__cxx11::moneypunct<wchar_t, false>::~moneypunct()
0014ac4c 00000048 T std::__cxx11::moneypunct<wchar_t, false>::~moneypunct()
0014ac94 0000005c T std::__cxx11::moneypunct<wchar_t, false>::~moneypunct()
0014acf0 00000108 T std::moneypunct<char, true>::_M_initialize_moneypunct(int*, char const*)
0014adf8 00000108 T std::moneypunct<char, false>::_M_initialize_moneypunct(int*, char const*)
0014af00 00000078 T std::moneypunct<char, true>::~moneypunct()
0014af00 00000078 T std::moneypunct<char, true>::~moneypunct()
0014af78 00000028 T std::moneypunct<char, true>::~moneypunct()
0014afa0 00000078 T std::moneypunct<char, false>::~moneypunct()
0014afa0 00000078 T std::moneypunct<char, false>::~moneypunct()
0014b018 00000028 T std::moneypunct<char, false>::~moneypunct()
0014b040 00000118 T std::moneypunct<wchar_t, true>::_M_initialize_moneypunct(int*, char const*)
0014b158 00000118 T std::moneypunct<wchar_t, false>::_M_initialize_moneypunct(int*, char const*)
0014b270 00000078 T std::moneypunct<wchar_t, true>::~moneypunct()
0014b270 00000078 T std::moneypunct<wchar_t, true>::~moneypunct()
0014b2e8 00000028 T std::moneypunct<wchar_t, true>::~moneypunct()
0014b310 00000078 T std::moneypunct<wchar_t, false>::~moneypunct()
0014b310 00000078 T std::moneypunct<wchar_t, false>::~moneypunct()
0014b388 00000028 T std::moneypunct<wchar_t, false>::~moneypunct()
0014b3b0 0000011c T std::__cxx11::numpunct<char>::_M_initialize_numpunct(int*)
0014b4cc 00000048 T std::__cxx11::numpunct<char>::~numpunct()
0014b4cc 00000048 T std::__cxx11::numpunct<char>::~numpunct()
0014b514 0000005c T std::__cxx11::numpunct<char>::~numpunct()
0014b570 00000104 T std::__cxx11::numpunct<wchar_t>::_M_initialize_numpunct(int*)
0014b674 00000048 T std::__cxx11::numpunct<wchar_t>::~numpunct()
0014b674 00000048 T std::__cxx11::numpunct<wchar_t>::~numpunct()
0014b6bc 0000005c T std::__cxx11::numpunct<wchar_t>::~numpunct()
0014b718 0000011c T std::numpunct<char>::_M_initialize_numpunct(int*)
0014b834 00000078 T std::numpunct<char>::~numpunct()
0014b834 00000078 T std::numpunct<char>::~numpunct()
0014b8ac 00000028 T std::numpunct<char>::~numpunct()
0014b8d4 00000104 T std::numpunct<wchar_t>::_M_initialize_numpunct(int*)
0014b9d8 00000078 T std::numpunct<wchar_t>::~numpunct()
0014b9d8 00000078 T std::numpunct<wchar_t>::~numpunct()
0014ba50 00000028 T std::numpunct<wchar_t>::~numpunct()
0014ba78 00000008 T std::logic_error::what() const
0014ba78 00000008 T std::runtime_error::what() const
0014ba80 00000098 T std::logic_error::~logic_error()
0014ba80 00000098 T std::logic_error::~logic_error()
0014bb18 00000098 T std::runtime_error::~runtime_error()
0014bb18 00000098 T std::runtime_error::~runtime_error()
0014bbb0 000000a0 T std::runtime_error::~runtime_error()
0014bc50 00000098 T std::length_error::~length_error()
0014bc50 00000098 T std::length_error::~length_error()
0014bce8 00000098 T std::out_of_range::~out_of_range()
0014bce8 00000098 T std::out_of_range::~out_of_range()
0014bd80 000000a0 T std::logic_error::~logic_error()
0014be20 000000a0 T std::length_error::~length_error()
0014bec0 000000a0 T std::out_of_range::~out_of_range()
0014bf60 00000098 T std::__timepunct<char>::_M_put(char*, unsigned int, char const*, tm const*) const
0014bff8 00000304 T std::__timepunct<char>::_M_initialize_timepunct(int*)
0014c2fc 00000098 T std::__timepunct<wchar_t>::_M_put(wchar_t*, unsigned int, wchar_t const*, tm const*) const
0014c394 00000304 T std::__timepunct<wchar_t>::_M_initialize_timepunct(int*)
0014c698 00000010 T std::__codecvt_utf8_base<char32_t>::do_unshift(_mbstate_t&, char*, char*, char*&) const
0014c698 00000010 T std::__codecvt_utf8_base<char16_t>::do_unshift(_mbstate_t&, char*, char*, char*&) const
0014c698 00000010 T std::__codecvt_utf8_base<wchar_t>::do_unshift(_mbstate_t&, char*, char*, char*&) const
0014c698 00000010 T std::__codecvt_utf16_base<char32_t>::do_unshift(_mbstate_t&, char*, char*, char*&) const
0014c698 00000010 T std::__codecvt_utf16_base<char16_t>::do_unshift(_mbstate_t&, char*, char*, char*&) const
0014c698 00000010 T std::__codecvt_utf16_base<wchar_t>::do_unshift(_mbstate_t&, char*, char*, char*&) const
0014c698 00000010 T std::__codecvt_utf8_utf16_base<char32_t>::do_unshift(_mbstate_t&, char*, char*, char*&) const
0014c698 00000010 T std::__codecvt_utf8_utf16_base<char16_t>::do_unshift(_mbstate_t&, char*, char*, char*&) const
0014c698 00000010 T std::__codecvt_utf8_utf16_base<wchar_t>::do_unshift(_mbstate_t&, char*, char*, char*&) const
0014c698 00000010 T std::codecvt<char32_t, char, _mbstate_t>::do_unshift(_mbstate_t&, char*, char*, char*&) const
0014c698 00000010 T std::codecvt<char16_t, char, _mbstate_t>::do_unshift(_mbstate_t&, char*, char*, char*&) const
0014c6a8 00000008 T std::__codecvt_utf8_base<char32_t>::do_encoding() const
0014c6a8 00000008 T std::__codecvt_utf8_base<char16_t>::do_encoding() const
0014c6a8 00000008 T std::__codecvt_utf8_base<wchar_t>::do_encoding() const
0014c6a8 00000008 T std::__codecvt_utf16_base<char32_t>::do_encoding() const
0014c6a8 00000008 T std::__codecvt_utf16_base<char16_t>::do_encoding() const
0014c6a8 00000008 T std::__codecvt_utf16_base<wchar_t>::do_encoding() const
0014c6a8 00000008 T std::__codecvt_utf8_utf16_base<char32_t>::do_encoding() const
0014c6a8 00000008 T std::__codecvt_utf8_utf16_base<char16_t>::do_encoding() const
0014c6a8 00000008 T std::__codecvt_utf8_utf16_base<wchar_t>::do_encoding() const
0014c6a8 00000008 T std::codecvt<char32_t, char8_t, _mbstate_t>::do_encoding() const
0014c6a8 00000008 T std::codecvt<char32_t, char, _mbstate_t>::do_encoding() const
0014c6a8 00000008 T std::codecvt<char16_t, char8_t, _mbstate_t>::do_encoding() const
0014c6a8 00000008 T std::codecvt<char16_t, char, _mbstate_t>::do_encoding() const
0014c6b0 00000008 T std::__codecvt_utf8_base<char32_t>::do_always_noconv() const
0014c6b0 00000008 T std::__codecvt_utf8_base<char16_t>::do_always_noconv() const
0014c6b0 00000008 T std::__codecvt_utf8_base<wchar_t>::do_always_noconv() const
0014c6b0 00000008 T std::__codecvt_utf16_base<char32_t>::do_always_noconv() const
0014c6b0 00000008 T std::__codecvt_utf16_base<char16_t>::do_always_noconv() const
0014c6b0 00000008 T std::__codecvt_utf16_base<wchar_t>::do_always_noconv() const
0014c6b0 00000008 T std::__codecvt_utf8_utf16_base<char32_t>::do_always_noconv() const
0014c6b0 00000008 T std::__codecvt_utf8_utf16_base<char16_t>::do_always_noconv() const
0014c6b0 00000008 T std::__codecvt_utf8_utf16_base<wchar_t>::do_always_noconv() const
0014c6b0 00000008 T std::codecvt<char32_t, char8_t, _mbstate_t>::do_always_noconv() const
0014c6b0 00000008 T std::codecvt<char32_t, char, _mbstate_t>::do_always_noconv() const
0014c6b0 00000008 T std::codecvt<char16_t, char8_t, _mbstate_t>::do_always_noconv() const
0014c6b0 00000008 T std::codecvt<char16_t, char, _mbstate_t>::do_always_noconv() const
0014c6b8 00000008 T std::codecvt<char32_t, char8_t, _mbstate_t>::do_max_length() const
0014c6b8 00000008 T std::codecvt<char32_t, char, _mbstate_t>::do_max_length() const
0014c6b8 00000008 T std::codecvt<char16_t, char8_t, _mbstate_t>::do_max_length() const
0014c6b8 00000008 T std::codecvt<char16_t, char, _mbstate_t>::do_max_length() const
0014c6c0 00000010 T std::codecvt<char32_t, char8_t, _mbstate_t>::do_unshift(_mbstate_t&, char8_t*, char8_t*, char8_t*&) const
0014c6c0 00000010 T std::codecvt<char16_t, char8_t, _mbstate_t>::do_unshift(_mbstate_t&, char8_t*, char8_t*, char8_t*&) const
0014c6d0 00000104 t bool std::(anonymous namespace)::write_utf8_code_point<char>(std::(anonymous namespace)::range<char, true>&, char32_t)
0014c7d4 000001c0 t char32_t std::(anonymous namespace)::read_utf8_code_point<char>(std::(anonymous namespace)::range<char const, true>&, unsigned long)
0014c994 0000012c t bool std::(anonymous namespace)::write_utf8_code_point<char8_t>(std::(anonymous namespace)::range<char8_t, true>&, char32_t)
0014cac0 000001c0 t char32_t std::(anonymous namespace)::read_utf8_code_point<char8_t>(std::(anonymous namespace)::range<char8_t const, true>&, unsigned long)
0014cc80 00000020 T std::codecvt<char16_t, char, _mbstate_t>::~codecvt()
0014cc80 00000020 T std::codecvt<char16_t, char, _mbstate_t>::~codecvt()
0014cca0 00000020 T std::codecvt<char32_t, char, _mbstate_t>::~codecvt()
0014cca0 00000020 T std::codecvt<char32_t, char, _mbstate_t>::~codecvt()
0014ccc0 00000020 T std::codecvt<char16_t, char8_t, _mbstate_t>::~codecvt()
0014ccc0 00000020 T std::codecvt<char16_t, char8_t, _mbstate_t>::~codecvt()
0014cce0 00000020 T std::codecvt<char32_t, char8_t, _mbstate_t>::~codecvt()
0014cce0 00000020 T std::codecvt<char32_t, char8_t, _mbstate_t>::~codecvt()
0014cd00 00000028 T std::codecvt<char16_t, char, _mbstate_t>::~codecvt()
0014cd28 00000028 T std::codecvt<char32_t, char, _mbstate_t>::~codecvt()
0014cd50 00000028 T std::codecvt<char16_t, char8_t, _mbstate_t>::~codecvt()
0014cd78 00000028 T std::codecvt<char32_t, char8_t, _mbstate_t>::~codecvt()
0014cda0 00000070 T std::codecvt<char32_t, char8_t, _mbstate_t>::do_length(_mbstate_t&, char8_t const*, char8_t const*, unsigned int) const
0014ce10 0000008c T std::codecvt<char32_t, char8_t, _mbstate_t>::do_in(_mbstate_t&, char8_t const*, char8_t const*, char8_t const*&, char32_t*, char32_t*, char32_t*&) const
0014ce9c 000000a4 T std::codecvt<char32_t, char8_t, _mbstate_t>::do_out(_mbstate_t&, char32_t const*, char32_t const*, char32_t const*&, char8_t*, char8_t*, char8_t*&) const
0014cf40 0000009c T std::codecvt<char16_t, char8_t, _mbstate_t>::do_length(_mbstate_t&, char8_t const*, char8_t const*, unsigned int) const
0014cfdc 000000c4 T std::codecvt<char16_t, char8_t, _mbstate_t>::do_out(_mbstate_t&, char16_t const*, char16_t const*, char16_t const*&, char8_t*, char8_t*, char8_t*&) const
0014d0a0 00000104 t std::codecvt_base::result std::(anonymous namespace)::utf16_out<char16_t, char>(std::(anonymous namespace)::range<char16_t const, true>&, std::(anonymous namespace)::range<char, true>&, unsigned long, std::codecvt_mode, std::(anonymous namespace)::surrogates)
0014d1a4 00000064 T std::codecvt<char16_t, char, _mbstate_t>::do_out(_mbstate_t&, char16_t const*, char16_t const*, char16_t const*&, char*, char*, char*&) const
0014d208 000000fc t std::codecvt_base::result std::(anonymous namespace)::utf16_in<char, char16_t>(std::(anonymous namespace)::range<char const, true>&, std::(anonymous namespace)::range<char16_t, true>&, unsigned long, std::codecvt_mode)
0014d304 00000060 T std::codecvt<char16_t, char, _mbstate_t>::do_in(_mbstate_t&, char const*, char const*, char const*&, char16_t*, char16_t*, char16_t*&) const
0014d364 000000e0 T std::codecvt<char16_t, char8_t, _mbstate_t>::do_in(_mbstate_t&, char8_t const*, char8_t const*, char8_t const*&, char16_t*, char16_t*, char16_t*&) const
0014d444 00000070 T std::codecvt<char32_t, char, _mbstate_t>::do_length(_mbstate_t&, char const*, char const*, unsigned int) const
0014d4b4 0000008c T std::codecvt<char32_t, char, _mbstate_t>::do_in(_mbstate_t&, char const*, char const*, char const*&, char32_t*, char32_t*, char32_t*&) const
0014d540 000000a4 T std::codecvt<char32_t, char, _mbstate_t>::do_out(_mbstate_t&, char32_t const*, char32_t const*, char32_t const*&, char*, char*, char*&) const
0014d5e4 0000009c T std::codecvt<char16_t, char, _mbstate_t>::do_length(_mbstate_t&, char const*, char const*, unsigned int) const
0014d680 000007f0 T std::locale::_Impl::_M_init_extra(std::locale::facet**)
0014de70 000000d8 T std::logic_error::logic_error(char const*)
0014de70 000000d8 T std::logic_error::logic_error(char const*)
0014df48 00000020 T std::length_error::length_error(char const*)
0014df48 00000020 T std::length_error::length_error(char const*)
0014df68 00000020 T std::out_of_range::out_of_range(char const*)
0014df68 00000020 T std::out_of_range::out_of_range(char const*)
0014df88 000000d8 T std::runtime_error::runtime_error(char const*)
0014df88 000000d8 T std::runtime_error::runtime_error(char const*)
0014e060 000000c8 T std::__cow_string::__cow_string(char const*, unsigned int)
0014e060 000000c8 T std::__cow_string::__cow_string(char const*, unsigned int)
0014e128 00000004 T std::ios_base::failure[abi:cxx11]::what() const
0014e12c 00000020 T std::ios_base::failure[abi:cxx11]::~failure()
0014e12c 00000020 T std::ios_base::failure[abi:cxx11]::~failure()
0014e14c 00000028 T std::ios_base::failure[abi:cxx11]::~failure()
0014e174 00000020 T std::__iosfail_type_info::~__iosfail_type_info()
0014e174 00000020 T std::__iosfail_type_info::~__iosfail_type_info()
0014e194 00000028 T std::__iosfail_type_info::~__iosfail_type_info()
0014e1bc 0000004c T std::__iosfail_type_info::__do_upcast(__cxxabiv1::__class_type_info const*, void**) const
0014e208 00000034 W std::__ios_failure::~__ios_failure()
0014e208 00000034 W std::__ios_failure::~__ios_failure()
0014e23c 0000003c W std::__ios_failure::~__ios_failure()
0014e278 00000094 T std::__throw_ios_failure(char const*)
0014e30c 0000000c W std::__cxx11::moneypunct<char, false>::do_decimal_point() const
0014e318 0000000c W std::__cxx11::moneypunct<char, false>::do_thousands_sep() const
0014e324 0000000c W std::__cxx11::moneypunct<char, false>::do_frac_digits() const
0014e330 00000014 W std::__cxx11::moneypunct<char, false>::do_pos_format() const
0014e344 00000014 W std::__cxx11::moneypunct<char, false>::do_neg_format() const
0014e358 0000000c W std::__cxx11::moneypunct<char, true>::do_decimal_point() const
0014e364 0000000c W std::__cxx11::moneypunct<char, true>::do_thousands_sep() const
0014e370 0000000c W std::__cxx11::moneypunct<char, true>::do_frac_digits() const
0014e37c 00000014 W std::__cxx11::moneypunct<char, true>::do_pos_format() const
0014e390 00000014 W std::__cxx11::moneypunct<char, true>::do_neg_format() const
0014e3a4 0000000c W std::__cxx11::numpunct<char>::do_decimal_point() const
0014e3b0 0000000c W std::__cxx11::numpunct<char>::do_thousands_sep() const
0014e3bc 00000008 W std::__cxx11::time_get<char, std::istreambuf_iterator<char, std::char_traits<char> > >::do_date_order() const
0014e3c4 00000008 W std::__cxx11::messages<char>::do_open(std::__cxx11::basic_string<char, std::char_traits<char>, std::allocator<char> > const&, std::locale const&) const
0014e3cc 00000004 W std::__cxx11::messages<char>::do_close(int) const
0014e3d0 00000020 W std::__cxx11::collate<char>::do_hash(char const*, char const*) const
0014e3f0 00000020 W std::__cxx11::money_get<char, std::istreambuf_iterator<char, std::char_traits<char> > >::~money_get()
0014e3f0 00000020 W std::__cxx11::money_get<char, std::istreambuf_iterator<char, std::char_traits<char> > >::~money_get()
0014e410 00000028 W std::__cxx11::money_get<char, std::istreambuf_iterator<char, std::char_traits<char> > >::~money_get()
0014e438 00000020 W std::__cxx11::money_put<char, std::ostreambuf_iterator<char, std::char_traits<char> > >::~money_put()
0014e438 00000020 W std::__cxx11::money_put<char, std::ostreambuf_iterator<char, std::char_traits<char> > >::~money_put()
0014e458 00000028 W std::__cxx11::money_put<char, std::ostreambuf_iterator<char, std::char_traits<char> > >::~money_put()
0014e480 00000020 W std::__cxx11::time_get<char, std::istreambuf_iterator<char, std::char_traits<char> > >::~time_get()
0014e480 00000020 W std::__cxx11::time_get<char, std::istreambuf_iterator<char, std::char_traits<char> > >::~time_get()
0014e4a0 00000028 W std::__cxx11::time_get<char, std::istreambuf_iterator<char, std::char_traits<char> > >::~time_get()
0014e4c8 00000028 W std::__cxx11::messages<char>::~messages()
0014e4c8 00000028 W std::__cxx11::messages<char>::~messages()
0014e4f0 0000001c W std::__cxx11::messages<char>::~messages()
0014e50c 00000028 W std::__cxx11::collate<char>::~collate()
0014e50c 00000028 W std::__cxx11::collate<char>::~collate()
0014e534 00000094 t void std::__cxx11::basic_string<char, std::char_traits<char>, std::allocator<char> >::_M_construct<char const*>(char const*, char const*, std::forward_iterator_tag) [clone .isra.0]
0014e5c8 00000030 W std::__cxx11::collate<char>::~collate()
0014e5f8 00000058 W std::__cxx11::moneypunct<char, false>::do_grouping() const
0014e650 00000058 W std::__cxx11::moneypunct<char, false>::do_curr_symbol() const
0014e6a8 00000058 W std::__cxx11::moneypunct<char, false>::do_positive_sign() const
0014e700 00000058 W std::__cxx11::moneypunct<char, false>::do_negative_sign() const
0014e758 00000058 W std::__cxx11::moneypunct<char, true>::do_grouping() const
0014e7b0 00000058 W std::__cxx11::moneypunct<char, true>::do_curr_symbol() const
0014e808 00000058 W std::__cxx11::moneypunct<char, true>::do_positive_sign() const
0014e860 00000058 W std::__cxx11::moneypunct<char, true>::do_negative_sign() const
0014e8b8 00000058 W std::__cxx11::numpunct<char>::do_grouping() const
0014e910 00000058 W std::__cxx11::numpunct<char>::do_truename() const
0014e968 00000058 W std::__cxx11::numpunct<char>::do_falsename() const
0014e9c0 000000f8 W std::__cxx11::collate<char>::do_compare(char const*, char const*, char const*, char const*) const
0014eab8 000002c0 W std::__cxx11::collate<char>::do_transform(char const*, char const*) const
0014ed78 00001300 W std::istreambuf_iterator<char, std::char_traits<char> > std::__cxx11::money_get<char, std::istreambuf_iterator<char, std::char_traits<char> > >::_M_extract<true>(std::istreambuf_iterator<char, std::char_traits<char> >, std::istreambuf_iterator<char, std::char_traits<char> >, std::ios_base&, std::_Ios_Iostate&, std::__cxx11::basic_string<char, std::char_traits<char>, std::allocator<char> >&) const
00150078 00001300 W std::istreambuf_iterator<char, std::char_traits<char> > std::__cxx11::money_get<char, std::istreambuf_iterator<char, std::char_traits<char> > >::_M_extract<false>(std::istreambuf_iterator<char, std::char_traits<char> >, std::istreambuf_iterator<char, std::char_traits<char> >, std::ios_base&, std::_Ios_Iostate&, std::__cxx11::basic_string<char, std::char_traits<char>, std::allocator<char> >&) const
00151378 000000cc W std::__cxx11::money_get<char, std::istreambuf_iterator<char, std::char_traits<char> > >::do_get(std::istreambuf_iterator<char, std::char_traits<char> >, std::istreambuf_iterator<char, std::char_traits<char> >, bool, std::ios_base&, std::_Ios_Iostate&, long double&) const
00151444 000001b4 W std::__cxx11::money_get<char, std::istreambuf_iterator<char, std::char_traits<char> > >::do_get(std::istreambuf_iterator<char, std::char_traits<char> >, std::istreambuf_iterator<char, std::char_traits<char> >, bool, std::ios_base&, std::_Ios_Iostate&, std::__cxx11::basic_string<char, std::char_traits<char>, std::allocator<char> >&) const
001515f8 00000750 W std::ostreambuf_iterator<char, std::char_traits<char> > std::__cxx11::money_put<char, std::ostreambuf_iterator<char, std::char_traits<char> > >::_M_insert<true>(std::ostreambuf_iterator<char, std::char_traits<char> >, std::ios_base&, char, std::__cxx11::basic_string<char, std::char_traits<char>, std::allocator<char> > const&) const
00151d48 00000750 W std::ostreambuf_iterator<char, std::char_traits<char> > std::__cxx11::money_put<char, std::ostreambuf_iterator<char, std::char_traits<char> > >::_M_insert<false>(std::ostreambuf_iterator<char, std::char_traits<char> >, std::ios_base&, char, std::__cxx11::basic_string<char, std::char_traits<char>, std::allocator<char> > const&) const
00152498 000001f0 W std::__cxx11::money_put<char, std::ostreambuf_iterator<char, std::char_traits<char> > >::do_put(std::ostreambuf_iterator<char, std::char_traits<char> >, bool, std::ios_base&, char, long double) const
00152688 00000054 W std::__cxx11::money_put<char, std::ostreambuf_iterator<char, std::char_traits<char> > >::do_put(std::ostreambuf_iterator<char, std::char_traits<char> >, bool, std::ios_base&, char, std::__cxx11::basic_string<char, std::char_traits<char>, std::allocator<char> > const&) const
001526dc 000002b0 W std::__cxx11::time_get<char, std::istreambuf_iterator<char, std::char_traits<char> > >::_M_extract_num(std::istreambuf_iterator<char, std::char_traits<char> >, std::istreambuf_iterator<char, std::char_traits<char> >, int&, int, int, unsigned int, std::ios_base&, std::_Ios_Iostate&) const
0015298c 000008e4 W std::__cxx11::time_get<char, std::istreambuf_iterator<char, std::char_traits<char> > >::do_get_year(std::istreambuf_iterator<char, std::char_traits<char> >, std::istreambuf_iterator<char, std::char_traits<char> >, std::ios_base&, std::_Ios_Iostate&, tm*) const
00153270 00000d14 W std::__cxx11::time_get<char, std::istreambuf_iterator<char, std::char_traits<char> > >::_M_extract_name(std::istreambuf_iterator<char, std::char_traits<char> >, std::istreambuf_iterator<char, std::char_traits<char> >, int&, char const**, unsigned int, std::ios_base&, std::_Ios_Iostate&) const
00153f84 000006b4 W std::__cxx11::time_get<char, std::istreambuf_iterator<char, std::char_traits<char> > >::_M_extract_wday_or_month(std::istreambuf_iterator<char, std::char_traits<char> >, std::istreambuf_iterator<char, std::char_traits<char> >, int&, char const**, unsigned int, std::ios_base&, std::_Ios_Iostate&) const
00154638 00000244 W std::__cxx11::time_get<char, std::istreambuf_iterator<char, std::char_traits<char> > >::do_get_weekday(std::istreambuf_iterator<char, std::char_traits<char> >, std::istreambuf_iterator<char, std::char_traits<char> >, std::ios_base&, std::_Ios_Iostate&, tm*) const
0015487c 000002b4 W std::__cxx11::time_get<char, std::istreambuf_iterator<char, std::char_traits<char> > >::do_get_monthname(std::istreambuf_iterator<char, std::char_traits<char> >, std::istreambuf_iterator<char, std::char_traits<char> >, std::ios_base&, std::_Ios_Iostate&, tm*) const
00154b30 0000003c W std::__cxx11::messages<char>::messages(unsigned int)
00154b30 0000003c W std::__cxx11::messages<char>::messages(unsigned int)
00154b6c 0000221c W std::__cxx11::time_get<char, std::istreambuf_iterator<char, std::char_traits<char> > >::_M_extract_via_format(std::istreambuf_iterator<char, std::char_traits<char> >, std::istreambuf_iterator<char, std::char_traits<char> >, std::ios_base&, std::_Ios_Iostate&, tm*, char const*, std::__time_get_state&) const
00154b6c 0000221c t std::__cxx11::time_get<char, std::istreambuf_iterator<char, std::char_traits<char> > >::_M_extract_via_format(std::istreambuf_iterator<char, std::char_traits<char> >, std::istreambuf_iterator<char, std::char_traits<char> >, std::ios_base&, std::_Ios_Iostate&, tm*, char const*, std::__time_get_state&) const [clone .localalias]
00156d88 000001b8 W std::__cxx11::time_get<char, std::istreambuf_iterator<char, std::char_traits<char> > >::do_get_time(std::istreambuf_iterator<char, std::char_traits<char> >, std::istreambuf_iterator<char, std::char_traits<char> >, std::ios_base&, std::_Ios_Iostate&, tm*) const
00156f40 000001b8 W std::__cxx11::time_get<char, std::istreambuf_iterator<char, std::char_traits<char> > >::do_get_date(std::istreambuf_iterator<char, std::char_traits<char> >, std::istreambuf_iterator<char, std::char_traits<char> >, std::ios_base&, std::_Ios_Iostate&, tm*) const
001570f8 000001f0 W std::__cxx11::time_get<char, std::istreambuf_iterator<char, std::char_traits<char> > >::do_get(std::istreambuf_iterator<char, std::char_traits<char> >, std::istreambuf_iterator<char, std::char_traits<char> >, std::ios_base&, std::_Ios_Iostate&, tm*, char, char) const
001572e8 000000a4 t _GLOBAL__sub_I__ZNSt12ctype_bynameIcEC2ERKNSt7__cxx1112basic_stringIcSt11char_traitsIcESaIcEEEj
0015738c 00000030 T std::runtime_error::runtime_error(std::__cxx11::basic_string<char, std::char_traits<char>, std::allocator<char> > const&)
0015738c 00000030 T std::runtime_error::runtime_error(std::__cxx11::basic_string<char, std::char_traits<char>, std::allocator<char> > const&)
001573bc 0000000c t (anonymous namespace)::io_error_category::name() const
001573c8 00000020 t (anonymous namespace)::io_error_category::~io_error_category()
001573c8 00000020 t (anonymous namespace)::io_error_category::~io_error_category()
001573e8 00000028 t (anonymous namespace)::io_error_category::~io_error_category()
00157410 00000080 t (anonymous namespace)::io_error_category::message[abi:cxx11](int) const
00157490 0000000c T std::iostream_category()
0015749c 00000008 T std::ios_base::failure::what() const
001574a4 00000098 T std::ios_base::failure::~failure()
001574a4 00000098 T std::ios_base::failure::~failure()
0015753c 000000a0 T std::ios_base::failure::~failure()
001575dc 000000d4 T std::ios_base::failure::failure(std::string const&)
001575dc 000000d4 T std::ios_base::failure::failure(std::string const&)
001576b0 00000130 T std::__construct_ios_failure(void*, char const*)
001577e0 000000c0 T std::__destroy_ios_failure(void*)
001578a0 00000044 T std::__is_ios_failure_handler(__cxxabiv1::__class_type_info const*)
001578e4 0000002c T __aeabi_d2lz
001578e4 0000002c T __fixdfdi
00157910 00000040 T __aeabi_d2ulz
00157910 00000040 T __fixunsdfdi
00157950 00000130 T __udivmoddi4
00157a80 00000018 t selfrel_offset31
00157a98 00000090 t search_EIT_table
00157b28 00000040 t __gnu_unwind_get_pr_addr
00157b68 00000110 t get_eit_entry
00157c78 00000088 t restore_non_core_regs
00157d00 00000014 t _Unwind_decode_typeinfo_ptr.constprop.0
00157d14 00000004 t _Unwind_DebugHook
00157d18 00000064 t unwind_phase2
00157d7c 0000013c t unwind_phase2_forced
00157eb8 000000a4 T __gnu_Unwind_RaiseException
00157f5c 00000020 T __gnu_Unwind_ForcedUnwind
00157f7c 00000074 T __gnu_Unwind_Resume
00157ff0 00000020 T __gnu_Unwind_Resume_or_Rethrow
00158010 00000004 T _Unwind_Complete
00158014 00000018 T _Unwind_DeleteException
0015802c 00000064 T _Unwind_VRS_Get
00158090 0000002c t _Unwind_GetGR
001580bc 00000064 T _Unwind_VRS_Set
00158120 0000002c t _Unwind_SetGR
0015814c 000000c0 T __gnu_Unwind_Backtrace
0015820c 0000040c t __gnu_unwind_pr_common
00158618 00000008 T __aeabi_unwind_cpp_pr0
00158620 00000008 W __aeabi_unwind_cpp_pr1
00158628 00000008 W __aeabi_unwind_cpp_pr2
00158630 00000458 T _Unwind_VRS_Pop
00158a88 00000064 t next_unwind_byte
00158aec 0000002c t _Unwind_GetGR.constprop.0
00158b18 00000004 t unwind_UCB_from_context
00158b1c 00000464 T __gnu_unwind_execute
00158f80 00000048 T __gnu_unwind_frame
00158fc8 00000010 T _Unwind_GetRegionStart
00158fd8 0000001c T _Unwind_GetLanguageSpecificData
00158ff4 00000008 T _Unwind_GetDataRelBase
00158ffc 00000008 T _Unwind_GetTextRelBase
00159004 000000d8 T strncmp
001590dc 00000140 T strchr
0015921c 00000024 T getenv
00159240 0000016c T memmove
001593ac 00000008 T wmemmove
001593b4 00000140 t iso_year_adjust
001594f4 00001118 t __strftime.isra.0
0015a60c 00000038 T strftime
0015a644 00000144 T _fclose_r
0015a788 0000000c T abs
0015a794 0000007c t currentlocale
0015a810 000007c8 T __loadlocale
0015afd8 0000008c T __get_locale_env
0015b064 00000348 T _setlocale_r
0015b3ac 00000024 T __locale_mb_cur_max
0015b3d0 00000028 T setlocale
0015b3f8 00000004 T putwc
0015b3fc 00000004 T wcsxfrm
0015b400 000000b8 T __submore
0015b4b8 00000230 T _ungetc_r
0015b6e8 00000028 T ungetc
0015b710 00000060 t sulp
0015b770 00001428 T _strtod_l
0015cb98 00000044 T _strtod_r
0015cbdc 00000048 T strtod
0015cc28 00000110 T strtof
0015cd38 00000104 T _fwrite_r
0015ce3c 00000038 T fwrite
0015ce74 0000008c T strlen
0015cf00 00000140 t iso_year_adjust
0015d040 000011d0 t __strftime.isra.0
0015e210 00000038 T wcsftime
0015e248 00000070 T strcat
0015e2b8 000000f4 t rshift
0015e3ac 000008b4 T __gethex
0015ec60 00000078 T strxfrm
0015ecd8 000000e4 T putc
0015edbc 000000d8 T memcmp
0015ee94 0000001c t stdio_exit_handler
0015eeb0 0000005c t cleanup_stdio
0015ef0c 00000154 t global_stdio_init.part.0
0015f060 0000005c T __sinit
0015f0bc 0000000c T __sfp_lock_acquire
0015f0c8 0000000c T __sfp_lock_release
0015f0d4 000001ec t _strtoul_l.isra.0
0015f2c0 00000038 T _strtoul_r
0015f2f8 0000003c T strtoul
0015f334 00000044 T __ascii_mbtowc
0015f378 00000340 T __utf8_mbtowc
0015f6b8 000000dc T __sjis_mbtowc
0015f794 00000150 T __eucjp_mbtowc
0015f8e4 000001d8 T __jis_mbtowc
0015fabc 00000084 T __libc_init_array
0015fb40 0000009c T strncat
0015fbdc 00000070 T _fwalk_sglue
0015fc4c 00000078 T bsearch
0015fcc4 00000010 T _tzset_unlocked
0015fcd4 000000e8 T _ungetwc_r
0015fdbc 00000050 T ungetwc
0015fe0c 0000000c T __errno
0015fe18 00000008 T wmemcpy
0015fe20 00000088 T _vsnprintf_r
0015fea8 00000038 T vsnprintf
0015fee0 000001c8 T _wctype_r
001600a8 00000020 T wctype
001600c8 0000000c T labs
001600d4 00000014 T abort
001600e8 0000000c T __gettzinfo
001600f4 000000d8 T getc
001601cc 00000044 T strlcpy
00160210 00000034 T fseek
00160244 00000028 T memalign
0016026c 0000000c T __tz_lock
00160278 0000000c T __tz_unlock
00160284 0000082c T _malloc_r
00160ab0 000000e8 T memchr
00160b98 00000068 T strcasecmp
00160c00 000000a0 T _wcrtomb_r
00160ca0 000000a8 T wcrtomb
00160d48 000000f0 T strcpy
00160e38 00000114 T _malloc_trim_r
00160f4c 00000314 T _free_r
00161260 00000008 T towupper
00161268 000005e0 t get_arg
00161848 0000345c T _svfprintf_r
00164ca4 00000384 t _strtol_l.part.0
00165028 0000006c T _strtol_r
00165094 00000074 T strtol
00165108 00000048 T wcslcpy
00165150 0000003c T strnlen
0016518c 00000004 T strcoll
00165190 00000648 T _tzset_unlocked_r
001657d8 00000040 T malloc
00165818 00000020 T free
00165838 000000a0 T __xpg_strerror_r
001658d8 00000080 T wctob
00165958 00000034 T wcscpy
0016598c 000000a0 T sniprintf
00165a2c 0000022c T __sflush_r
00165c58 000000c4 T _fflush_r
00165d1c 00000044 T fflush
00165d60 00000010 T __set_ctype
00165d70 0000007c T btowc
00165dec 00000040 T mbstowcs
00165e2c 000000dc T _findenv_r
00165f08 00000018 T _getenv_r
00165f20 000000c4 T swprintf
00165fe4 000000e4 T memset
001660c8 00000030 T wmemchr
001660f8 000004f0 T _realloc_r
001665e8 00000094 T strncasecmp
0016667c 00000334 T _fread_r
001669b0 00000038 T fread
001669e8 0000000c T __malloc_lock
001669f4 0000000c T __malloc_unlock
00166a00 00000258 T __tzcalc_limits
00166c58 00000004 W __call_exitprocs
00166c5c 00000030 T exit
00166c8c 00000294 T setvbuf
00166f20 0000002c T __ascii_wctomb
00166f4c 000000f8 T __utf8_wctomb
00167044 00000088 T __sjis_wctomb
001670cc 000000b4 T __eucjp_wctomb
00167180 000000c8 T __jis_wctomb
00167248 0000002c T wcslen
00167274 00000068 T __srget_r
001672dc 000000d4 T strncpy
001673b0 00000034 T ftell
001673e4 0000012c T memcpy
00167510 00000024 T wmemset
00167534 00000028 T _wcsrtombs_r
0016755c 00000004 T wcscoll
00167560 000005e0 t get_arg
00167b40 0000226c T _svfiprintf_r
00169dac 00000070 T __match
00169e1c 000002a8 T __hexnan
0016a0c4 00000008 T towlower
0016a0cc 00000078 T sscanf
0016a144 00000004 T getwc
0016a148 000000c4 T _mbrtowc_r
0016a20c 000000b8 T mbrtowc
0016a2c4 00000058 T iswctype
0016a320 00000010 T nan
0016a330 0000000c T nanf
0016a340 00000088 T frexp
0016a3c8 000004a4 T __sfvwrite_r
0016a86c 000001f0 T _wcstoul_l
0016aa5c 00000054 T wcstoul
0016aab0 00000008 T iswalnum
0016aab8 00000044 T __sread
0016aafc 00000008 T __seofread
0016ab04 00000068 T __swrite
0016ab6c 00000040 T __sseek
0016abac 00000008 T __sclose
0016abb4 0000009c T _raise_r
0016ac50 00000020 T raise
0016ac70 000000fc T __fputwc
0016ad6c 000000b8 T fputwc
0016ae24 0000000c T __env_lock
0016ae30 0000000c T __env_unlock
0016ae3c 0000005c T __assert_func
0016ae98 00000410 T _strerror_r
0016b2a8 00000038 T iswspace_l
0016b2e0 00000088 T _Balloc
0016b368 0000001c T _Bfree
0016b384 000000f4 T __multadd
0016b478 0000010c T __s2b
0016b584 00000080 T __hi0bits
0016b604 000000f0 T __lo0bits
0016b6f4 000000a4 T __i2b
0016b798 00000230 T __multiply
0016b9c8 00000130 T __pow5mult
0016baf8 00000138 T __lshift
0016bc30 00000058 T __mcmp
0016bc88 00000218 T __mdiff
0016bea0 00000068 T __ulp
0016bf08 000000d4 T __b2d
0016bfdc 00000120 T __d2b
0016c0fc 00000078 T __ratio
0016c174 0000008c T __copybits
0016c200 0000005c T __any_on
0016c25c 00000008 T _user_strerror
0016c264 000000a4 T __ssprint_r
0016c308 00000008 T iswblank
0016c310 00000008 T iswlower
0016c318 0000003c T fiprintf
0016c354 0000016c T _memalign_r
0016c4c0 00000124 T __swbuf_r
0016c5e4 0000015c T _wcsnrtombs_l
0016c740 00000064 T _wcsnrtombs_r
0016c7a4 0000002c T wcscmp
0016c7d0 00000088 T fgetwc
0016c858 00000008 T iswalpha
0016c860 00000044 T towctrans
0016c8a4 00000588 T _fseeko_r
0016ce2c 00000078 T siscanf
0016cea4 00000008 T iswspace
0016ceac 00000014 T iswdigit
0016cec0 000000b8 T _mbstowcs_r
0016cf78 00000024 T _localeconv_r
0016cf9c 000000d8 T _calloc_r
0016d074 00000024 T iswalpha_l
0016d098 000001c0 t quorem
0016d258 000013f0 T _dtoa_r
0016e648 00000078 T __swbufw_r
0016e6c0 00000008 T iswprint
0016e6c8 0000003c T __libc_fini_array
0016e704 00000008 T iswcntrl
0016e70c 00000090 T category
0016e79c 00000020 T iswxdigit
0016e7bc 00000038 t lflush
0016e7f4 000001a8 T __srefill_r
0016e99c 00000164 T __smakebuf_r
0016eb00 00000090 T __swhatbuf_r
0016eb90 00000288 t wcvt
0016ee18 0000057c t get_arg.isra.0
0016f398 00003134 T _svfwprintf_r
001724cc 0000012c T __ssputs_r
001725f8 00000008 T iswupper
00172600 00000008 T iswgraph
00172608 000001c4 T _ftello_r
001727cc 00000050 t get_arg
0017281c 00002b88 T __ssvfscanf_r
001753a4 00000044 T iswlower_l
001753e8 00000020 T iswblank_l
00175408 00000264 t _strtoull_l.isra.0
0017566c 00000038 T _strtoull_r
001756a4 00000038 T iswalnum_l
001756dc 00000008 T iswpunct
001756e4 00000140 T __swsetup_r
00175824 0000047c t _strtoll_l.isra.0
00175ca0 00000038 T _strtoll_r
00175cd8 000005e0 t get_arg
001762b8 000022f8 T _vfiprintf_r
001785b0 000000b4 t __sbprintf
00178664 00000050 t get_arg
001786b4 000000e4 T _sungetc_r
00178798 0000006c T __ssrefill_r
00178804 000000b4 T _sfread_r
001788b8 000022c4 T __ssvfiscanf_r
0017ab7c 00000238 T towctrans_l
0017adb4 00000068 T sprintf
0017ae1c 000000a4 T __sswprint_r
0017aec0 00000018 T iswprint_l
0017aed8 00000024 T iswcntrl_l
0017aefc 00000044 T iswupper_l
0017af40 00000030 T __sprint_r
0017af70 00000028 T realloc
0017af98 00000024 T iswgraph_l
0017afbc 000000fc T _mbsnrtowcs_r
0017b0b8 000000f8 T __sccl
0017b1b0 00000020 T iswpunct_l
0017b1d0 00000040 T mbrlen
0017b210 000000dc T stpncpy
0017b2ec 00000020 T _exit
0017b30c 00000140 T chdir
0017b44c 000001c8 T _concatenate_path
0017b614 0000009c T _fstat_r
0017b6b0 00000014 T _getpid_r
0017b6c4 0000002c T __getreent
0017b6f0 00000058 T __get_handle
0017b748 00000110 T _close_r
0017b858 00000008 t null_write
0017b860 00000018 T setDefaultDevice
0017b878 000000c4 T FindDevice
0017b93c 00000028 T RemoveDevice
0017b964 00000098 T AddDevice
0017b9fc 00000020 T GetDeviceOpTab
0017ba1c 00000008 T _isatty_r
0017ba24 00000014 T _kill_r
0017ba38 00000094 T _lseek_r
0017bacc 00000040 T nanosleep
0017bb0c 00000094 T _read_r
0017bba0 00000078 W _sbrk_r
0017bc18 0000001c T __libc_lock_acquire
0017bc34 0000001c T __libc_lock_release
0017bc50 0000001c T __libc_lock_acquire_recursive
0017bc6c 0000001c T __libc_lock_release_recursive
0017bc88 00000094 T _write_r
0017bd1c 00000048 T strrchr
0017bd64 T _fini
0017c52c r .LC11
0017c52c r .LC11
0017c52c r .LC16
0017c52c r .LC16
0017c538 r .LC12
0017c538 r .LC12
0017c538 r .LC17
0017c538 r .LC17
0017c540 r .LC13
0017c540 r .LC13
0017c540 r .LC18
0017c540 r .LC18
0017d30c r .LC2
0017d4bc 00000080 r dotab_stdout
0017d53c 00000018 r grayScale
0017d554 00000006 r colorCube
0017d55c 00000030 r colorTable
0017d5a8 00000008 r morton_y.2
0017d5b0 00000008 r morton_x.3
0017d5b8 00000008 r s_sleepWakeEvents.4
0017d5c0 0000000c r serviceNameTable.5
0017d5cc R default_font_bin
0017ddcc R default_font_bin_end
0017ddcc 00000030 r error_table
0017ddfc 00000080 r archive_devoptab
0017de7c 00000012 R typeinfo name for std::locale::facet
0017de90 00000008 R typeinfo for std::locale::facet
0017de98 00000027 V typeinfo name for __gnu_cxx::__concurrence_lock_error
0017dec0 0000000c V typeinfo for __gnu_cxx::__concurrence_lock_error
0017decc 00000029 V typeinfo name for __gnu_cxx::__concurrence_unlock_error
0017def8 0000000c V typeinfo for __gnu_cxx::__concurrence_unlock_error
0017df04 00000014 V vtable for __gnu_cxx::__concurrence_lock_error
0017df18 00000014 V vtable for __gnu_cxx::__concurrence_unlock_error
0017df2c 00000002 R std::locale::facet::_S_c_name
0017df5c 00000020 r typeinfo for std::__facet_shims::(anonymous namespace)::numpunct_shim<char>
0017df7c 00000035 r typeinfo name for std::__facet_shims::(anonymous namespace)::numpunct_shim<char>
0017dfb4 00000020 r typeinfo for std::__facet_shims::(anonymous namespace)::collate_shim<char>
0017dfd4 00000034 r typeinfo name for std::__facet_shims::(anonymous namespace)::collate_shim<char>
0017e008 00000020 r typeinfo for std::__facet_shims::(anonymous namespace)::moneypunct_shim<char, true>
0017e028 0000003b r typeinfo name for std::__facet_shims::(anonymous namespace)::moneypunct_shim<char, true>
0017e064 00000020 r typeinfo for std::__facet_shims::(anonymous namespace)::moneypunct_shim<char, false>
0017e084 0000003b r typeinfo name for std::__facet_shims::(anonymous namespace)::moneypunct_shim<char, false>
0017e0c0 00000020 r typeinfo for std::__facet_shims::(anonymous namespace)::money_get_shim<char>
0017e0e0 00000036 r typeinfo name for std::__facet_shims::(anonymous namespace)::money_get_shim<char>
0017e118 00000020 r typeinfo for std::__facet_shims::(anonymous namespace)::money_put_shim<char>
0017e138 00000036 r typeinfo name for std::__facet_shims::(anonymous namespace)::money_put_shim<char>
0017e170 00000020 r typeinfo for std::__facet_shims::(anonymous namespace)::messages_shim<char>
0017e190 00000035 r typeinfo name for std::__facet_shims::(anonymous namespace)::messages_shim<char>
0017e1c8 00000020 r typeinfo for std::__facet_shims::(anonymous namespace)::numpunct_shim<wchar_t>
0017e1e8 00000035 r typeinfo name for std::__facet_shims::(anonymous namespace)::numpunct_shim<wchar_t>
0017e220 00000020 r typeinfo for std::__facet_shims::(anonymous namespace)::collate_shim<wchar_t>
0017e240 00000034 r typeinfo name for std::__facet_shims::(anonymous namespace)::collate_shim<wchar_t>
0017e274 00000020 r typeinfo for std::__facet_shims::(anonymous namespace)::moneypunct_shim<wchar_t, true>
0017e294 0000003b r typeinfo name for std::__facet_shims::(anonymous namespace)::moneypunct_shim<wchar_t, true>
0017e2d0 00000020 r typeinfo for std::__facet_shims::(anonymous namespace)::moneypunct_shim<wchar_t, false>
0017e2f0 0000003b r typeinfo name for std::__facet_shims::(anonymous namespace)::moneypunct_shim<wchar_t, false>
0017e32c 00000020 r typeinfo for std::__facet_shims::(anonymous namespace)::money_get_shim<wchar_t>
0017e34c 00000036 r typeinfo name for std::__facet_shims::(anonymous namespace)::money_get_shim<wchar_t>
0017e384 00000020 r typeinfo for std::__facet_shims::(anonymous namespace)::money_put_shim<wchar_t>
0017e3a4 00000036 r typeinfo name for std::__facet_shims::(anonymous namespace)::money_put_shim<wchar_t>
0017e3dc 00000020 r typeinfo for std::__facet_shims::(anonymous namespace)::messages_shim<wchar_t>
0017e3fc 00000035 r typeinfo name for std::__facet_shims::(anonymous namespace)::messages_shim<wchar_t>
0017e434 00000019 V typeinfo name for std::locale::facet::__shim
0017e450 00000008 V typeinfo for std::locale::facet::__shim
0017e458 00000020 r typeinfo for std::__facet_shims::(anonymous namespace)::time_get_shim<char>
0017e478 00000035 r typeinfo name for std::__facet_shims::(anonymous namespace)::time_get_shim<char>
0017e4b0 00000020 r typeinfo for std::__facet_shims::(anonymous namespace)::time_get_shim<wchar_t>
0017e4d0 00000035 r typeinfo name for std::__facet_shims::(anonymous namespace)::time_get_shim<wchar_t>
0017e508 00000024 r vtable for std::__facet_shims::(anonymous namespace)::numpunct_shim<char>
0017e52c 0000001c r vtable for std::__facet_shims::(anonymous namespace)::collate_shim<char>
0017e548 00000034 r vtable for std::__facet_shims::(anonymous namespace)::moneypunct_shim<char, true>
0017e57c 00000034 r vtable for std::__facet_shims::(anonymous namespace)::moneypunct_shim<char, false>
0017e5b0 00000018 r vtable for std::__facet_shims::(anonymous namespace)::money_get_shim<char>
0017e5c8 00000018 r vtable for std::__facet_shims::(anonymous namespace)::money_put_shim<char>
0017e5e0 0000001c r vtable for std::__facet_shims::(anonymous namespace)::messages_shim<char>
0017e5fc 00000024 r vtable for std::__facet_shims::(anonymous namespace)::numpunct_shim<wchar_t>
0017e620 0000001c r vtable for std::__facet_shims::(anonymous namespace)::collate_shim<wchar_t>
0017e63c 00000034 r vtable for std::__facet_shims::(anonymous namespace)::moneypunct_shim<wchar_t, true>
0017e670 00000034 r vtable for std::__facet_shims::(anonymous namespace)::moneypunct_shim<wchar_t, false>
0017e6a4 00000018 r vtable for std::__facet_shims::(anonymous namespace)::money_get_shim<wchar_t>
0017e6bc 00000018 r vtable for std::__facet_shims::(anonymous namespace)::money_put_shim<wchar_t>
0017e6d4 0000001c r vtable for std::__facet_shims::(anonymous namespace)::messages_shim<wchar_t>
0017e6f0 00000028 r vtable for std::__facet_shims::(anonymous namespace)::time_get_shim<char>
0017e718 00000028 r vtable for std::__facet_shims::(anonymous namespace)::time_get_shim<wchar_t>
0017e740 0000000f V typeinfo name for std::ctype_base
0017e750 00000008 V typeinfo for std::ctype_base
0017e758 0000000c V typeinfo name for std::ctype<char>
0017e764 00000020 V typeinfo for std::ctype<char>
0017e784 0000000c V typeinfo name for std::ctype<wchar_t>
0017e790 0000000c V typeinfo for std::ctype<wchar_t>
0017e79c 00000030 V vtable for std::ctype<char>
0017e7cc 00000040 V vtable for std::ctype<wchar_t>
0017e87c 00000020 r typeinfo for std::__facet_shims::(anonymous namespace)::numpunct_shim<char>
0017e89c 00000035 r typeinfo name for std::__facet_shims::(anonymous namespace)::numpunct_shim<char>
0017e8d4 00000020 r typeinfo for std::__facet_shims::(anonymous namespace)::collate_shim<char>
0017e8f4 00000034 r typeinfo name for std::__facet_shims::(anonymous namespace)::collate_shim<char>
0017e928 00000020 r typeinfo for std::__facet_shims::(anonymous namespace)::moneypunct_shim<char, true>
0017e948 0000003b r typeinfo name for std::__facet_shims::(anonymous namespace)::moneypunct_shim<char, true>
0017e984 00000020 r typeinfo for std::__facet_shims::(anonymous namespace)::moneypunct_shim<char, false>
0017e9a4 0000003b r typeinfo name for std::__facet_shims::(anonymous namespace)::moneypunct_shim<char, false>
0017e9e0 00000020 r typeinfo for std::__facet_shims::(anonymous namespace)::money_get_shim<char>
0017ea00 00000036 r typeinfo name for std::__facet_shims::(anonymous namespace)::money_get_shim<char>
0017ea38 00000020 r typeinfo for std::__facet_shims::(anonymous namespace)::money_put_shim<char>
0017ea58 00000036 r typeinfo name for std::__facet_shims::(anonymous namespace)::money_put_shim<char>
0017ea90 00000020 r typeinfo for std::__facet_shims::(anonymous namespace)::messages_shim<char>
0017eab0 00000035 r typeinfo name for std::__facet_shims::(anonymous namespace)::messages_shim<char>
0017eae8 00000020 r typeinfo for std::__facet_shims::(anonymous namespace)::numpunct_shim<wchar_t>
0017eb08 00000035 r typeinfo name for std::__facet_shims::(anonymous namespace)::numpunct_shim<wchar_t>
0017eb40 00000020 r typeinfo for std::__facet_shims::(anonymous namespace)::collate_shim<wchar_t>
0017eb60 00000034 r typeinfo name for std::__facet_shims::(anonymous namespace)::collate_shim<wchar_t>
0017eb94 00000020 r typeinfo for std::__facet_shims::(anonymous namespace)::moneypunct_shim<wchar_t, true>
0017ebb4 0000003b r typeinfo name for std::__facet_shims::(anonymous namespace)::moneypunct_shim<wchar_t, true>
0017ebf0 00000020 r typeinfo for std::__facet_shims::(anonymous namespace)::moneypunct_shim<wchar_t, false>
0017ec10 0000003b r typeinfo name for std::__facet_shims::(anonymous namespace)::moneypunct_shim<wchar_t, false>
0017ec4c 00000020 r typeinfo for std::__facet_shims::(anonymous namespace)::money_get_shim<wchar_t>
0017ec6c 00000036 r typeinfo name for std::__facet_shims::(anonymous namespace)::money_get_shim<wchar_t>
0017eca4 00000020 r typeinfo for std::__facet_shims::(anonymous namespace)::money_put_shim<wchar_t>
0017ecc4 00000036 r typeinfo name for std::__facet_shims::(anonymous namespace)::money_put_shim<wchar_t>
0017ecfc 00000020 r typeinfo for std::__facet_shims::(anonymous namespace)::messages_shim<wchar_t>
0017ed1c 00000035 r typeinfo name for std::__facet_shims::(anonymous namespace)::messages_shim<wchar_t>
0017ed54 00000020 r typeinfo for std::__facet_shims::(anonymous namespace)::time_get_shim<char>
0017ed74 00000035 r typeinfo name for std::__facet_shims::(anonymous namespace)::time_get_shim<char>
0017edac 00000020 r typeinfo for std::__facet_shims::(anonymous namespace)::time_get_shim<wchar_t>
0017edcc 00000035 r typeinfo name for std::__facet_shims::(anonymous namespace)::time_get_shim<wchar_t>
0017ee04 00000024 r vtable for std::__facet_shims::(anonymous namespace)::numpunct_shim<char>
0017ee28 0000001c r vtable for std::__facet_shims::(anonymous namespace)::collate_shim<char>
0017ee44 00000034 r vtable for std::__facet_shims::(anonymous namespace)::moneypunct_shim<char, true>
0017ee78 00000034 r vtable for std::__facet_shims::(anonymous namespace)::moneypunct_shim<char, false>
0017eeac 00000018 r vtable for std::__facet_shims::(anonymous namespace)::money_get_shim<char>
0017eec4 00000018 r vtable for std::__facet_shims::(anonymous namespace)::money_put_shim<char>
0017eedc 0000001c r vtable for std::__facet_shims::(anonymous namespace)::messages_shim<char>
0017eef8 00000024 r vtable for std::__facet_shims::(anonymous namespace)::numpunct_shim<wchar_t>
0017ef1c 0000001c r vtable for std::__facet_shims::(anonymous namespace)::collate_shim<wchar_t>
0017ef38 00000034 r vtable for std::__facet_shims::(anonymous namespace)::moneypunct_shim<wchar_t, true>
0017ef6c 00000034 r vtable for std::__facet_shims::(anonymous namespace)::moneypunct_shim<wchar_t, false>
0017efa0 00000018 r vtable for std::__facet_shims::(anonymous namespace)::money_get_shim<wchar_t>
0017efb8 00000018 r vtable for std::__facet_shims::(anonymous namespace)::money_put_shim<wchar_t>
0017efd0 0000001c r vtable for std::__facet_shims::(anonymous namespace)::messages_shim<wchar_t>
0017efec 0000002c r vtable for std::__facet_shims::(anonymous namespace)::time_get_shim<char>
0017f018 0000002c r vtable for std::__facet_shims::(anonymous namespace)::time_get_shim<wchar_t>
0017f10c 0000000d V typeinfo name for std::time_base
0017f11c 00000008 V typeinfo for std::time_base
0017f124 0000000f V typeinfo name for std::money_base
0017f134 00000008 V typeinfo for std::money_base
0017f13c 00000012 V typeinfo name for std::messages_base
0017f150 00000008 V typeinfo for std::messages_base
0017f158 00000018 V typeinfo name for std::__cxx11::collate<wchar_t>
0017f170 0000000c V typeinfo for std::__cxx11::collate<wchar_t>
0017f17c 00000019 V typeinfo name for std::__cxx11::numpunct<wchar_t>
0017f198 0000000c V typeinfo for std::__cxx11::numpunct<wchar_t>
0017f1a4 00000020 V typeinfo name for std::__cxx11::moneypunct<wchar_t, true>
0017f1c4 00000020 V typeinfo for std::__cxx11::moneypunct<wchar_t, true>
0017f1e4 00000020 V typeinfo name for std::__cxx11::moneypunct<wchar_t, false>
0017f204 00000020 V typeinfo for std::__cxx11::moneypunct<wchar_t, false>
0017f224 00000019 V typeinfo name for std::__cxx11::messages<wchar_t>
0017f240 00000020 V typeinfo for std::__cxx11::messages<wchar_t>
0017f260 00000046 V typeinfo name for std::__cxx11::money_get<wchar_t, std::istreambuf_iterator<wchar_t, std::char_traits<wchar_t> > >
0017f2a8 0000000c V typeinfo for std::__cxx11::money_get<wchar_t, std::istreambuf_iterator<wchar_t, std::char_traits<wchar_t> > >
0017f2b4 00000046 V typeinfo name for std::__cxx11::money_put<wchar_t, std::ostreambuf_iterator<wchar_t, std::char_traits<wchar_t> > >
0017f2fc 0000000c V typeinfo for std::__cxx11::money_put<wchar_t, std::ostreambuf_iterator<wchar_t, std::char_traits<wchar_t> > >
0017f308 00000045 V typeinfo name for std::__cxx11::time_get<wchar_t, std::istreambuf_iterator<wchar_t, std::char_traits<wchar_t> > >
0017f350 00000020 V typeinfo for std::__cxx11::time_get<wchar_t, std::istreambuf_iterator<wchar_t, std::char_traits<wchar_t> > >
0017f370 0000001c V vtable for std::__cxx11::collate<wchar_t>
0017f38c 00000024 V vtable for std::__cxx11::numpunct<wchar_t>
0017f3b0 00000034 V vtable for std::__cxx11::moneypunct<wchar_t, true>
0017f3e4 00000034 V vtable for std::__cxx11::moneypunct<wchar_t, false>
0017f418 0000001c V vtable for std::__cxx11::messages<wchar_t>
0017f434 00000018 V vtable for std::__cxx11::money_get<wchar_t, std::istreambuf_iterator<wchar_t, std::char_traits<wchar_t> > >
0017f44c 00000018 V vtable for std::__cxx11::money_put<wchar_t, std::ostreambuf_iterator<wchar_t, std::char_traits<wchar_t> > >
0017f464 0000002c V vtable for std::__cxx11::time_get<wchar_t, std::istreambuf_iterator<wchar_t, std::char_traits<wchar_t> > >
0017f490 00000036 V typeinfo name for __gnu_cxx::stdio_sync_filebuf<char, std::char_traits<char> >
0017f4c8 0000000c V typeinfo for __gnu_cxx::stdio_sync_filebuf<char, std::char_traits<char> >
0017f4d4 00000036 V typeinfo name for __gnu_cxx::stdio_sync_filebuf<wchar_t, std::char_traits<wchar_t> >
0017f50c 0000000c V typeinfo for __gnu_cxx::stdio_sync_filebuf<wchar_t, std::char_traits<wchar_t> >
0017f518 00000040 V vtable for __gnu_cxx::stdio_sync_filebuf<char, std::char_traits<char> >
0017f558 00000040 V vtable for __gnu_cxx::stdio_sync_filebuf<wchar_t, std::char_traits<wchar_t> >
0017f598 00000022 V typeinfo name for std::basic_ios<char, std::char_traits<char> >
0017f5bc 0000000c V typeinfo for std::basic_ios<char, std::char_traits<char> >
0017f5c8 00000022 V typeinfo name for std::basic_ios<wchar_t, std::char_traits<wchar_t> >
0017f5ec 0000000c V typeinfo for std::basic_ios<wchar_t, std::char_traits<wchar_t> >
0017f5f8 00000010 V vtable for std::basic_ios<char, std::char_traits<char> >
0017f608 00000010 V vtable for std::basic_ios<wchar_t, std::char_traits<wchar_t> >
0017f618 0000000c R typeinfo name for std::ios_base
0017f624 00000008 R typeinfo for std::ios_base
0017f62c 00000010 R vtable for std::ios_base
0017f63c 00000003 V typeinfo name for std::istream
0017f640 00000018 V typeinfo for std::istream
0017f658 00000027 V typeinfo name for std::basic_istream<wchar_t, std::char_traits<wchar_t> >
0017f680 00000018 V typeinfo for std::basic_istream<wchar_t, std::char_traits<wchar_t> >
0017f698 00000008 V VTT for std::istream
0017f6a0 00000028 V vtable for std::istream
0017f6c8 00000008 V VTT for std::basic_istream<wchar_t, std::char_traits<wchar_t> >
0017f6d0 00000028 V vtable for std::basic_istream<wchar_t, std::char_traits<wchar_t> >
0017f7c0 00000011 V typeinfo name for std::codecvt_base
0017f7d4 00000008 V typeinfo for std::codecvt_base
0017f7dc 0000000e V typeinfo name for std::collate<char>
0017f7ec 0000000c V typeinfo for std::collate<char>
0017f7f8 0000000f V typeinfo name for std::numpunct<char>
0017f808 0000000c V typeinfo for std::numpunct<char>
0017f814 0000003a V typeinfo name for std::num_get<char, std::istreambuf_iterator<char, std::char_traits<char> > >
0017f850 0000000c V typeinfo for std::num_get<char, std::istreambuf_iterator<char, std::char_traits<char> > >
0017f85c 0000003a V typeinfo name for std::num_put<char, std::ostreambuf_iterator<char, std::char_traits<char> > >
0017f898 0000000c V typeinfo for std::num_put<char, std::ostreambuf_iterator<char, std::char_traits<char> > >
0017f8a4 00000019 V typeinfo name for std::__timepunct_cache<char>
0017f8c0 0000000c V typeinfo for std::__timepunct_cache<char>
0017f8cc 00000013 V typeinfo name for std::__timepunct<char>
0017f8e0 0000000c V typeinfo for std::__timepunct<char>
0017f8ec 00000016 V typeinfo name for std::moneypunct<char, true>
0017f904 00000020 V typeinfo for std::moneypunct<char, true>
0017f924 00000016 V typeinfo name for std::moneypunct<char, false>
0017f93c 00000020 V typeinfo for std::moneypunct<char, false>
0017f95c 0000000f V typeinfo name for std::messages<char>
0017f96c 00000020 V typeinfo for std::messages<char>
0017f98c 0000002c V typeinfo name for std::__codecvt_abstract_base<char, char, _mbstate_t>
0017f9b8 00000020 V typeinfo for std::__codecvt_abstract_base<char, char, _mbstate_t>
0017f9d8 0000003c V typeinfo name for std::money_get<char, std::istreambuf_iterator<char, std::char_traits<char> > >
0017fa14 0000000c V typeinfo for std::money_get<char, std::istreambuf_iterator<char, std::char_traits<char> > >
0017fa20 0000003c V typeinfo name for std::money_put<char, std::ostreambuf_iterator<char, std::char_traits<char> > >
0017fa5c 0000000c V typeinfo for std::money_put<char, std::ostreambuf_iterator<char, std::char_traits<char> > >
0017fa68 0000003b V typeinfo name for std::time_put<char, std::ostreambuf_iterator<char, std::char_traits<char> > >
0017faa4 0000000c V typeinfo for std::time_put<char, std::ostreambuf_iterator<char, std::char_traits<char> > >
0017fab0 0000003b V typeinfo name for std::time_get<char, std::istreambuf_iterator<char, std::char_traits<char> > >
0017faec 00000020 V typeinfo for std::time_get<char, std::istreambuf_iterator<char, std::char_traits<char> > >
0017fb0c 0000001e V typeinfo name for std::__moneypunct_cache<char, false>
0017fb2c 0000000c V typeinfo for std::__moneypunct_cache<char, false>
0017fb38 0000001e V typeinfo name for std::__moneypunct_cache<char, true>
0017fb58 0000000c V typeinfo for std::__moneypunct_cache<char, true>
0017fb64 00000018 V typeinfo name for std::__numpunct_cache<char>
0017fb7c 0000000c V typeinfo for std::__numpunct_cache<char>
0017fb88 0000001c V vtable for std::collate<char>
0017fba4 00000024 V vtable for std::numpunct<char>
0017fbc8 0000003c V vtable for std::num_get<char, std::istreambuf_iterator<char, std::char_traits<char> > >
0017fc04 00000030 V vtable for std::num_put<char, std::ostreambuf_iterator<char, std::char_traits<char> > >
0017fc34 00000010 V vtable for std::__timepunct_cache<char>
0017fc44 00000010 V vtable for std::__timepunct<char>
0017fc54 00000034 V vtable for std::moneypunct<char, true>
0017fc88 00000034 V vtable for std::moneypunct<char, false>
0017fcbc 0000001c V vtable for std::messages<char>
0017fcd8 0000002c V vtable for std::__codecvt_abstract_base<char, char, _mbstate_t>
0017fd04 00000018 V vtable for std::money_get<char, std::istreambuf_iterator<char, std::char_traits<char> > >
0017fd1c 00000018 V vtable for std::money_put<char, std::ostreambuf_iterator<char, std::char_traits<char> > >
0017fd34 00000014 V vtable for std::time_put<char, std::ostreambuf_iterator<char, std::char_traits<char> > >
0017fd48 00000028 V vtable for std::time_get<char, std::istreambuf_iterator<char, std::char_traits<char> > >
0017fd70 00000010 V vtable for std::__moneypunct_cache<char, false>
0017fd80 00000010 V vtable for std::__moneypunct_cache<char, true>
0017fd90 00000010 V vtable for std::__numpunct_cache<char>
0017fda0 00000088 R std::locale::_S_twinned_facets
0017fe28 00000003 V typeinfo name for std::ostream
0017fe2c 00000018 V typeinfo for std::ostream
0017fe44 00000027 V typeinfo name for std::basic_ostream<wchar_t, std::char_traits<wchar_t> >
0017fe6c 00000018 V typeinfo for std::basic_ostream<wchar_t, std::char_traits<wchar_t> >
0017fe84 00000008 V VTT for std::ostream
0017fe8c 00000028 V vtable for std::ostream
0017feb4 00000008 V VTT for std::basic_ostream<wchar_t, std::char_traits<wchar_t> >
0017febc 00000028 V vtable for std::basic_ostream<wchar_t, std::char_traits<wchar_t> >
0017fee4 00000029 V typeinfo name for std::basic_streambuf<char, std::char_traits<char> >
0017ff10 00000008 V typeinfo for std::basic_streambuf<char, std::char_traits<char> >
0017ff18 00000029 V typeinfo name for std::basic_streambuf<wchar_t, std::char_traits<wchar_t> >
0017ff44 00000008 V typeinfo for std::basic_streambuf<wchar_t, std::char_traits<wchar_t> >
0017ff4c 00000040 V vtable for std::basic_streambuf<char, std::char_traits<char> >
0017ff8c 00000040 V vtable for std::basic_streambuf<wchar_t, std::char_traits<wchar_t> >
0017ffcc 00000019 R typeinfo name for std::_V2::error_category
0017ffe8 00000008 R typeinfo for std::_V2::error_category
0017fff0 00000011 R typeinfo name for std::system_error
00180004 0000000c R typeinfo for std::system_error
00180010 0000000c r typeinfo for (anonymous namespace)::generic_error_category
0018001c 0000002a r typeinfo name for (anonymous namespace)::generic_error_category
00180048 00000014 R vtable for std::system_error
0018005c 00000028 r vtable for (anonymous namespace)::generic_error_category
0018014c 0000000e V typeinfo name for std::collate<wchar_t>
0018015c 0000000c V typeinfo for std::collate<wchar_t>
00180168 0000001d V typeinfo name for std::__ctype_abstract_base<wchar_t>
00180188 00000020 V typeinfo for std::__ctype_abstract_base<wchar_t>
001801a8 0000000f V typeinfo name for std::numpunct<wchar_t>
001801b8 0000000c V typeinfo for std::numpunct<wchar_t>
001801c4 0000003a V typeinfo name for std::num_get<wchar_t, std::istreambuf_iterator<wchar_t, std::char_traits<wchar_t> > >
00180200 0000000c V typeinfo for std::num_get<wchar_t, std::istreambuf_iterator<wchar_t, std::char_traits<wchar_t> > >
0018020c 0000003a V typeinfo name for std::num_put<wchar_t, std::ostreambuf_iterator<wchar_t, std::char_traits<wchar_t> > >
00180248 0000000c V typeinfo for std::num_put<wchar_t, std::ostreambuf_iterator<wchar_t, std::char_traits<wchar_t> > >
00180254 00000019 V typeinfo name for std::__timepunct_cache<wchar_t>
00180270 0000000c V typeinfo for std::__timepunct_cache<wchar_t>
0018027c 00000013 V typeinfo name for std::__timepunct<wchar_t>
00180290 0000000c V typeinfo for std::__timepunct<wchar_t>
0018029c 00000016 V typeinfo name for std::moneypunct<wchar_t, true>
001802b4 00000020 V typeinfo for std::moneypunct<wchar_t, true>
001802d4 00000016 V typeinfo name for std::moneypunct<wchar_t, false>
001802ec 00000020 V typeinfo for std::moneypunct<wchar_t, false>
0018030c 0000000f V typeinfo name for std::messages<wchar_t>
0018031c 00000020 V typeinfo for std::messages<wchar_t>
0018033c 0000002c V typeinfo name for std::__codecvt_abstract_base<wchar_t, char, _mbstate_t>
00180368 00000020 V typeinfo for std::__codecvt_abstract_base<wchar_t, char, _mbstate_t>
00180388 0000003c V typeinfo name for std::money_get<wchar_t, std::istreambuf_iterator<wchar_t, std::char_traits<wchar_t> > >
001803c4 0000000c V typeinfo for std::money_get<wchar_t, std::istreambuf_iterator<wchar_t, std::char_traits<wchar_t> > >
001803d0 0000003c V typeinfo name for std::money_put<wchar_t, std::ostreambuf_iterator<wchar_t, std::char_traits<wchar_t> > >
0018040c 0000000c V typeinfo for std::money_put<wchar_t, std::ostreambuf_iterator<wchar_t, std::char_traits<wchar_t> > >
00180418 0000003b V typeinfo name for std::time_put<wchar_t, std::ostreambuf_iterator<wchar_t, std::char_traits<wchar_t> > >
00180454 0000000c V typeinfo for std::time_put<wchar_t, std::ostreambuf_iterator<wchar_t, std::char_traits<wchar_t> > >
00180460 0000003b V typeinfo name for std::time_get<wchar_t, std::istreambuf_iterator<wchar_t, std::char_traits<wchar_t> > >
0018049c 00000020 V typeinfo for std::time_get<wchar_t, std::istreambuf_iterator<wchar_t, std::char_traits<wchar_t> > >
001804bc 0000001e V typeinfo name for std::__moneypunct_cache<wchar_t, false>
001804dc 0000000c V typeinfo for std::__moneypunct_cache<wchar_t, false>
001804e8 0000001e V typeinfo name for std::__moneypunct_cache<wchar_t, true>
00180508 0000000c V typeinfo for std::__moneypunct_cache<wchar_t, true>
00180514 00000018 V typeinfo name for std::__numpunct_cache<wchar_t>
0018052c 0000000c V typeinfo for std::__numpunct_cache<wchar_t>
00180538 0000001c V vtable for std::collate<wchar_t>
00180554 00000040 V vtable for std::__ctype_abstract_base<wchar_t>
00180594 00000024 V vtable for std::numpunct<wchar_t>
001805b8 0000003c V vtable for std::num_get<wchar_t, std::istreambuf_iterator<wchar_t, std::char_traits<wchar_t> > >
001805f4 00000030 V vtable for std::num_put<wchar_t, std::ostreambuf_iterator<wchar_t, std::char_traits<wchar_t> > >
00180624 00000010 V vtable for std::__timepunct_cache<wchar_t>
00180634 00000010 V vtable for std::__timepunct<wchar_t>
00180644 00000034 V vtable for std::moneypunct<wchar_t, true>
00180678 00000034 V vtable for std::moneypunct<wchar_t, false>
001806ac 0000001c V vtable for std::messages<wchar_t>
001806c8 0000002c V vtable for std::__codecvt_abstract_base<wchar_t, char, _mbstate_t>
001806f4 00000018 V vtable for std::money_get<wchar_t, std::istreambuf_iterator<wchar_t, std::char_traits<wchar_t> > >
0018070c 00000018 V vtable for std::money_put<wchar_t, std::ostreambuf_iterator<wchar_t, std::char_traits<wchar_t> > >
00180724 00000014 V vtable for std::time_put<wchar_t, std::ostreambuf_iterator<wchar_t, std::char_traits<wchar_t> > >
00180738 00000028 V vtable for std::time_get<wchar_t, std::istreambuf_iterator<wchar_t, std::char_traits<wchar_t> > >
00180760 00000010 V vtable for std::__moneypunct_cache<wchar_t, false>
00180770 00000010 V vtable for std::__moneypunct_cache<wchar_t, true>
00180780 00000010 V vtable for std::__numpunct_cache<wchar_t>
00180790 0000000d R typeinfo name for std::bad_alloc
001807a0 0000000c R typeinfo for std::bad_alloc
001807ac 00000014 R vtable for std::bad_alloc
001807c0 00000019 R typeinfo name for std::bad_array_new_length
001807dc 0000000c R typeinfo for std::bad_array_new_length
001807e8 00000014 R vtable for std::bad_array_new_length
001807fc 0000000c R typeinfo name for std::bad_cast
00180808 0000000c R typeinfo for std::bad_cast
00180814 00000014 R vtable for std::bad_cast
00180828 00000022 R typeinfo name for __cxxabiv1::__class_type_info
0018084c 0000000c R typeinfo for __cxxabiv1::__class_type_info
00180858 0000002c R vtable for __cxxabiv1::__class_type_info
00180884 0000000d R typeinfo name for std::exception
00180894 00000008 R typeinfo for std::exception
0018089c 00000012 R typeinfo name for std::bad_exception
001808b0 0000000c R typeinfo for std::bad_exception
001808bc 00000020 R typeinfo name for __cxxabiv1::__forced_unwind
001808dc 00000008 R typeinfo for __cxxabiv1::__forced_unwind
001808e4 00000024 R typeinfo name for __cxxabiv1::__foreign_exception
00180908 00000008 R typeinfo for __cxxabiv1::__foreign_exception
00180910 00000014 R vtable for std::bad_exception
00180938 0000002c V typeinfo name for __gnu_cxx::__concurrence_broadcast_error
00180964 0000000c V typeinfo for __gnu_cxx::__concurrence_broadcast_error
00180970 00000027 V typeinfo name for __gnu_cxx::__concurrence_wait_error
00180998 0000000c V typeinfo for __gnu_cxx::__concurrence_wait_error
001809a4 00000014 V vtable for __gnu_cxx::__concurrence_broadcast_error
001809b8 00000014 V vtable for __gnu_cxx::__concurrence_wait_error
001809cc 00000023 R typeinfo name for __gnu_cxx::recursive_init_error
001809f0 0000000c R typeinfo for __gnu_cxx::recursive_init_error
001809fc 00000014 R vtable for __gnu_cxx::recursive_init_error
00180a10 00000001 R std::nothrow
00180a14 00000025 R typeinfo name for __cxxabiv1::__si_class_type_info
00180a3c 0000000c R typeinfo for __cxxabiv1::__si_class_type_info
00180a48 0000002c R vtable for __cxxabiv1::__si_class_type_info
00180a74 0000000d R typeinfo name for std::type_info
00180a84 00000008 R typeinfo for std::type_info
00180a8c 00000026 R typeinfo name for __cxxabiv1::__vmi_class_type_info
00180ab4 0000000c R typeinfo for __cxxabiv1::__vmi_class_type_info
00180ac0 0000002c R vtable for __cxxabiv1::__vmi_class_type_info
00180aec 0000001b V typeinfo name for std::codecvt<char, char, _mbstate_t>
00180b08 0000000c V typeinfo for std::codecvt<char, char, _mbstate_t>
00180b14 0000001b V typeinfo name for std::codecvt<wchar_t, char, _mbstate_t>
00180b30 0000000c V typeinfo for std::codecvt<wchar_t, char, _mbstate_t>
00180b3c 0000002c V vtable for std::codecvt<char, char, _mbstate_t>
00180b68 0000002c V vtable for std::codecvt<wchar_t, char, _mbstate_t>
00180b94 00000034 r std::(anonymous namespace)::mon_yday
00180bc8 00000004 R std::money_base::_S_default_pattern
00181354 00000010 R typeinfo name for std::logic_error
00181364 0000000c R typeinfo for std::logic_error
00181370 00000011 R typeinfo name for std::length_error
00181384 0000000c R typeinfo for std::length_error
00181390 00000011 R typeinfo name for std::out_of_range
001813a4 0000000c R typeinfo for std::out_of_range
001813b0 00000012 R typeinfo name for std::runtime_error
001813c4 0000000c R typeinfo for std::runtime_error
001813d0 00000014 R vtable for std::logic_error
001813e4 00000014 R vtable for std::length_error
001813f8 00000014 R vtable for std::out_of_range
0018140c 00000014 R vtable for std::runtime_error
00181420 0000002d V typeinfo name for std::__codecvt_abstract_base<char16_t, char, _mbstate_t>
00181450 00000020 V typeinfo for std::__codecvt_abstract_base<char16_t, char, _mbstate_t>
00181470 0000001c V typeinfo name for std::codecvt<char16_t, char, _mbstate_t>
0018148c 0000000c V typeinfo for std::codecvt<char16_t, char, _mbstate_t>
00181498 0000002d V typeinfo name for std::__codecvt_abstract_base<char32_t, char, _mbstate_t>
001814c8 00000020 V typeinfo for std::__codecvt_abstract_base<char32_t, char, _mbstate_t>
001814e8 0000001c V typeinfo name for std::codecvt<char32_t, char, _mbstate_t>
00181504 0000000c V typeinfo for std::codecvt<char32_t, char, _mbstate_t>
00181510 0000002e V typeinfo name for std::__codecvt_abstract_base<char16_t, char8_t, _mbstate_t>
00181540 00000020 V typeinfo for std::__codecvt_abstract_base<char16_t, char8_t, _mbstate_t>
00181560 0000001d V typeinfo name for std::codecvt<char16_t, char8_t, _mbstate_t>
00181580 0000000c V typeinfo for std::codecvt<char16_t, char8_t, _mbstate_t>
0018158c 0000002e V typeinfo name for std::__codecvt_abstract_base<char32_t, char8_t, _mbstate_t>
001815bc 00000020 V typeinfo for std::__codecvt_abstract_base<char32_t, char8_t, _mbstate_t>
001815dc 0000001d V typeinfo name for std::codecvt<char32_t, char8_t, _mbstate_t>
001815fc 0000000c V typeinfo for std::codecvt<char32_t, char8_t, _mbstate_t>
00181608 0000002c V vtable for std::__codecvt_abstract_base<char16_t, char, _mbstate_t>
00181634 0000002c V vtable for std::codecvt<char16_t, char, _mbstate_t>
00181660 0000002c V vtable for std::__codecvt_abstract_base<char32_t, char, _mbstate_t>
0018168c 0000002c V vtable for std::codecvt<char32_t, char, _mbstate_t>
001816b8 0000002c V vtable for std::__codecvt_abstract_base<char16_t, char8_t, _mbstate_t>
001816e4 0000002c V vtable for std::codecvt<char16_t, char8_t, _mbstate_t>
00181710 0000002c V vtable for std::__codecvt_abstract_base<char32_t, char8_t, _mbstate_t>
0018173c 0000002c V vtable for std::codecvt<char32_t, char8_t, _mbstate_t>
00181768 0000001d R typeinfo name for std::ios_base::failure[abi:cxx11]
00181788 0000000c R typeinfo for std::ios_base::failure[abi:cxx11]
00181794 00000012 V typeinfo name for std::__ios_failure
001817a8 0000000c V typeinfo for std::__ios_failure
001817b4 00000018 R typeinfo name for std::__iosfail_type_info
001817cc 00000018 R typeinfo for std::__iosfail_type_info
001817e4 00000014 R vtable for std::ios_base::failure[abi:cxx11]
001817f8 00000014 V vtable for std::__ios_failure
0018180c 0000002c R vtable for std::__iosfail_type_info
001818f8 00000018 V typeinfo name for std::__cxx11::collate<char>
00181910 0000000c V typeinfo for std::__cxx11::collate<char>
0018191c 00000019 V typeinfo name for std::__cxx11::numpunct<char>
00181938 0000000c V typeinfo for std::__cxx11::numpunct<char>
00181944 00000020 V typeinfo name for std::__cxx11::moneypunct<char, true>
00181964 00000020 V typeinfo for std::__cxx11::moneypunct<char, true>
00181984 00000020 V typeinfo name for std::__cxx11::moneypunct<char, false>
001819a4 00000020 V typeinfo for std::__cxx11::moneypunct<char, false>
001819c4 00000019 V typeinfo name for std::__cxx11::messages<char>
001819e0 00000020 V typeinfo for std::__cxx11::messages<char>
00181a00 00000046 V typeinfo name for std::__cxx11::money_get<char, std::istreambuf_iterator<char, std::char_traits<char> > >
00181a48 0000000c V typeinfo for std::__cxx11::money_get<char, std::istreambuf_iterator<char, std::char_traits<char> > >
00181a54 00000046 V typeinfo name for std::__cxx11::money_put<char, std::ostreambuf_iterator<char, std::char_traits<char> > >
00181a9c 0000000c V typeinfo for std::__cxx11::money_put<char, std::ostreambuf_iterator<char, std::char_traits<char> > >
00181aa8 00000045 V typeinfo name for std::__cxx11::time_get<char, std::istreambuf_iterator<char, std::char_traits<char> > >
00181af0 00000020 V typeinfo for std::__cxx11::time_get<char, std::istreambuf_iterator<char, std::char_traits<char> > >
00181b10 0000001c V vtable for std::__cxx11::collate<char>
00181b2c 00000024 V vtable for std::__cxx11::numpunct<char>
00181b50 00000034 V vtable for std::__cxx11::moneypunct<char, true>
00181b84 00000034 V vtable for std::__cxx11::moneypunct<char, false>
00181bb8 0000001c V vtable for std::__cxx11::messages<char>
00181bd4 00000018 V vtable for std::__cxx11::money_get<char, std::istreambuf_iterator<char, std::char_traits<char> > >
00181bec 00000018 V vtable for std::__cxx11::money_put<char, std::ostreambuf_iterator<char, std::char_traits<char> > >
00181c04 0000002c V vtable for std::__cxx11::time_get<char, std::istreambuf_iterator<char, std::char_traits<char> > >
00181c30 0000000c r typeinfo for (anonymous namespace)::io_error_category
00181c3c 00000025 r typeinfo name for (anonymous namespace)::io_error_category
00181c64 00000028 r vtable for (anonymous namespace)::io_error_category
00181c8c 00000016 R typeinfo name for std::ios_base::failure
00181ca4 0000000c R typeinfo for std::ios_base::failure
00181cb0 00000014 R vtable for std::ios_base::failure
00181dc0 0000001c r categories
00181e40 00000014 r fpinan.0
00181e54 00000014 r fpi.1
00181e68 00000028 r tinytens
00181f3c 00000100 R __hexdig
00182074 00000048 r JIS_action_table
001820bc 00000048 r JIS_state_table
00182248 00000010 r zeroes.0
00182258 00000010 r blanks.1
00182268 00000101 R _ctype_
00182454 00000010 r zeroes.0
00182464 00000010 r blanks.1
00182474 0000006c R __action_table
001824e0 0000006c R __state_table
0018254c 00000100 R __chclass
0018264c 000000fc R _C_time_locale
001827e4 0000000c r p05.0
001827f0 00000028 R __mprec_bigtens
00182818 000000c8 R __mprec_tens
001828e0 00000060 R __month_lengths
00182948 000035dc r categories
00185ff0 00000040 r zeroes.0
00186030 00000040 r blanks.1
00186184 00000022 r basefix.0
00186290 00000010 r zeroes.0
001862a0 00000010 r blanks.1
00186330 00000022 r basefix.0
00186354 00000080 R dotab_stdnull
001863d4 R __tdata_align
001863d8 r __EH_FRAME_BEGIN__
0018878c R __exidx_start
001899b4 R __exidx_end
0018a000 00000001 d firstConsoleInit.0
0018a004 00000004 D currentConsole
0018a008 00000048 D defaultConsole
0018a050 00000004 d aptChainloadDeliverArgSize
0018a054 00000004 d kCount
0018a058 00000004 d kInterval
0018a05c 00000004 d kDelay
0018a060 W __stacksize__
0018a064 00000001 D std::ios_base::Init::_S_synced_with_stdio
0018a068 00000004 d (anonymous namespace)::generic_category_instance
0018a06c 00000004 D __cxxabiv1::__unexpected_handler
0018a070 00000004 D std::__num_base::_S_atoms_out
0018a074 00000004 D std::__num_base::_S_atoms_in
0018a078 00000004 D std::money_base::_S_atoms
0018a07c 00000038 D std::__timepunct_cache<wchar_t>::_S_timezones
0018a0b4 00000038 D std::__timepunct_cache<char>::_S_timezones
0018a0ec 00000004 d (anonymous namespace)::io_category_instance
0018a0f0 00000004 D __cxxabiv1::__terminate_handler
0018a0f4 000000e7 d global_locale_string
0018a1dc 0000016c D __global_locale
0018a348 00000020 D __default_locale
0018a368 0000000c D __sglue
0018a378 00000058 d tzinfo
0018a3d0 00000004 D __malloc_sbrk_base
0018a3d4 00000004 D __malloc_trim_threshold
0018a3d8 00000408 D __malloc_av_
0018a7e0 00000004 D _impure_ptr
0018a7e8 00000140 D _impure_data
0018a928 00000008 D _tzname
0018a930 00000004 D environ
0018a934 000007b0 d caseconv_table
0018b0e4 00000400 d _current_working_directory
0018b4e8 00001000 d handles
0018c4e8 0000000c d __stderr_handle
0018c4f4 0000000c d __stdout_handle
0018c500 0000000c d __stdin_handle
0018c50c 0000008c D devoptab_list
0018c598 00000004 d defaultDevice
0018c5a4 d _GLOBAL_OFFSET_TABLE_
0018c5b0 D __init_array_start
0018c5b0 B __preinit_array_end
0018c5b0 B __preinit_array_start
0018c5b0 D __tdata_lma
0018c5b0 D __tdata_lma_end
0018c5b4 d __frame_dummy_init_array_entry
0018c5d4 d __do_global_dtors_aux_fini_array_entry
0018c5d4 D __fini_array_start
0018c5d4 D __init_array_end
0018c5e4 D __bss_start__
0018c5e4 D __fini_array_end
0018c5e4 00000048 B topScreen
0018c62c 00000048 B bottomScreen
0018c674 00000018 b ACC_COLOR
0018c68c 00000018 b RESET
0018c6a4 00000001 B waitForPress
0018c6a5 00000001 B choice
0018c6a8 00000018 b RED
0018c6c0 00000018 b GREEN
0018c6d8 00000018 b YELLOW
0018c6f0 00000018 b BLUE
0018c708 00000018 b MAGENTA
0018c720 00000018 b CYAN
0018c738 b completed.1
0018c73c b object.0
0018c754 00000064 b escapeSeq
0018c7b8 00000048 B currentCopy
0018c800 00000004 b screenAlloc
0018c804 00000004 b screenFree
0018c808 00000002 b gfxIsDoubleBuf
0018c80c 00000002 b gfxCurBuf
0018c80e 00000001 b gfxIsVram
0018c80f 00000001 b gfxTopMode
0018c810 00000002 b gfxFramebufferFormats
0018c814 00000004 b gfxBottomFramebufferMaxSize
0018c818 00000004 b gfxTopFramebufferMaxSize
0018c820 00000008 b gfxBottomFramebuffers
0018c828 00000008 b gfxTopFramebuffers
0018c830 00000001 b flagValue.0
0018c831 00000001 b flagInit.1
0018c834 00000004 b serviceName.6
0018c838 00000001 b aptChainloadFlags
0018c839 00000001 b aptChainloadMediatype
0018c83c 00000020 b aptChainloadHmac
0018c85c 00000300 b aptChainloadDeliverArg
0018cb60 00000008 b aptChainloadTid
0018cb68 00001000 b aptParameters
0018db68 00000004 b aptFlags
0018db6c 00000001 b aptHomeButtonState
0018db70 00000004 b aptMessageFuncData
0018db74 00000004 b aptMessageFunc
0018db78 0000000c b aptFirstHook
0018db84 00000001 b aptEventHandlerThreadQuit
0018db88 00000004 b aptEventHandlerThread
0018db8c 00000008 b aptSleepEvent
0018db94 00000008 b aptReceiveEvent
0018db9c 00000008 b aptEvents
0018dba4 00000004 b aptLockHandle
0018dba8 00000004 b aptRefCount
0018dbac 00000007 b gspEventCbOneShot
0018dbb4 0000001c b gspEventCbData
0018dbd0 0000001c b gspEventCb
0018dbec 00000038 b gspEvents
0018dc24 00000004 b gspLastEvent
0018dc28 00000001 b gspRunEvents
0018dc2c 00000004 b gspEventThread
0018dc30 00000004 b gspEvent
0018dc34 00000001 b gspGpuRight
0018dc35 00000001 b gspThreadId
0018dc38 00000004 b gspSharedMem
0018dc3c 00000004 b gspSharedMemHandle
0018dc40 00000004 b gspRefCount
0018dc44 00000004 b gspGpuHandle
0018dc48 00000001 b usingIrrst
0018dc4c 00000004 b hidRefCount
0018dc50 00000006 b gRate
0018dc58 00000006 b aVec
0018dc60 00000004 b cPos
0018dc64 00000004 b tPos
0018dc68 00000004 b kRepeat
0018dc6c 00000004 b kUp
0018dc70 00000004 b kDown
0018dc74 00000004 b kHeld
0018dc78 00000004 b kOld
0018dc7c 00000004 B hidSharedMem
0018dc80 00000014 B hidEvents
0018dc94 00000004 B hidMemHandle
0018dc98 00000004 B hidHandle
0018dc9c 00000004 b irrstRefCount
0018dca0 00000004 b csPos
0018dca4 00000004 b kHeld
0018dca8 00000004 B irrstSharedMem
0018dcac 00000004 B irrstEvent
0018dcb0 00000004 B irrstMemHandle
0018dcb4 00000004 B irrstHandle
0018dcb8 00000004 B __system_retAddr
0018dcbc 00000004 B __system_argv
0018dcc0 00000004 B __system_argc
0018dcc4 b saved_stack
0018dcd0 00000008 b sLinearPool
0018dcd8 0000000c b sAddrMap
0018dce8 00000008 b sVramPoolB
0018dcf0 00000008 b sVramPoolA
0018dcf8 0000000c b sAddrMap
0018dd04 00000004 B __3dslink_host
0018dd08 00000001 V __ctru_speedup
0018dd0c 00000004 b srvRefCount
0018dd10 00000004 b srvHandle
0018dd14 00000004 b arbiter
0018dd18 00000004 b currentAddr
0018dd1c 00000004 b maxAddr
0018dd20 00000004 b minAddr
0018dd24 00000004 b ptmSysmRefCount
0018dd28 00000004 b ptmSysmHandle
0018dd2c 00000004 b srvPmHandle
0018dd30 00000004 V __ctru_linear_heap_size
0018dd34 00000004 V __ctru_heap_size
0018dd38 00000004 B __ctru_linear_heap
0018dd3c 00000004 B __ctru_heap
0018dd40 000005c0 b archive_devices
0018e300 00000004 b archive_device_cwd
0018e304 00000001 b archive_initialized
0018e308 00000080 b fsExemptArchives
0018e388 00000004 b fsuRefCount
0018e38c 00000004 b fsuHandle
0018e390 00000028 B __gnu_internal::buf_wcerr_sync
0018e3b8 00000028 B __gnu_internal::buf_wcin_sync
0018e3e0 00000028 B __gnu_internal::buf_wcout_sync
0018e408 00000028 B __gnu_internal::buf_cerr_sync
0018e430 00000028 B __gnu_internal::buf_cin_sync
0018e458 00000028 B __gnu_internal::buf_cout_sync
0018e480 00000001 b std::__ioinit
0018e484 00000090 B std::wclog
0018e514 00000090 B std::wcerr
0018e5a4 00000090 B std::wcout
0018e634 00000094 B std::wcin
0018e6c8 0000008c B std::clog
0018e754 0000008c B std::cerr
0018e7e0 0000008c B std::cout
0018e86c 00000090 B std::cin
0018e8fc 00000004 B std::locale::id::_S_refcount
0018e900 00000004 B std::locale::facet::_S_once
0018e904 00000004 B std::locale::facet::_S_c_locale
0018e908 00000004 B std::locale::_S_once
0018e90c 00000004 B std::locale::_S_global
0018e910 00000004 B std::locale::_S_classic
0018e914 00000004 b guard variable for (anonymous namespace)::get_locale_cache_mutex()::locale_cache_mutex
0018e918 00000010 b (anonymous namespace)::get_locale_cache_mutex()::locale_cache_mutex
0018e928 00000010 V std::string::_Rep::_S_empty_rep_storage
0018e938 00000010 V std::basic_string<wchar_t, std::char_traits<wchar_t>, std::allocator<wchar_t> >::_Rep::_S_empty_rep_storage
0018e948 00000004 B std::ctype<wchar_t>::id
0018e94c 00000004 B std::ctype<char>::id
0018e950 00000004 V guard variable for std::__cxx11::collate<wchar_t>::id
0018e954 00000004 V guard variable for std::__cxx11::messages<wchar_t>::id
0018e958 00000004 V guard variable for std::__cxx11::time_get<wchar_t, std::istreambuf_iterator<wchar_t, std::char_traits<wchar_t> > >::id
0018e95c 00000004 V guard variable for std::__cxx11::numpunct<wchar_t>::id
0018e960 00000004 V guard variable for std::__cxx11::moneypunct<wchar_t, true>::id
0018e964 00000004 V guard variable for std::__cxx11::moneypunct<wchar_t, false>::id
0018e968 00000004 V guard variable for std::__cxx11::money_put<wchar_t, std::ostreambuf_iterator<wchar_t, std::char_traits<wchar_t> > >::id
0018e96c 00000004 V guard variable for std::__cxx11::money_get<wchar_t, std::istreambuf_iterator<wchar_t, std::char_traits<wchar_t> > >::id
0018e970 00000004 V std::__cxx11::collate<wchar_t>::id
0018e974 00000004 V std::__cxx11::messages<wchar_t>::id
0018e978 00000004 V std::__cxx11::time_get<wchar_t, std::istreambuf_iterator<wchar_t, std::char_traits<wchar_t> > >::id
0018e97c 00000004 V std::__cxx11::numpunct<wchar_t>::id
0018e980 00000004 V std::__cxx11::moneypunct<wchar_t, true>::id
0018e984 00000004 V std::__cxx11::moneypunct<wchar_t, false>::id
0018e988 00000004 V std::__cxx11::money_put<wchar_t, std::ostreambuf_iterator<wchar_t, std::char_traits<wchar_t> > >::id
0018e98c 00000004 V std::__cxx11::money_get<wchar_t, std::istreambuf_iterator<wchar_t, std::char_traits<wchar_t> > >::id
0018e990 00000004 B std::ios_base::Init::_S_refcount
0018e994 00000004 V guard variable for std::collate<char>::id
0018e998 00000004 V guard variable for std::messages<char>::id
0018e99c 00000004 V guard variable for std::time_get<char, std::istreambuf_iterator<char, std::char_traits<char> > >::id
0018e9a0 00000004 V guard variable for std::time_put<char, std::ostreambuf_iterator<char, std::char_traits<char> > >::id
0018e9a4 00000004 V guard variable for std::__timepunct<char>::id
0018e9a8 00000004 V guard variable for std::numpunct<char>::id
0018e9ac 00000004 V guard variable for std::moneypunct<char, true>::id
0018e9b0 00000004 V guard variable for std::moneypunct<char, false>::id
0018e9b4 00000004 V guard variable for std::money_put<char, std::ostreambuf_iterator<char, std::char_traits<char> > >::id
0018e9b8 00000004 V guard variable for std::money_get<char, std::istreambuf_iterator<char, std::char_traits<char> > >::id
0018e9bc 00000004 V guard variable for std::num_put<char, std::ostreambuf_iterator<char, std::char_traits<char> > >::id
0018e9c0 00000004 V guard variable for std::num_get<char, std::istreambuf_iterator<char, std::char_traits<char> > >::id
0018e9c4 00000004 V std::collate<char>::id
0018e9c8 00000004 V std::messages<char>::id
0018e9cc 00000004 V std::time_get<char, std::istreambuf_iterator<char, std::char_traits<char> > >::id
0018e9d0 00000004 V std::time_put<char, std::ostreambuf_iterator<char, std::char_traits<char> > >::id
0018e9d4 00000004 V std::__timepunct<char>::id
0018e9d8 00000004 V std::numpunct<char>::id
0018e9dc 00000004 V std::moneypunct<char, true>::id
0018e9e0 00000004 V std::moneypunct<char, false>::id
0018e9e4 00000004 V std::money_put<char, std::ostreambuf_iterator<char, std::char_traits<char> > >::id
0018e9e8 00000004 V std::money_get<char, std::istreambuf_iterator<char, std::char_traits<char> > >::id
0018e9ec 00000004 V std::num_put<char, std::ostreambuf_iterator<char, std::char_traits<char> > >::id
0018e9f0 00000004 V std::num_get<char, std::istreambuf_iterator<char, std::char_traits<char> > >::id
0018e9f8 000000c8 b (anonymous namespace)::timepunct_cache_w
0018eac0 00000070 b (anonymous namespace)::moneypunct_cache_wf
0018eb30 00000070 b (anonymous namespace)::moneypunct_cache_wt
0018eba0 00000128 b (anonymous namespace)::numpunct_cache_w
0018ecc8 000000c8 b (anonymous namespace)::timepunct_cache_c
0018ed90 00000044 b (anonymous namespace)::moneypunct_cache_cf
0018edd4 00000044 b (anonymous namespace)::moneypunct_cache_ct
0018ee18 00000068 b (anonymous namespace)::numpunct_cache_c
0018ee80 00000008 b (anonymous namespace)::codecvt_c32_c8
0018ee88 00000008 b (anonymous namespace)::codecvt_c16_c8
0018ee90 00000008 b (anonymous namespace)::codecvt_c32
0018ee98 00000008 b (anonymous namespace)::codecvt_c16
0018eea0 00000010 b (anonymous namespace)::messages_w
0018eeb0 00000008 b (anonymous namespace)::time_put_w
0018eeb8 00000008 b (anonymous namespace)::time_get_w
0018eec0 00000014 b (anonymous namespace)::timepunct_w
0018eed4 00000008 b (anonymous namespace)::money_put_w
0018eedc 00000008 b (anonymous namespace)::money_get_w
0018eee4 0000000c b (anonymous namespace)::moneypunct_wf
0018eef0 0000000c b (anonymous namespace)::moneypunct_wt
0018eefc 0000000c b (anonymous namespace)::codecvt_w
0018ef08 00000008 b (anonymous namespace)::num_put_w
0018ef10 00000008 b (anonymous namespace)::num_get_w
0018ef18 0000000c b (anonymous namespace)::numpunct_w
0018ef24 0000000c b (anonymous namespace)::collate_w
0018ef30 000004e0 b (anonymous namespace)::ctype_w
0018f410 00000010 b (anonymous namespace)::messages_c
0018f420 00000008 b (anonymous namespace)::time_put_c
0018f428 00000008 b (anonymous namespace)::time_get_c
0018f430 00000014 b (anonymous namespace)::timepunct_c
0018f444 00000008 b (anonymous namespace)::money_put_c
0018f44c 00000008 b (anonymous namespace)::money_get_c
0018f454 0000000c b (anonymous namespace)::moneypunct_cf
0018f460 0000000c b (anonymous namespace)::moneypunct_ct
0018f46c 0000000c b (anonymous namespace)::codecvt_c
0018f478 00000008 b (anonymous namespace)::num_put_c
0018f480 00000008 b (anonymous namespace)::num_get_c
0018f488 0000000c b (anonymous namespace)::numpunct_c
0018f494 0000000c b (anonymous namespace)::collate_c
0018f4a0 00000220 b (anonymous namespace)::ctype_c
0018f6c0 000000c0 b (anonymous namespace)::cache_vec
0018f780 000000c0 b (anonymous namespace)::facet_vec
0018f840 0000000c b (anonymous namespace)::name_c
0018f84c 00000018 b (anonymous namespace)::name_vec
0018f864 00000004 b (anonymous namespace)::c_locale
0018f868 00000014 b (anonymous namespace)::c_locale_impl
0018f87c 00000004 b guard variable for (anonymous namespace)::get_locale_mutex()::locale_mutex
0018f880 00000010 b (anonymous namespace)::get_locale_mutex()::locale_mutex
0018f890 00000004 V guard variable for std::collate<wchar_t>::id
0018f894 00000004 V guard variable for std::messages<wchar_t>::id
0018f898 00000004 V guard variable for std::time_get<wchar_t, std::istreambuf_iterator<wchar_t, std::char_traits<wchar_t> > >::id
0018f89c 00000004 V guard variable for std::time_put<wchar_t, std::ostreambuf_iterator<wchar_t, std::char_traits<wchar_t> > >::id
0018f8a0 00000004 V guard variable for std::__timepunct<wchar_t>::id
0018f8a4 00000004 V guard variable for std::numpunct<wchar_t>::id
0018f8a8 00000004 V guard variable for std::moneypunct<wchar_t, true>::id
0018f8ac 00000004 V guard variable for std::moneypunct<wchar_t, false>::id
0018f8b0 00000004 V guard variable for std::money_put<wchar_t, std::ostreambuf_iterator<wchar_t, std::char_traits<wchar_t> > >::id
0018f8b4 00000004 V guard variable for std::money_get<wchar_t, std::istreambuf_iterator<wchar_t, std::char_traits<wchar_t> > >::id
0018f8b8 00000004 V guard variable for std::num_put<wchar_t, std::ostreambuf_iterator<wchar_t, std::char_traits<wchar_t> > >::id
0018f8bc 00000004 V guard variable for std::num_get<wchar_t, std::istreambuf_iterator<wchar_t, std::char_traits<wchar_t> > >::id
0018f8c0 00000004 V std::collate<wchar_t>::id
0018f8c4 00000004 V std::messages<wchar_t>::id
0018f8c8 00000004 V std::time_get<wchar_t, std::istreambuf_iterator<wchar_t, std::char_traits<wchar_t> > >::id
0018f8cc 00000004 V std::time_put<wchar_t, std::ostreambuf_iterator<wchar_t, std::char_traits<wchar_t> > >::id
0018f8d0 00000004 V std::__timepunct<wchar_t>::id
0018f8d4 00000004 V std::numpunct<wchar_t>::id
0018f8d8 00000004 V std::moneypunct<wchar_t, true>::id
0018f8dc 00000004 V std::moneypunct<wchar_t, false>::id
0018f8e0 00000004 V std::money_put<wchar_t, std::ostreambuf_iterator<wchar_t, std::char_traits<wchar_t> > >::id
0018f8e4 00000004 V std::money_get<wchar_t, std::istreambuf_iterator<wchar_t, std::char_traits<wchar_t> > >::id
0018f8e8 00000004 V std::num_put<wchar_t, std::ostreambuf_iterator<wchar_t, std::char_traits<wchar_t> > >::id
0018f8ec 00000004 V std::num_get<wchar_t, std::istreambuf_iterator<wchar_t, std::char_traits<wchar_t> > >::id
0018f8f0 0000001c b (anonymous namespace)::emergency_pool
0018f90c 00000004 b init
0018f910 00000001 B __eh_globals_init::_S_init
0018f914 0000000c b (anonymous namespace)::eh_globals
0018f920 00000004 b (anonymous namespace)::get_static_cond()::once
0018f928 00000008 b (anonymous namespace)::fake_cond
0018f930 00000004 b (anonymous namespace)::static_cond
0018f934 00000004 b (anonymous namespace)::get_static_mutex()::once
0018f938 00000010 b (anonymous namespace)::fake_mutex
0018f948 00000004 b (anonymous namespace)::static_mutex
0018f94c 00000004 b (anonymous namespace)::__new_handler
0018f950 00000004 B std::codecvt<wchar_t, char, _mbstate_t>::id
0018f954 00000004 B std::codecvt<char, char, _mbstate_t>::id
0018f958 00000004 B std::codecvt<char32_t, char8_t, _mbstate_t>::id
0018f95c 00000004 B std::codecvt<char16_t, char8_t, _mbstate_t>::id
0018f960 00000004 B std::codecvt<char32_t, char, _mbstate_t>::id
0018f964 00000004 B std::codecvt<char16_t, char, _mbstate_t>::id
0018f968 00000010 b std::(anonymous namespace)::messages_w
0018f978 00000008 b std::(anonymous namespace)::time_get_w
0018f980 00000008 b std::(anonymous namespace)::money_put_w
0018f988 00000008 b std::(anonymous namespace)::money_get_w
0018f990 0000000c b std::(anonymous namespace)::moneypunct_wf
0018f99c 0000000c b std::(anonymous namespace)::moneypunct_wt
0018f9a8 0000000c b std::(anonymous namespace)::numpunct_w
0018f9b4 0000000c b std::(anonymous namespace)::collate_w
0018f9c0 00000010 b std::(anonymous namespace)::messages_c
0018f9d0 00000008 b std::(anonymous namespace)::time_get_c
0018f9d8 00000008 b std::(anonymous namespace)::money_put_c
0018f9e0 00000008 b std::(anonymous namespace)::money_get_c
0018f9e8 0000000c b std::(anonymous namespace)::moneypunct_cf
0018f9f4 0000000c b std::(anonymous namespace)::moneypunct_ct
0018fa00 0000000c b std::(anonymous namespace)::numpunct_c
0018fa0c 0000000c b std::(anonymous namespace)::collate_c
0018fa18 00000004 V guard variable for std::__cxx11::collate<char>::id
0018fa1c 00000004 V guard variable for std::__cxx11::messages<char>::id
0018fa20 00000004 V guard variable for std::__cxx11::time_get<char, std::istreambuf_iterator<char, std::char_traits<char> > >::id
0018fa24 00000004 V guard variable for std::__cxx11::numpunct<char>::id
0018fa28 00000004 V guard variable for std::__cxx11::moneypunct<char, true>::id
0018fa2c 00000004 V guard variable for std::__cxx11::moneypunct<char, false>::id
0018fa30 00000004 V guard variable for std::__cxx11::money_put<char, std::ostreambuf_iterator<char, std::char_traits<char> > >::id
0018fa34 00000004 V guard variable for std::__cxx11::money_get<char, std::istreambuf_iterator<char, std::char_traits<char> > >::id
0018fa38 00000004 V std::__cxx11::collate<char>::id
0018fa3c 00000004 V std::__cxx11::messages<char>::id
0018fa40 00000004 V std::__cxx11::time_get<char, std::istreambuf_iterator<char, std::char_traits<char> > >::id
0018fa44 00000004 V std::__cxx11::numpunct<char>::id
0018fa48 00000004 V std::__cxx11::moneypunct<char, true>::id
0018fa4c 00000004 V std::__cxx11::moneypunct<char, false>::id
0018fa50 00000004 V std::__cxx11::money_put<char, std::ostreambuf_iterator<char, std::char_traits<char> > >::id
0018fa54 00000004 V std::__cxx11::money_get<char, std::istreambuf_iterator<char, std::char_traits<char> > >::id
0018fa58 000000e0 b saved_categories.0
0018fb38 000000e0 b new_categories.1
0018fc18 0000000c b __sfp_recursive_mutex
0018fc28 00000168 B __sf
0018fd90 00000004 B __stdio_exit_handler
0018fd94 00000004 b __tz_mutex
0018fd98 00000028 B __malloc_current_mallinfo
0018fdc0 00000004 B __malloc_max_total_mem
0018fdc4 00000004 B __malloc_max_sbrked_mem
0018fdc8 00000004 B __malloc_top_pad
0018fdcc 00000004 b prev_tzenv
0018fdd0 0000000c b __tzname_dst
0018fddc 0000000c b __tzname_std
0018fde8 0000000c b __malloc_recursive_mutex
0018fdf4 00000004 B _timezone
0018fdf8 00000004 B _daylight
0018fdfc 0000000c b __env_recursive_mutex
0018fe08 00000004 b initial_env
0018fe0c 00000400 b temp_cwd
0019020c 00000004 b __hndl_lock
00190210 00000004 B fake_heap_start
00190214 00000004 B fake_heap_end
00190218 00000004 b heap_start.0
0019021c B __tls_start
00190e24 B __bss_end__
00190e24 A __end__
00190e24 B __tls_end
