         w __cxa_pure_virtual
         w __deregister_frame_info
         w __gnu_Unwind_Find_exidx
         w __register_frame_info
         w pthread_cancel
         w pthread_cond_broadcast
         w pthread_cond_wait
         w pthread_getspecific
         w pthread_key_create
         w pthread_key_delete
         w pthread_mutex_lock
         w pthread_mutex_unlock
         w pthread_once
         w pthread_setspecific
         w userAppExit
         w userAppInit
00000000 b _TLS_MODULE_BASE_
00000000 00000802 B __ctru_dev_utf16_buf
00000000 A __sync_synchronize
00000000 a shift
00000000 a shift
00000804 00000401 B __ctru_dev_path_buf
00100000 A __start__
00100000 T _start
00100008 T __service_ptr
0010000c T __apt_appid
00100010 T __heap_size
00100014 T __linear_heap_size
00100018 T __system_arglist
0010001c T __system_runflags
00100020 t startup
00100058 t ClearMem
0010006c t ClrLoop
00100094 T _init
001000ac t .udivsi3_skip_div0_test
001000ac T __aeabi_uidiv
001000ac 000001ec T __udivsi3
00100298 00000020 T __aeabi_uidivmod
001002b8 T __aeabi_idiv
001002b8 00000220 T __divsi3
001002c0 t .divsi3_skip_div0_test
001004d8 00000020 T __aeabi_idivmod
001004f8 00000004 W __aeabi_idiv0
001004f8 00000004 W __aeabi_ldiv0
001004fc T __aeabi_ldivmod
001005d0 T __aeabi_uldivmod
0010060c 00000014 T __restore_core_regs
0010060c 00000014 T restore_core_regs
00100620 T __gnu_Unwind_Restore_VFP
00100628 T __gnu_Unwind_Save_VFP
00100630 T __gnu_Unwind_Restore_VFP_D
00100638 T __gnu_Unwind_Save_VFP_D
00100640 T __gnu_Unwind_Restore_VFP_D_16_to_31
00100648 T __gnu_Unwind_Save_VFP_D_16_to_31
00100650 T __gnu_Unwind_Restore_WMMXD
00100694 T __gnu_Unwind_Save_WMMXD
001006d8 T __gnu_Unwind_Restore_WMMXC
001006ec T __gnu_Unwind_Save_WMMXC
00100700 00000024 T _Unwind_RaiseException
00100700 00000024 T ___Unwind_RaiseException
00100724 00000024 T _Unwind_Resume
00100724 00000024 T ___Unwind_Resume
00100748 00000024 T _Unwind_Resume_or_Rethrow
00100748 00000024 T ___Unwind_Resume_or_Rethrow
0010076c 00000024 T _Unwind_ForcedUnwind
0010076c 00000024 T ___Unwind_ForcedUnwind
00100790 00000024 T _Unwind_Backtrace
00100790 00000024 T ___Unwind_Backtrace
001007c8 00000390 T strcmp
00100b50 T __aeabi_drsub
00100b58 000002b0 T __aeabi_dsub
00100b58 000002b0 T __subdf3
00100b5c 000002ac T __adddf3
00100b5c 000002ac T __aeabi_dadd
00100e08 00000024 T __aeabi_ui2d
00100e08 00000024 T __floatunsidf
00100e2c 00000028 T __aeabi_i2d
00100e2c 00000028 T __floatsidf
00100e54 00000048 T __aeabi_f2d
00100e54 00000048 T __extendsfdf2
00100e9c 00000074 T __aeabi_ul2d
00100e9c 00000074 T __floatundidf
00100eb0 00000060 T __aeabi_l2d
00100eb0 00000060 T __floatdidf
00100f10 t __do_global_dtors_aux
00100f60 t frame_dummy
00100f8c 00000008 W std::ctype<char>::do_widen(char) const
00100f94 00000068 t void std::this_thread::sleep_for<long long, std::ratio<1ll, 1000ll> >(std::chrono::duration<long long, std::ratio<1ll, 1000ll> > const&) [clone .isra.0]
00100ffc 000000b4 t std::__cxx11::basic_string<char, std::char_traits<char>, std::allocator<char> >::basic_string(char const*, std::allocator<char> const&) [clone .isra.0]
001010b0 000000b0 T para(int)
00101160 000001dc T show(std::__cxx11::basic_string<char, std::char_traits<char>, std::allocator<char> >, double, bool)
0010133c 000000a8 W void std::__cxx11::basic_string<char, std::char_traits<char>, std::allocator<char> >::_M_construct<true>(char const*, unsigned int)
001013e8 00000198 T showChoice(std::__cxx11::basic_string<char, std::char_traits<char>, std::allocator<char> >, std::__cxx11::basic_string<char, std::char_traits<char>, std::allocator<char> >)
00101580 000004f4 T main
00101a74 00000080 t _GLOBAL__sub_I_waitForPress
00101af4 00000048 t _GLOBAL__sub_D_waitForPress
00101b3c 00000018 T consoleSelect
00101b54 000001c8 T consoleDrawChar
00101d1c 00000170 T consolePrintChar
00101e8c 00000c40 T con_write
00102acc 00000110 t newRow
00102bdc 00000180 T consoleInit
00102d5c 000000b8 T consoleClear
00102e14 000000cc t gfxPresentFramebuffer
00102ee0 0000001c T gfxIsWide
00102efc 000000f8 T gfxSetScreenFormat
00102ff4 00000010 T gfxSetDoubleBuffering
00103004 000000d8 T gfxInit
001030dc 00000010 T gfxInitDefault
001030ec 000000b8 T gfxExit
001031a4 000000a0 T gfxGetFramebuffer
00103244 00000100 T gfxFlushBuffers
00103344 00000050 T gfxSwapBuffers
00103394 00000050 T gfxSwapBuffersGpu
001033e4 00000180 t aptConvertScreenForCapture
00103564 00000008 W aptDspSleep
0010356c 00000004 W aptDspWakeup
00103570 00000004 W aptDspCancel
00103574 00000138 T aptSendCommand
001036b0 00000044 t aptExitProcess
001036f4 00000394 T aptExit
00103a88 000000d8 T aptHandleSleep
00103b60 00000084 T APT_SleepIfShellClosed
00103be4 00000078 T aptSetSleepAllowed
00103c5c 00000084 T APT_UnlockTransition
00103ce0 00000470 t aptEventHandler
00104150 000000bc T APT_ReceiveParameter
0010420c 000000b0 t aptReceiveParameter.constprop.0
001042c0 00000294 t aptScreenTransfer
00104554 000002d0 t aptWaitForWakeUp.isra.0
00104824 000000f4 T aptJumpToHomeMenu
00104918 00000058 T aptMainLoop
00104970 00000240 T aptInit
00104bb0 00000090 T APT_CheckNew3DS
00104c40 00000c70 t gspHardwareInit
001058b0 00000280 T gspInit
00105b30 00000110 T gspExit
00105c40 00000010 T gspHasGpuRight
00105c50 000000a4 T gspPresentBuffer
00105cf4 00000050 T gspWaitForEvent
00105d44 00000004 W gxCmdQueueInterrupt
00105d48 00000154 t gspEventThreadMain
00105e9c 00000050 T GSPGPU_FlushDataCache
00105eec 00000034 T GSPGPU_SetLcdForceBlack
00105f20 00000080 T GSPGPU_AcquireRight
00105fa0 0000005c T GSPGPU_ReleaseRight
00105ffc 0000007c T GSPGPU_ImportDisplayCaptureInfo
00106078 0000002c T GSPGPU_SaveVramSysArea
001060a4 0000002c T GSPGPU_RestoreVramSysArea
001060d0 00000024 W hidShouldUseIrrst
001060f4 000001cc T hidInit
001062c0 000000e8 T hidExit
001063a8 000002a0 T hidScanInput
00106648 00000010 T hidKeysHeld
00106658 00000010 T hidKeysDown
00106668 000001a4 T irrstInit
0010680c 000000dc T irrstExit
001068e8 000000b4 T irrstScanInput
0010699c 00000024 T irrstKeysHeld
001069c0 00000038 W __libctru_init
001069f8 0000016c W __system_initArgv
00106b64 00000030 T __syscall_getreent
00106b94 00000030 T __syscall_nanosleep
00106bc4 00000004 T __syscall_lock_acquire
00106bc8 00000004 T __syscall_lock_release
00106bcc 00000004 T __syscall_lock_acquire_recursive
00106bd0 00000004 T __syscall_lock_release_recursive
00106bd4 00000004 T __syscall_exit
00106bd8 00000054 T initThreadVars
00106c2c 00000080 T __system_initSyscalls
00106cac T svcControlMemory
00106ccc T svcQueryMemory
00106cfc T svcExitProcess
00106d04 T svcCreateThread
00106d24 T svcExitThread
00106d2c T svcSleepThread
00106d34 T svcReleaseMutex
00106d3c T svcCreateEvent
00106d50 T svcSignalEvent
00106d58 T svcClearEvent
00106d60 T svcMapMemoryBlock
00106d68 T svcUnmapMemoryBlock
00106d70 T svcCreateAddressArbiter
00106d84 T svcArbitrateAddressNoTimeout
00106d8c T svcCloseHandle
00106d94 T svcWaitSynchronization
00106d9c T svcWaitSynchronizationN
00106dc4 T svcDuplicateHandle
00106dd8 T svcConnectToPort
00106dec T svcSendSyncRequest
00106df4 T svcGetResourceLimit
00106e08 T svcGetResourceLimitLimitValues
00106e10 T svcGetResourceLimitCurrentValues
00106e18 T svcBreak
00106e20 W initSystem
00106e70 W __ctru_exit
00106e84 00000024 t addrMapNodeComparator(rbtree_node const*, rbtree_node const*)
00106ea8 00000004 t addrMapNodeDestructor(rbtree_node*)
00106eac 0000012c T linearMemAlign
00106fd8 00000008 T linearAlloc
00106fe0 0000005c T linearFree
0010703c 00000088 T MemPool::CoalesceRight(MemBlock*)
001070c4 00000178 T MemPool::Allocate(MemChunk&, unsigned long, int)
0010723c 00000118 T MemPool::Deallocate(MemChunk const&)
00107354 00000030 T MemPool::GetFreeSpace()
00107384 00000024 t addrMapNodeComparator(rbtree_node const*, rbtree_node const*)
001073a8 00000004 t addrMapNodeDestructor(rbtree_node*)
001073ac 00000248 T vramMemAlignAt
001075f4 0000000c T vramAlloc
00107600 00000094 T vramFree
00107694 0000008c W envGetHandle
00107720 00000050 W envDestroyHandles
00107770 00000034 T __ctru_speedup_config
001077a4 00000164 T srvInit
00107908 00000064 T srvExit
0010796c 00000060 T srvEnableNotification
001079cc 000000a0 T srvGetServiceHandleDirect
00107a6c 00000048 T srvGetServiceHandle
00107ab4 00000034 T srvSubscribe
00107ae8 00000060 T srvReceiveNotification
00107b48 00000038 T srvPublishToSubscriber
00107b80 0000000c T __sync_init
00107b8c 00000018 T __sync_fini
00107ba4 00000028 T syncArbitrateAddress
00107bcc 000000ac T LightLock_Lock
00107c78 00000040 T LightLock_Unlock
00107cb8 00000054 T RecursiveLock_Lock
00107d0c 00000054 T RecursiveLock_Unlock
00107d60 00000044 T LightEvent_Init
00107da4 000000b8 T LightEvent_Clear
00107e5c 000000dc T LightEvent_Signal
00107f38 00000050 T LightEvent_TryWait
00107f88 000000ac T LightEvent_Wait
00108034 000001fc T threadCreate
00108230 00000038 T threadFree
00108268 00000024 T threadJoin
0010828c 00000030 T threadGetCurrent
001082bc 00000040 T threadExit
001082fc 00000020 t _thread_begin
0010831c 00000090 t mappableFindAddressWithin
001083ac 00000028 T mappableInit
001083d4 0000007c T mappableAlloc
00108450 00000004 T mappableFree
00108454 00000078 T ptmSysmInit
001084cc 0000003c T ptmSysmExit
00108508 00000034 T PTMSYSM_ConfigureNew3DSCPU
0010853c 0000000c T srvPmGetSessionHandle
00108548 00000074 T rbtree_find
001085bc 00000010 T rbtree_init
001085cc 00000198 t do_insert
00108764 00000008 T rbtree_insert
0010876c 00000310 T rbtree_remove
00108a7c 00000090 T rbtree_rotate
00108b10 000001e8 W __system_allocateHeaps
00108cf8 00000030 W __appExit
00108d28 00000030 W __appInit
00108d58 00000090 W __libctru_exit
00108de8 00000014 t archive_link
00108dfc 00000014 t archive_dirreset
00108e10 00000014 t archive_chmod
00108e24 00000024 t error_cmp
00108e48 00000050 t archive_translate_error
00108e98 000000c0 t archive_seek
00108f58 00000078 t _archiveInit.part.0
00108fd0 000000d4 t archiveFindDevice.part.0
001090a4 00000298 t archive_utf16path
0010933c 00000098 t _archiveUnmountDeviceStruct.part.0
001093d4 00000014 t archive_statvfs
001093e8 00000014 t archive_fchmod
001093fc 00000178 t _archiveMountDevice
00109574 000000f8 t archive_diropen
0010966c 000000ac t archive_fstat
00109718 00000074 t archive_fsync
0010978c 00000074 t archive_close
00109800 00000078 t archive_dirclose
00109878 000000ec t sdmc_statvfs
00109964 000000f8 t archive_chdir
00109a5c 0000008c t archive_ftruncate
00109ae8 000000bc t archive_read
00109ba4 000000a8 t archive_unlink
00109c4c 000000c0 t archive_rmdir
00109d0c 000000d8 t archive_mkdir
00109de4 000001a0 t archive_stat
00109f84 00000164 t archive_dirnext
0010a0e8 0000013c t archive_write
0010a228 00000254 t archive_open
0010a47c 00000270 t archive_rename
0010a6ec 000001c8 T archiveMountSdmc
0010a8b4 00000054 T archiveUnmountAll
0010a908 00000104 T fsInit
0010aa0c 0000003c T fsExit
0010aa48 00000068 T fsExemptFromSession
0010aab0 00000050 T fsUnexemptFromSession
0010ab00 000000cc T FSUSER_OpenFile
0010abcc 000000b8 T FSUSER_DeleteFile
0010ac84 000000f4 T FSUSER_RenameFile
0010ad78 000000b8 T FSUSER_DeleteDirectory
0010ae30 000000d0 T FSUSER_CreateFile
0010af00 000000c0 T FSUSER_CreateDirectory
0010afc0 000000f4 T FSUSER_RenameDirectory
0010b0b4 000000b4 T FSUSER_OpenDirectory
0010b168 00000090 T FSUSER_OpenArchive
0010b1f8 0000008c T FSUSER_CloseArchive
0010b284 00000074 T FSUSER_GetSdmcArchiveResource
0010b2f8 00000064 T FSUSER_IsSdmcWritable
0010b35c 00000064 T FSFILE_Read
0010b3c0 0000006c T FSFILE_Write
0010b42c 00000044 T FSFILE_GetSize
0010b470 00000028 T FSFILE_SetSize
0010b498 0000003c T FSFILE_Close
0010b4d4 00000024 T FSFILE_Flush
0010b4f8 00000060 T FSDIR_Read
0010b558 0000003c T FSDIR_Close
0010b594 00000060 T rbtree_node_next
0010b5f4 00000140 T decode_utf8
0010b734 000000e8 T utf16_to_utf8
0010b81c 000000c0 T utf8_to_utf16
0010b8dc T __aeabi_read_tp
0010b8e8 00000054 T decode_utf16
0010b93c 00000054 T encode_utf16
0010b990 000000e0 T encode_utf8
0010ba70 00000004 T operator delete(void*)
0010ba74 0000000c t _GLOBAL__sub_I.00090__ZSt3cin
0010ba80 0000000c t _GLOBAL__sub_D.00090__ZSt3cin
0010ba8c 00000530 t std::ios_base::Init::Init() [clone .part.0]
0010bfbc 00000070 T std::ios_base::Init::Init()
0010bfbc 00000070 T std::ios_base::Init::Init()
0010c02c 000000bc T std::ios_base::Init::~Init()
0010c02c 000000bc T std::ios_base::Init::~Init()
0010c0e8 0000000c W __gnu_cxx::__concurrence_lock_error::what() const
0010c0f4 0000000c W __gnu_cxx::__concurrence_unlock_error::what() const
0010c100 00000004 T std::locale::facet::~facet()
0010c100 00000004 T std::locale::facet::~facet()
0010c104 0000001c T std::locale::facet::~facet()
0010c120 00000020 W __gnu_cxx::__concurrence_lock_error::~__concurrence_lock_error()
0010c120 00000020 W __gnu_cxx::__concurrence_lock_error::~__concurrence_lock_error()
0010c140 00000028 W __gnu_cxx::__concurrence_lock_error::~__concurrence_lock_error()
0010c168 00000020 W __gnu_cxx::__concurrence_unlock_error::~__concurrence_unlock_error()
0010c168 00000020 W __gnu_cxx::__concurrence_unlock_error::~__concurrence_unlock_error()
0010c188 00000028 W __gnu_cxx::__concurrence_unlock_error::~__concurrence_unlock_error()
0010c1b0 00000020 T std::locale::facet::_S_initialize_once()
0010c1d0 0000002c W __gnu_cxx::__throw_concurrence_unlock_error()
0010c1fc 0000005c T std::locale::locale(std::locale const&)
0010c1fc 0000005c T std::locale::locale(std::locale const&)
0010c258 00000008 T std::locale::locale(std::locale::_Impl*)
0010c258 00000008 T std::locale::locale(std::locale::_Impl*)
0010c260 0000005c T std::locale::facet::_S_get_c_locale()
0010c2bc 0000000c T std::locale::facet::_S_get_c_name()
0010c2c8 00000214 T std::locale::_Impl::~_Impl()
0010c2c8 00000214 T std::locale::_Impl::~_Impl()
0010c4dc 000000f0 T std::locale::operator=(std::locale const&)
0010c5cc 0000009c T std::locale::~locale()
0010c5cc 0000009c T std::locale::~locale()
0010c668 000006f0 T std::locale::_Impl::_M_install_facet(std::locale::id const*, std::locale::facet const*)
0010cd58 00000414 T std::locale::_Impl::_M_install_cache(std::locale::facet const*, unsigned int)
0010d16c 0000008c T std::locale::id::_M_id() const
0010d1f8 00000038 t std::__facet_shims::(anonymous namespace)::collate_shim<char>::do_compare(char const*, char const*, char const*, char const*) const
0010d230 00000060 t std::__facet_shims::(anonymous namespace)::time_get_shim<char>::do_get_year(std::istreambuf_iterator<char, std::char_traits<char> >, std::istreambuf_iterator<char, std::char_traits<char> >, std::ios_base&, std::_Ios_Iostate&, tm*) const
0010d290 00000060 t std::__facet_shims::(anonymous namespace)::time_get_shim<char>::do_get_monthname(std::istreambuf_iterator<char, std::char_traits<char> >, std::istreambuf_iterator<char, std::char_traits<char> >, std::ios_base&, std::_Ios_Iostate&, tm*) const
0010d2f0 00000060 t std::__facet_shims::(anonymous namespace)::time_get_shim<char>::do_get_weekday(std::istreambuf_iterator<char, std::char_traits<char> >, std::istreambuf_iterator<char, std::char_traits<char> >, std::ios_base&, std::_Ios_Iostate&, tm*) const
0010d350 00000060 t std::__facet_shims::(anonymous namespace)::time_get_shim<char>::do_get_date(std::istreambuf_iterator<char, std::char_traits<char> >, std::istreambuf_iterator<char, std::char_traits<char> >, std::ios_base&, std::_Ios_Iostate&, tm*) const
0010d3b0 00000060 t std::__facet_shims::(anonymous namespace)::time_get_shim<char>::do_get_time(std::istreambuf_iterator<char, std::char_traits<char> >, std::istreambuf_iterator<char, std::char_traits<char> >, std::ios_base&, std::_Ios_Iostate&, tm*) const
0010d410 00000010 t std::__facet_shims::(anonymous namespace)::time_get_shim<char>::do_date_order() const
0010d420 00000098 t std::__facet_shims::(anonymous namespace)::money_get_shim<char>::do_get(std::istreambuf_iterator<char, std::char_traits<char> >, std::istreambuf_iterator<char, std::char_traits<char> >, bool, std::ios_base&, std::_Ios_Iostate&, long double&) const
0010d4b8 00000054 t std::__facet_shims::(anonymous namespace)::money_put_shim<char>::do_put(std::ostreambuf_iterator<char, std::char_traits<char> >, bool, std::ios_base&, char, long double) const
0010d50c 00000014 t std::__facet_shims::(anonymous namespace)::messages_shim<char>::do_close(int) const
0010d520 00000030 t std::__facet_shims::(anonymous namespace)::messages_shim<char>::do_open(std::string const&, std::locale const&) const
0010d550 00000038 t std::__facet_shims::(anonymous namespace)::collate_shim<wchar_t>::do_compare(wchar_t const*, wchar_t const*, wchar_t const*, wchar_t const*) const
0010d588 00000060 t std::__facet_shims::(anonymous namespace)::time_get_shim<wchar_t>::do_get_year(std::istreambuf_iterator<wchar_t, std::char_traits<wchar_t> >, std::istreambuf_iterator<wchar_t, std::char_traits<wchar_t> >, std::ios_base&, std::_Ios_Iostate&, tm*) const
0010d5e8 00000060 t std::__facet_shims::(anonymous namespace)::time_get_shim<wchar_t>::do_get_monthname(std::istreambuf_iterator<wchar_t, std::char_traits<wchar_t> >, std::istreambuf_iterator<wchar_t, std::char_traits<wchar_t> >, std::ios_base&, std::_Ios_Iostate&, tm*) const
0010d648 00000060 t std::__facet_shims::(anonymous namespace)::time_get_shim<wchar_t>::do_get_weekday(std::istreambuf_iterator<wchar_t, std::char_traits<wchar_t> >, std::istreambuf_iterator<wchar_t, std::char_traits<wchar_t> >, std::ios_base&, std::_Ios_Iostate&, tm*) const
0010d6a8 00000060 t std::__facet_shims::(anonymous namespace)::time_get_shim<wchar_t>::do_get_date(std::istreambuf_iterator<wchar_t, std::char_traits<wchar_t> >, std::istreambuf_iterator<wchar_t, std::char_traits<wchar_t> >, std::ios_base&, std::_Ios_Iostate&, tm*) const
0010d708 00000060 t std::__facet_shims::(anonymous namespace)::time_get_shim<wchar_t>::do_get_time(std::istreambuf_iterator<wchar_t, std::char_traits<wchar_t> >, std::istreambuf_iterator<wchar_t, std::char_traits<wchar_t> >, std::ios_base&, std::_Ios_Iostate&, tm*) const
0010d768 00000010 t std::__facet_shims::(anonymous namespace)::time_get_shim<wchar_t>::do_date_order() const
0010d778 00000098 t std::__facet_shims::(anonymous namespace)::money_get_shim<wchar_t>::do_get(std::istreambuf_iterator<wchar_t, std::char_traits<wchar_t> >, std::istreambuf_iterator<wchar_t, std::char_traits<wchar_t> >, bool, std::ios_base&, std::_Ios_Iostate&, long double&) const
0010d810 00000054 t std::__facet_shims::(anonymous namespace)::money_put_shim<wchar_t>::do_put(std::ostreambuf_iterator<wchar_t, std::char_traits<wchar_t> >, bool, std::ios_base&, wchar_t, long double) const
0010d864 00000014 t std::__facet_shims::(anonymous namespace)::messages_shim<wchar_t>::do_close(int) const
0010d878 00000030 t std::__facet_shims::(anonymous namespace)::messages_shim<wchar_t>::do_open(std::string const&, std::locale const&) const
0010d8a8 000000c0 t wchar_t* std::basic_string<wchar_t, std::char_traits<wchar_t>, std::allocator<wchar_t> >::_S_construct<wchar_t const*>(wchar_t const*, wchar_t const*, std::allocator<wchar_t> const&, std::forward_iterator_tag) [clone .isra.0]
0010d968 000000b0 t char* std::string::_S_construct<char const*>(char const*, char const*, std::allocator<char> const&, std::forward_iterator_tag) [clone .isra.0]
0010da18 00000074 t std::basic_string<wchar_t, std::char_traits<wchar_t>, std::allocator<wchar_t> >::~basic_string() [clone .isra.0]
0010da8c 00000074 t std::basic_string<char, std::char_traits<char>, std::allocator<char> >::~basic_string() [clone .isra.0]
0010db00 00000090 t std::__facet_shims::(anonymous namespace)::collate_shim<wchar_t>::do_transform(wchar_t const*, wchar_t const*) const
0010db90 000000ac t std::__facet_shims::(anonymous namespace)::messages_shim<wchar_t>::do_get(int, int, int, std::basic_string<wchar_t, std::char_traits<wchar_t>, std::allocator<wchar_t> > const&) const
0010dc40 00000134 t std::__facet_shims::(anonymous namespace)::money_put_shim<wchar_t>::do_put(std::ostreambuf_iterator<wchar_t, std::char_traits<wchar_t> >, bool, std::ios_base&, wchar_t, std::basic_string<wchar_t, std::char_traits<wchar_t>, std::allocator<wchar_t> > const&) const
0010dd78 00000134 t std::__facet_shims::(anonymous namespace)::money_put_shim<char>::do_put(std::ostreambuf_iterator<char, std::char_traits<char> >, bool, std::ios_base&, char, std::string const&) const
0010deac 00000090 t std::__facet_shims::(anonymous namespace)::collate_shim<char>::do_transform(char const*, char const*) const
0010df3c 000000ac t std::__facet_shims::(anonymous namespace)::messages_shim<char>::do_get(int, int, int, std::string const&) const
0010dfe8 00000078 t void std::__facet_shims::(anonymous namespace)::__destroy_string<wchar_t>(void*)
0010e060 00000078 t void std::__facet_shims::(anonymous namespace)::__destroy_string<char>(void*)
0010e0d8 0000007c t std::__facet_shims::(anonymous namespace)::messages_shim<char>::~messages_shim()
0010e0d8 0000007c t std::__facet_shims::(anonymous namespace)::messages_shim<char>::~messages_shim()
0010e154 0000007c t std::__facet_shims::(anonymous namespace)::messages_shim<wchar_t>::~messages_shim()
0010e154 0000007c t std::__facet_shims::(anonymous namespace)::messages_shim<wchar_t>::~messages_shim()
0010e1d0 00000088 t std::__facet_shims::(anonymous namespace)::money_get_shim<char>::~money_get_shim()
0010e1d0 00000088 t std::__facet_shims::(anonymous namespace)::money_get_shim<char>::~money_get_shim()
0010e258 00000088 t std::__facet_shims::(anonymous namespace)::money_put_shim<char>::~money_put_shim()
0010e258 00000088 t std::__facet_shims::(anonymous namespace)::money_put_shim<char>::~money_put_shim()
0010e2e0 00000088 t std::__facet_shims::(anonymous namespace)::money_get_shim<wchar_t>::~money_get_shim()
0010e2e0 00000088 t std::__facet_shims::(anonymous namespace)::money_get_shim<wchar_t>::~money_get_shim()
0010e368 00000088 t std::__facet_shims::(anonymous namespace)::money_put_shim<wchar_t>::~money_put_shim()
0010e368 00000088 t std::__facet_shims::(anonymous namespace)::money_put_shim<wchar_t>::~money_put_shim()
0010e3f0 00000088 t std::__facet_shims::(anonymous namespace)::time_get_shim<char>::~time_get_shim()
0010e3f0 00000088 t std::__facet_shims::(anonymous namespace)::time_get_shim<char>::~time_get_shim()
0010e478 00000088 t std::__facet_shims::(anonymous namespace)::time_get_shim<wchar_t>::~time_get_shim()
0010e478 00000088 t std::__facet_shims::(anonymous namespace)::time_get_shim<wchar_t>::~time_get_shim()
0010e500 00000084 t std::__facet_shims::(anonymous namespace)::messages_shim<char>::~messages_shim()
0010e584 00000084 t std::__facet_shims::(anonymous namespace)::messages_shim<wchar_t>::~messages_shim()
0010e608 00000088 t std::__facet_shims::(anonymous namespace)::numpunct_shim<char>::~numpunct_shim()
0010e608 00000088 t std::__facet_shims::(anonymous namespace)::numpunct_shim<char>::~numpunct_shim()
0010e690 00000088 t std::__facet_shims::(anonymous namespace)::numpunct_shim<wchar_t>::~numpunct_shim()
0010e690 00000088 t std::__facet_shims::(anonymous namespace)::numpunct_shim<wchar_t>::~numpunct_shim()
0010e718 00000090 t std::__facet_shims::(anonymous namespace)::money_get_shim<char>::~money_get_shim()
0010e7a8 00000090 t std::__facet_shims::(anonymous namespace)::money_put_shim<char>::~money_put_shim()
0010e838 00000090 t std::__facet_shims::(anonymous namespace)::money_get_shim<wchar_t>::~money_get_shim()
0010e8c8 00000090 t std::__facet_shims::(anonymous namespace)::money_put_shim<wchar_t>::~money_put_shim()
0010e958 00000090 t std::__facet_shims::(anonymous namespace)::time_get_shim<char>::~time_get_shim()
0010e9e8 00000090 t std::__facet_shims::(anonymous namespace)::time_get_shim<wchar_t>::~time_get_shim()
0010ea78 00000090 t std::__facet_shims::(anonymous namespace)::collate_shim<char>::~collate_shim()
0010ea78 00000090 t std::__facet_shims::(anonymous namespace)::collate_shim<char>::~collate_shim()
0010eb08 00000090 t std::__facet_shims::(anonymous namespace)::collate_shim<wchar_t>::~collate_shim()
0010eb08 00000090 t std::__facet_shims::(anonymous namespace)::collate_shim<wchar_t>::~collate_shim()
0010eb98 00000090 t std::__facet_shims::(anonymous namespace)::numpunct_shim<char>::~numpunct_shim()
0010ec28 00000090 t std::__facet_shims::(anonymous namespace)::numpunct_shim<wchar_t>::~numpunct_shim()
0010ecb8 00000098 t std::__facet_shims::(anonymous namespace)::collate_shim<char>::~collate_shim()
0010ed50 00000098 t std::__facet_shims::(anonymous namespace)::collate_shim<wchar_t>::~collate_shim()
0010ede8 00000094 t std::__facet_shims::(anonymous namespace)::moneypunct_shim<char, true>::~moneypunct_shim()
0010ede8 00000094 t std::__facet_shims::(anonymous namespace)::moneypunct_shim<char, true>::~moneypunct_shim()
0010ee7c 00000094 t std::__facet_shims::(anonymous namespace)::moneypunct_shim<char, false>::~moneypunct_shim()
0010ee7c 00000094 t std::__facet_shims::(anonymous namespace)::moneypunct_shim<char, false>::~moneypunct_shim()
0010ef10 00000094 t std::__facet_shims::(anonymous namespace)::moneypunct_shim<wchar_t, true>::~moneypunct_shim()
0010ef10 00000094 t std::__facet_shims::(anonymous namespace)::moneypunct_shim<wchar_t, true>::~moneypunct_shim()
0010efa4 00000094 t std::__facet_shims::(anonymous namespace)::moneypunct_shim<wchar_t, false>::~moneypunct_shim()
0010efa4 00000094 t std::__facet_shims::(anonymous namespace)::moneypunct_shim<wchar_t, false>::~moneypunct_shim()
0010f038 0000009c t std::__facet_shims::(anonymous namespace)::moneypunct_shim<char, true>::~moneypunct_shim()
0010f0d4 0000009c t std::__facet_shims::(anonymous namespace)::moneypunct_shim<char, false>::~moneypunct_shim()
0010f170 0000009c t std::__facet_shims::(anonymous namespace)::moneypunct_shim<wchar_t, true>::~moneypunct_shim()
0010f20c 0000009c t std::__facet_shims::(anonymous namespace)::moneypunct_shim<wchar_t, false>::~moneypunct_shim()
0010f2a8 00000168 t std::__facet_shims::(anonymous namespace)::money_get_shim<wchar_t>::do_get(std::istreambuf_iterator<wchar_t, std::char_traits<wchar_t> >, std::istreambuf_iterator<wchar_t, std::char_traits<wchar_t> >, bool, std::ios_base&, std::_Ios_Iostate&, std::basic_string<wchar_t, std::char_traits<wchar_t>, std::allocator<wchar_t> >&) const
0010f410 00000168 t std::__facet_shims::(anonymous namespace)::money_get_shim<char>::do_get(std::istreambuf_iterator<char, std::char_traits<char> >, std::istreambuf_iterator<char, std::char_traits<char> >, bool, std::ios_base&, std::_Ios_Iostate&, std::string&) const
0010f578 0000005c W std::locale::facet::_M_remove_reference() const
0010f5d4 00000284 W void std::__facet_shims::__numpunct_fill_cache<char>(std::integral_constant<bool, false>, std::locale::facet const*, std::__numpunct_cache<char>*)
0010f858 000002b0 W void std::__facet_shims::__numpunct_fill_cache<wchar_t>(std::integral_constant<bool, false>, std::locale::facet const*, std::__numpunct_cache<wchar_t>*)
0010fb08 0000002c W int std::__facet_shims::__collate_compare<char>(std::integral_constant<bool, false>, std::locale::facet const*, char const*, char const*, char const*, char const*)
0010fb34 0000002c W int std::__facet_shims::__collate_compare<wchar_t>(std::integral_constant<bool, false>, std::locale::facet const*, wchar_t const*, wchar_t const*, wchar_t const*, wchar_t const*)
0010fb60 00000144 W void std::__facet_shims::__collate_transform<char>(std::integral_constant<bool, false>, std::locale::facet const*, std::__facet_shims::__any_string&, char const*, char const*)
0010fca4 00000144 W void std::__facet_shims::__collate_transform<wchar_t>(std::integral_constant<bool, false>, std::locale::facet const*, std::__facet_shims::__any_string&, wchar_t const*, wchar_t const*)
0010fde8 0000038c W void std::__facet_shims::__moneypunct_fill_cache<char, true>(std::integral_constant<bool, false>, std::locale::facet const*, std::__moneypunct_cache<char, true>*)
00110174 0000038c W void std::__facet_shims::__moneypunct_fill_cache<char, false>(std::integral_constant<bool, false>, std::locale::facet const*, std::__moneypunct_cache<char, false>*)
00110500 000003c8 W void std::__facet_shims::__moneypunct_fill_cache<wchar_t, true>(std::integral_constant<bool, false>, std::locale::facet const*, std::__moneypunct_cache<wchar_t, true>*)
001108c8 000003c8 W void std::__facet_shims::__moneypunct_fill_cache<wchar_t, false>(std::integral_constant<bool, false>, std::locale::facet const*, std::__moneypunct_cache<wchar_t, false>*)
00110c90 000000c4 W int std::__facet_shims::__messages_open<char>(std::integral_constant<bool, false>, std::locale::facet const*, char const*, unsigned int, std::locale const&)
00110d54 000000c4 W int std::__facet_shims::__messages_open<wchar_t>(std::integral_constant<bool, false>, std::locale::facet const*, char const*, unsigned int, std::locale const&)
00110e18 000001e4 W void std::__facet_shims::__messages_get<char>(std::integral_constant<bool, false>, std::locale::facet const*, std::__facet_shims::__any_string&, int, int, int, char const*, unsigned int)
00110ffc 000001e4 W void std::__facet_shims::__messages_get<wchar_t>(std::integral_constant<bool, false>, std::locale::facet const*, std::__facet_shims::__any_string&, int, int, int, wchar_t const*, unsigned int)
001111e0 00000014 W void std::__facet_shims::__messages_close<char>(std::integral_constant<bool, false>, std::locale::facet const*, int)
001111f4 00000014 W void std::__facet_shims::__messages_close<wchar_t>(std::integral_constant<bool, false>, std::locale::facet const*, int)
00111208 00000010 W std::time_base::dateorder std::__facet_shims::__time_get_dateorder<char>(std::integral_constant<bool, false>, std::locale::facet const*)
00111218 00000010 W std::time_base::dateorder std::__facet_shims::__time_get_dateorder<wchar_t>(std::integral_constant<bool, false>, std::locale::facet const*)
00111228 0000013c W std::istreambuf_iterator<char, std::char_traits<char> > std::__facet_shims::__time_get<char>(std::integral_constant<bool, false>, std::locale::facet const*, std::istreambuf_iterator<char, std::char_traits<char> >, std::istreambuf_iterator<char, std::char_traits<char> >, std::ios_base&, std::_Ios_Iostate&, tm*, char)
00111364 0000013c W std::istreambuf_iterator<wchar_t, std::char_traits<wchar_t> > std::__facet_shims::__time_get<wchar_t>(std::integral_constant<bool, false>, std::locale::facet const*, std::istreambuf_iterator<wchar_t, std::char_traits<wchar_t> >, std::istreambuf_iterator<wchar_t, std::char_traits<wchar_t> >, std::ios_base&, std::_Ios_Iostate&, tm*, char)
001114a0 00000230 W std::istreambuf_iterator<char, std::char_traits<char> > std::__facet_shims::__money_get<char>(std::integral_constant<bool, false>, std::locale::facet const*, std::istreambuf_iterator<char, std::char_traits<char> >, std::istreambuf_iterator<char, std::char_traits<char> >, bool, std::ios_base&, std::_Ios_Iostate&, long double*, std::__facet_shims::__any_string*)
001116d0 00000230 W std::istreambuf_iterator<wchar_t, std::char_traits<wchar_t> > std::__facet_shims::__money_get<wchar_t>(std::integral_constant<bool, false>, std::locale::facet const*, std::istreambuf_iterator<wchar_t, std::char_traits<wchar_t> >, std::istreambuf_iterator<wchar_t, std::char_traits<wchar_t> >, bool, std::ios_base&, std::_Ios_Iostate&, long double*, std::__facet_shims::__any_string*)
00111900 00000158 W std::ostreambuf_iterator<char, std::char_traits<char> > std::__facet_shims::__money_put<char>(std::integral_constant<bool, false>, std::locale::facet const*, std::ostreambuf_iterator<char, std::char_traits<char> >, bool, std::ios_base&, char, long double, std::__facet_shims::__any_string const*)
00111a58 00000154 W std::ostreambuf_iterator<wchar_t, std::char_traits<wchar_t> > std::__facet_shims::__money_put<wchar_t>(std::integral_constant<bool, false>, std::locale::facet const*, std::ostreambuf_iterator<wchar_t, std::char_traits<wchar_t> >, bool, std::ios_base&, wchar_t, long double, std::__facet_shims::__any_string const*)
00111bac 00000b70 T std::locale::facet::_M_cow_shim(std::locale::id const*) const
0011271c 00000088 W std::string::copy(char*, unsigned int, unsigned int) const
001127a4 00000034 W std::string::swap(std::string&)
001127d8 0000003c W std::string::find_first_not_of(char, unsigned int) const
00112814 00000088 W std::string::_Rep::_S_create(unsigned int, unsigned int, std::allocator<char> const&)
0011289c 0000008c W std::string::_S_construct(unsigned int, char, std::allocator<char> const&)
00112928 00000004 W std::string::_Rep::_M_destroy(std::allocator<char> const&)
0011292c 000001ec W std::string::_M_mutate(unsigned int, unsigned int, unsigned int)
00112b18 00000080 W std::string::_M_leak_hard()
00112b98 0000006c W std::string::_M_replace_aux(unsigned int, unsigned int, unsigned int, char)
00112c04 0000005c W std::string::_M_replace_safe(unsigned int, unsigned int, char const*, unsigned int)
00112c60 00000110 W std::string::assign(char const*, unsigned int)
00112d70 00000090 W std::string::_Rep::_M_clone(std::allocator<char> const&, unsigned int)
00112e00 000000ec W std::string::reserve(unsigned int)
00112eec 000000f8 W std::string::append(std::string const&)
00112fe4 0000014c W std::string::append(char const*, unsigned int)
00113130 000000e4 W std::string::append(unsigned int, char)
00113214 00000048 W std::string::resize(unsigned int, char)
0011325c 000000a4 W std::string::push_back(char)
00113300 00000088 W std::basic_string<wchar_t, std::char_traits<wchar_t>, std::allocator<wchar_t> >::copy(wchar_t*, unsigned int, unsigned int) const
00113388 00000034 W std::basic_string<wchar_t, std::char_traits<wchar_t>, std::allocator<wchar_t> >::swap(std::basic_string<wchar_t, std::char_traits<wchar_t>, std::allocator<wchar_t> >&)
001133bc 0000008c W std::basic_string<wchar_t, std::char_traits<wchar_t>, std::allocator<wchar_t> >::_Rep::_S_create(unsigned int, unsigned int, std::allocator<wchar_t> const&)
00113448 0000008c W std::basic_string<wchar_t, std::char_traits<wchar_t>, std::allocator<wchar_t> >::_S_construct(unsigned int, wchar_t, std::allocator<wchar_t> const&)
001134d4 00000004 W std::basic_string<wchar_t, std::char_traits<wchar_t>, std::allocator<wchar_t> >::_Rep::_M_destroy(std::allocator<wchar_t> const&)
001134d8 000001fc W std::basic_string<wchar_t, std::char_traits<wchar_t>, std::allocator<wchar_t> >::_M_mutate(unsigned int, unsigned int, unsigned int)
001136d4 00000080 W std::basic_string<wchar_t, std::char_traits<wchar_t>, std::allocator<wchar_t> >::_M_leak_hard()
00113754 00000074 W std::basic_string<wchar_t, std::char_traits<wchar_t>, std::allocator<wchar_t> >::_M_replace_aux(unsigned int, unsigned int, unsigned int, wchar_t)
001137c8 0000005c W std::basic_string<wchar_t, std::char_traits<wchar_t>, std::allocator<wchar_t> >::_M_replace_safe(unsigned int, unsigned int, wchar_t const*, unsigned int)
00113824 00000110 W std::basic_string<wchar_t, std::char_traits<wchar_t>, std::allocator<wchar_t> >::assign(wchar_t const*, unsigned int)
00113934 00000090 W std::basic_string<wchar_t, std::char_traits<wchar_t>, std::allocator<wchar_t> >::_Rep::_M_clone(std::allocator<wchar_t> const&, unsigned int)
001139c4 000000ec W std::basic_string<wchar_t, std::char_traits<wchar_t>, std::allocator<wchar_t> >::reserve(unsigned int)
00113ab0 000000e8 W std::basic_string<wchar_t, std::char_traits<wchar_t>, std::allocator<wchar_t> >::append(std::basic_string<wchar_t, std::char_traits<wchar_t>, std::allocator<wchar_t> > const&)
00113b98 0000013c W std::basic_string<wchar_t, std::char_traits<wchar_t>, std::allocator<wchar_t> >::append(wchar_t const*, unsigned int)
00113cd4 000000e4 W std::basic_string<wchar_t, std::char_traits<wchar_t>, std::allocator<wchar_t> >::append(unsigned int, wchar_t)
00113db8 00000048 W std::basic_string<wchar_t, std::char_traits<wchar_t>, std::allocator<wchar_t> >::resize(unsigned int, wchar_t)
00113e00 00000098 W std::basic_string<wchar_t, std::char_traits<wchar_t>, std::allocator<wchar_t> >::push_back(wchar_t)
00113e98 00000008 W std::ctype<char>::do_narrow(char, char) const
00113ea0 00000044 T std::ctype<char>::~ctype()
00113ea0 00000044 T std::ctype<char>::~ctype()
00113ee4 00000034 T std::ctype<wchar_t>::~ctype()
00113ee4 00000034 T std::ctype<wchar_t>::~ctype()
00113f18 0000003c W std::ctype<char>::do_narrow(char const*, char const*, char, char*) const
00113f54 00000024 W std::ctype<char>::do_widen(char const*, char const*, char*) const
00113f78 0000003c T std::ctype<wchar_t>::~ctype()
00113fb4 0000004c T std::ctype<char>::~ctype()
00114000 00000094 T std::ctype<char>::_M_widen_init() const
00114094 0000005c T std::ctype<wchar_t>::ctype(unsigned int)
00114094 0000005c T std::ctype<wchar_t>::ctype(unsigned int)
001140f0 0000001c T std::ctype<char>::do_toupper(char) const
0011410c 00000018 T std::ctype<char>::do_tolower(char) const
00114124 00000080 T std::ctype<char>::ctype(char const*, bool, unsigned int)
00114124 00000080 T std::ctype<char>::ctype(char const*, bool, unsigned int)
001141a4 0000007c T std::ctype<char>::do_toupper(char*, char const*) const
00114220 00000078 T std::ctype<char>::do_tolower(char*, char const*) const
00114298 00000060 T std::ctype<wchar_t>::do_is(char, wchar_t) const
001142f8 000000d4 T std::ctype<wchar_t>::_M_convert_to_wmask(char) const
001143cc 00000008 T std::ctype<wchar_t>::do_toupper(wchar_t) const
001143d4 00000044 T std::ctype<wchar_t>::do_toupper(wchar_t*, wchar_t const*) const
00114418 00000008 T std::ctype<wchar_t>::do_tolower(wchar_t) const
00114420 00000044 T std::ctype<wchar_t>::do_tolower(wchar_t*, wchar_t const*) const
00114464 00000088 T std::ctype<wchar_t>::do_is(wchar_t const*, wchar_t const*, char*) const
001144ec 000000d8 T std::ctype<wchar_t>::do_scan_is(char, wchar_t const*, wchar_t const*) const
001145c4 000000d0 T std::ctype<wchar_t>::do_scan_not(char, wchar_t const*, wchar_t const*) const
00114694 0000000c T std::ctype<wchar_t>::do_widen(char) const
001146a0 0000003c T std::ctype<wchar_t>::do_widen(char const*, char const*, wchar_t*) const
001146dc 00000040 T std::ctype<wchar_t>::do_narrow(wchar_t, char) const
0011471c 000000b4 T std::ctype<wchar_t>::do_narrow(wchar_t const*, wchar_t const*, char, char*) const
001147d0 000000b0 T std::ctype<wchar_t>::_M_initialize_ctype()
00114880 00000038 t std::__facet_shims::(anonymous namespace)::collate_shim<char>::do_compare(char const*, char const*, char const*, char const*) const
001148b8 00000060 t std::__facet_shims::(anonymous namespace)::time_get_shim<char>::do_get_year(std::istreambuf_iterator<char, std::char_traits<char> >, std::istreambuf_iterator<char, std::char_traits<char> >, std::ios_base&, std::_Ios_Iostate&, tm*) const
00114918 00000060 t std::__facet_shims::(anonymous namespace)::time_get_shim<char>::do_get_monthname(std::istreambuf_iterator<char, std::char_traits<char> >, std::istreambuf_iterator<char, std::char_traits<char> >, std::ios_base&, std::_Ios_Iostate&, tm*) const
00114978 00000060 t std::__facet_shims::(anonymous namespace)::time_get_shim<char>::do_get_weekday(std::istreambuf_iterator<char, std::char_traits<char> >, std::istreambuf_iterator<char, std::char_traits<char> >, std::ios_base&, std::_Ios_Iostate&, tm*) const
001149d8 00000060 t std::__facet_shims::(anonymous namespace)::time_get_shim<char>::do_get_date(std::istreambuf_iterator<char, std::char_traits<char> >, std::istreambuf_iterator<char, std::char_traits<char> >, std::ios_base&, std::_Ios_Iostate&, tm*) const
00114a38 00000060 t std::__facet_shims::(anonymous namespace)::time_get_shim<char>::do_get_time(std::istreambuf_iterator<char, std::char_traits<char> >, std::istreambuf_iterator<char, std::char_traits<char> >, std::ios_base&, std::_Ios_Iostate&, tm*) const
00114a98 00000010 t std::__facet_shims::(anonymous namespace)::time_get_shim<char>::do_date_order() const
00114aa8 00000098 t std::__facet_shims::(anonymous namespace)::money_get_shim<char>::do_get(std::istreambuf_iterator<char, std::char_traits<char> >, std::istreambuf_iterator<char, std::char_traits<char> >, bool, std::ios_base&, std::_Ios_Iostate&, long double&) const
00114b40 00000054 t std::__facet_shims::(anonymous namespace)::money_put_shim<char>::do_put(std::ostreambuf_iterator<char, std::char_traits<char> >, bool, std::ios_base&, char, long double) const
00114b94 00000014 t std::__facet_shims::(anonymous namespace)::messages_shim<char>::do_close(int) const
00114ba8 00000030 t std::__facet_shims::(anonymous namespace)::messages_shim<char>::do_open(std::__cxx11::basic_string<char, std::char_traits<char>, std::allocator<char> > const&, std::locale const&) const
00114bd8 00000038 t std::__facet_shims::(anonymous namespace)::collate_shim<wchar_t>::do_compare(wchar_t const*, wchar_t const*, wchar_t const*, wchar_t const*) const
00114c10 00000060 t std::__facet_shims::(anonymous namespace)::time_get_shim<wchar_t>::do_get_year(std::istreambuf_iterator<wchar_t, std::char_traits<wchar_t> >, std::istreambuf_iterator<wchar_t, std::char_traits<wchar_t> >, std::ios_base&, std::_Ios_Iostate&, tm*) const
00114c70 00000060 t std::__facet_shims::(anonymous namespace)::time_get_shim<wchar_t>::do_get_monthname(std::istreambuf_iterator<wchar_t, std::char_traits<wchar_t> >, std::istreambuf_iterator<wchar_t, std::char_traits<wchar_t> >, std::ios_base&, std::_Ios_Iostate&, tm*) const
00114cd0 00000060 t std::__facet_shims::(anonymous namespace)::time_get_shim<wchar_t>::do_get_weekday(std::istreambuf_iterator<wchar_t, std::char_traits<wchar_t> >, std::istreambuf_iterator<wchar_t, std::char_traits<wchar_t> >, std::ios_base&, std::_Ios_Iostate&, tm*) const
00114d30 00000060 t std::__facet_shims::(anonymous namespace)::time_get_shim<wchar_t>::do_get_date(std::istreambuf_iterator<wchar_t, std::char_traits<wchar_t> >, std::istreambuf_iterator<wchar_t, std::char_traits<wchar_t> >, std::ios_base&, std::_Ios_Iostate&, tm*) const
00114d90 00000060 t std::__facet_shims::(anonymous namespace)::time_get_shim<wchar_t>::do_get_time(std::istreambuf_iterator<wchar_t, std::char_traits<wchar_t> >, std::istreambuf_iterator<wchar_t, std::char_traits<wchar_t> >, std::ios_base&, std::_Ios_Iostate&, tm*) const
00114df0 00000010 t std::__facet_shims::(anonymous namespace)::time_get_shim<wchar_t>::do_date_order() const
00114e00 00000098 t std::__facet_shims::(anonymous namespace)::money_get_shim<wchar_t>::do_get(std::istreambuf_iterator<wchar_t, std::char_traits<wchar_t> >, std::istreambuf_iterator<wchar_t, std::char_traits<wchar_t> >, bool, std::ios_base&, std::_Ios_Iostate&, long double&) const
00114e98 00000054 t std::__facet_shims::(anonymous namespace)::money_put_shim<wchar_t>::do_put(std::ostreambuf_iterator<wchar_t, std::char_traits<wchar_t> >, bool, std::ios_base&, wchar_t, long double) const
00114eec 00000014 t std::__facet_shims::(anonymous namespace)::messages_shim<wchar_t>::do_close(int) const
00114f00 00000030 t std::__facet_shims::(anonymous namespace)::messages_shim<wchar_t>::do_open(std::__cxx11::basic_string<char, std::char_traits<char>, std::allocator<char> > const&, std::locale const&) const
00114f30 00000094 t void std::__cxx11::basic_string<char, std::char_traits<char>, std::allocator<char> >::_M_construct<char const*>(char const*, char const*, std::forward_iterator_tag) [clone .isra.0]
00114fc4 00000098 t void std::__cxx11::basic_string<wchar_t, std::char_traits<wchar_t>, std::allocator<wchar_t> >::_M_construct<wchar_t const*>(wchar_t const*, wchar_t const*, std::forward_iterator_tag) [clone .isra.0]
0011505c 000000bc t std::__facet_shims::(anonymous namespace)::collate_shim<wchar_t>::do_transform(wchar_t const*, wchar_t const*) const
00115118 000000d4 t std::__facet_shims::(anonymous namespace)::messages_shim<wchar_t>::do_get(int, int, int, std::__cxx11::basic_string<wchar_t, std::char_traits<wchar_t>, std::allocator<wchar_t> > const&) const
001151f0 000000bc t std::__facet_shims::(anonymous namespace)::money_put_shim<char>::do_put(std::ostreambuf_iterator<char, std::char_traits<char> >, bool, std::ios_base&, char, std::__cxx11::basic_string<char, std::char_traits<char>, std::allocator<char> > const&) const
001152b0 000000bc t std::__facet_shims::(anonymous namespace)::money_put_shim<wchar_t>::do_put(std::ostreambuf_iterator<wchar_t, std::char_traits<wchar_t> >, bool, std::ios_base&, wchar_t, std::__cxx11::basic_string<wchar_t, std::char_traits<wchar_t>, std::allocator<wchar_t> > const&) const
0011536c 000000bc t std::__facet_shims::(anonymous namespace)::collate_shim<char>::do_transform(char const*, char const*) const
00115428 000000d4 t std::__facet_shims::(anonymous namespace)::messages_shim<char>::do_get(int, int, int, std::__cxx11::basic_string<char, std::char_traits<char>, std::allocator<char> > const&) const
001154fc 00000014 t void std::__facet_shims::(anonymous namespace)::__destroy_string<wchar_t>(void*)
00115510 00000014 t void std::__facet_shims::(anonymous namespace)::__destroy_string<char>(void*)
00115524 000001e0 t std::__facet_shims::(anonymous namespace)::money_get_shim<wchar_t>::do_get(std::istreambuf_iterator<wchar_t, std::char_traits<wchar_t> >, std::istreambuf_iterator<wchar_t, std::char_traits<wchar_t> >, bool, std::ios_base&, std::_Ios_Iostate&, std::__cxx11::basic_string<wchar_t, std::char_traits<wchar_t>, std::allocator<wchar_t> >&) const
00115704 0000007c t std::__facet_shims::(anonymous namespace)::messages_shim<char>::~messages_shim()
00115704 0000007c t std::__facet_shims::(anonymous namespace)::messages_shim<char>::~messages_shim()
00115780 0000007c t std::__facet_shims::(anonymous namespace)::messages_shim<wchar_t>::~messages_shim()
00115780 0000007c t std::__facet_shims::(anonymous namespace)::messages_shim<wchar_t>::~messages_shim()
001157fc 00000088 t std::__facet_shims::(anonymous namespace)::money_get_shim<char>::~money_get_shim()
001157fc 00000088 t std::__facet_shims::(anonymous namespace)::money_get_shim<char>::~money_get_shim()
00115884 00000088 t std::__facet_shims::(anonymous namespace)::money_put_shim<char>::~money_put_shim()
00115884 00000088 t std::__facet_shims::(anonymous namespace)::money_put_shim<char>::~money_put_shim()
0011590c 00000088 t std::__facet_shims::(anonymous namespace)::money_get_shim<wchar_t>::~money_get_shim()
0011590c 00000088 t std::__facet_shims::(anonymous namespace)::money_get_shim<wchar_t>::~money_get_shim()
00115994 00000088 t std::__facet_shims::(anonymous namespace)::money_put_shim<wchar_t>::~money_put_shim()
00115994 00000088 t std::__facet_shims::(anonymous namespace)::money_put_shim<wchar_t>::~money_put_shim()
00115a1c 00000088 t std::__facet_shims::(anonymous namespace)::time_get_shim<char>::~time_get_shim()
00115a1c 00000088 t std::__facet_shims::(anonymous namespace)::time_get_shim<char>::~time_get_shim()
00115aa4 00000088 t std::__facet_shims::(anonymous namespace)::time_get_shim<wchar_t>::~time_get_shim()
00115aa4 00000088 t std::__facet_shims::(anonymous namespace)::time_get_shim<wchar_t>::~time_get_shim()
00115b2c 00000084 t std::__facet_shims::(anonymous namespace)::messages_shim<char>::~messages_shim()
00115bb0 00000084 t std::__facet_shims::(anonymous namespace)::messages_shim<wchar_t>::~messages_shim()
00115c34 00000088 t std::__facet_shims::(anonymous namespace)::numpunct_shim<char>::~numpunct_shim()
00115c34 00000088 t std::__facet_shims::(anonymous namespace)::numpunct_shim<char>::~numpunct_shim()
00115cbc 00000088 t std::__facet_shims::(anonymous namespace)::numpunct_shim<wchar_t>::~numpunct_shim()
00115cbc 00000088 t std::__facet_shims::(anonymous namespace)::numpunct_shim<wchar_t>::~numpunct_shim()
00115d44 00000090 t std::__facet_shims::(anonymous namespace)::money_get_shim<char>::~money_get_shim()
00115dd4 00000090 t std::__facet_shims::(anonymous namespace)::money_put_shim<char>::~money_put_shim()
00115e64 00000090 t std::__facet_shims::(anonymous namespace)::money_get_shim<wchar_t>::~money_get_shim()
00115ef4 00000090 t std::__facet_shims::(anonymous namespace)::money_put_shim<wchar_t>::~money_put_shim()
00115f84 00000090 t std::__facet_shims::(anonymous namespace)::time_get_shim<char>::~time_get_shim()
00116014 00000090 t std::__facet_shims::(anonymous namespace)::time_get_shim<wchar_t>::~time_get_shim()
001160a4 00000090 t std::__facet_shims::(anonymous namespace)::collate_shim<char>::~collate_shim()
001160a4 00000090 t std::__facet_shims::(anonymous namespace)::collate_shim<char>::~collate_shim()
00116134 00000090 t std::__facet_shims::(anonymous namespace)::collate_shim<wchar_t>::~collate_shim()
00116134 00000090 t std::__facet_shims::(anonymous namespace)::collate_shim<wchar_t>::~collate_shim()
001161c4 00000090 t std::__facet_shims::(anonymous namespace)::numpunct_shim<char>::~numpunct_shim()
00116254 00000090 t std::__facet_shims::(anonymous namespace)::numpunct_shim<wchar_t>::~numpunct_shim()
001162e4 00000098 t std::__facet_shims::(anonymous namespace)::collate_shim<char>::~collate_shim()
0011637c 00000098 t std::__facet_shims::(anonymous namespace)::collate_shim<wchar_t>::~collate_shim()
00116414 00000094 t std::__facet_shims::(anonymous namespace)::moneypunct_shim<char, true>::~moneypunct_shim()
00116414 00000094 t std::__facet_shims::(anonymous namespace)::moneypunct_shim<char, true>::~moneypunct_shim()
001164a8 00000094 t std::__facet_shims::(anonymous namespace)::moneypunct_shim<char, false>::~moneypunct_shim()
001164a8 00000094 t std::__facet_shims::(anonymous namespace)::moneypunct_shim<char, false>::~moneypunct_shim()
0011653c 00000094 t std::__facet_shims::(anonymous namespace)::moneypunct_shim<wchar_t, true>::~moneypunct_shim()
0011653c 00000094 t std::__facet_shims::(anonymous namespace)::moneypunct_shim<wchar_t, true>::~moneypunct_shim()
001165d0 00000094 t std::__facet_shims::(anonymous namespace)::moneypunct_shim<wchar_t, false>::~moneypunct_shim()
001165d0 00000094 t std::__facet_shims::(anonymous namespace)::moneypunct_shim<wchar_t, false>::~moneypunct_shim()
00116664 0000009c t std::__facet_shims::(anonymous namespace)::moneypunct_shim<char, true>::~moneypunct_shim()
00116700 0000009c t std::__facet_shims::(anonymous namespace)::moneypunct_shim<char, false>::~moneypunct_shim()
0011679c 0000009c t std::__facet_shims::(anonymous namespace)::moneypunct_shim<wchar_t, true>::~moneypunct_shim()
00116838 0000009c t std::__facet_shims::(anonymous namespace)::moneypunct_shim<wchar_t, false>::~moneypunct_shim()
001168d4 00000268 t std::__facet_shims::(anonymous namespace)::money_get_shim<char>::do_get(std::istreambuf_iterator<char, std::char_traits<char> >, std::istreambuf_iterator<char, std::char_traits<char> >, bool, std::ios_base&, std::_Ios_Iostate&, std::__cxx11::basic_string<char, std::char_traits<char>, std::allocator<char> >&) const
00116b3c 00000180 W void std::__facet_shims::__numpunct_fill_cache<char>(std::integral_constant<bool, true>, std::locale::facet const*, std::__numpunct_cache<char>*)
00116cbc 000001a8 W void std::__facet_shims::__numpunct_fill_cache<wchar_t>(std::integral_constant<bool, true>, std::locale::facet const*, std::__numpunct_cache<wchar_t>*)
00116e64 0000002c W int std::__facet_shims::__collate_compare<char>(std::integral_constant<bool, true>, std::locale::facet const*, char const*, char const*, char const*, char const*)
00116e90 0000002c W int std::__facet_shims::__collate_compare<wchar_t>(std::integral_constant<bool, true>, std::locale::facet const*, wchar_t const*, wchar_t const*, wchar_t const*, wchar_t const*)
00116ebc 00000080 W void std::__facet_shims::__collate_transform<char>(std::integral_constant<bool, true>, std::locale::facet const*, std::__facet_shims::__any_string&, char const*, char const*)
00116f3c 00000080 W void std::__facet_shims::__collate_transform<wchar_t>(std::integral_constant<bool, true>, std::locale::facet const*, std::__facet_shims::__any_string&, wchar_t const*, wchar_t const*)
00116fbc 00000234 W void std::__facet_shims::__moneypunct_fill_cache<char, true>(std::integral_constant<bool, true>, std::locale::facet const*, std::__moneypunct_cache<char, true>*)
001171f0 00000234 W void std::__facet_shims::__moneypunct_fill_cache<char, false>(std::integral_constant<bool, true>, std::locale::facet const*, std::__moneypunct_cache<char, false>*)
00117424 0000026c W void std::__facet_shims::__moneypunct_fill_cache<wchar_t, true>(std::integral_constant<bool, true>, std::locale::facet const*, std::__moneypunct_cache<wchar_t, true>*)
00117690 0000026c W void std::__facet_shims::__moneypunct_fill_cache<wchar_t, false>(std::integral_constant<bool, true>, std::locale::facet const*, std::__moneypunct_cache<wchar_t, false>*)
001178fc 00000090 W int std::__facet_shims::__messages_open<char>(std::integral_constant<bool, true>, std::locale::facet const*, char const*, unsigned int, std::locale const&)
0011798c 00000090 W int std::__facet_shims::__messages_open<wchar_t>(std::integral_constant<bool, true>, std::locale::facet const*, char const*, unsigned int, std::locale const&)
00117a1c 000000fc W void std::__facet_shims::__messages_get<char>(std::integral_constant<bool, true>, std::locale::facet const*, std::__facet_shims::__any_string&, int, int, int, char const*, unsigned int)
00117b18 000000fc W void std::__facet_shims::__messages_get<wchar_t>(std::integral_constant<bool, true>, std::locale::facet const*, std::__facet_shims::__any_string&, int, int, int, wchar_t const*, unsigned int)
00117c14 00000014 W void std::__facet_shims::__messages_close<char>(std::integral_constant<bool, true>, std::locale::facet const*, int)
00117c28 00000014 W void std::__facet_shims::__messages_close<wchar_t>(std::integral_constant<bool, true>, std::locale::facet const*, int)
00117c3c 00000010 W std::time_base::dateorder std::__facet_shims::__time_get_dateorder<char>(std::integral_constant<bool, true>, std::locale::facet const*)
00117c4c 00000010 W std::time_base::dateorder std::__facet_shims::__time_get_dateorder<wchar_t>(std::integral_constant<bool, true>, std::locale::facet const*)
00117c5c 0000013c W std::istreambuf_iterator<char, std::char_traits<char> > std::__facet_shims::__time_get<char>(std::integral_constant<bool, true>, std::locale::facet const*, std::istreambuf_iterator<char, std::char_traits<char> >, std::istreambuf_iterator<char, std::char_traits<char> >, std::ios_base&, std::_Ios_Iostate&, tm*, char)
00117d98 0000013c W std::istreambuf_iterator<wchar_t, std::char_traits<wchar_t> > std::__facet_shims::__time_get<wchar_t>(std::integral_constant<bool, true>, std::locale::facet const*, std::istreambuf_iterator<wchar_t, std::char_traits<wchar_t> >, std::istreambuf_iterator<wchar_t, std::char_traits<wchar_t> >, std::ios_base&, std::_Ios_Iostate&, tm*, char)
00117ed4 00000160 W std::istreambuf_iterator<char, std::char_traits<char> > std::__facet_shims::__money_get<char>(std::integral_constant<bool, true>, std::locale::facet const*, std::istreambuf_iterator<char, std::char_traits<char> >, std::istreambuf_iterator<char, std::char_traits<char> >, bool, std::ios_base&, std::_Ios_Iostate&, long double*, std::__facet_shims::__any_string*)
00118034 00000160 W std::istreambuf_iterator<wchar_t, std::char_traits<wchar_t> > std::__facet_shims::__money_get<wchar_t>(std::integral_constant<bool, true>, std::locale::facet const*, std::istreambuf_iterator<wchar_t, std::char_traits<wchar_t> >, std::istreambuf_iterator<wchar_t, std::char_traits<wchar_t> >, bool, std::ios_base&, std::_Ios_Iostate&, long double*, std::__facet_shims::__any_string*)
00118194 000001a0 W std::ostreambuf_iterator<char, std::char_traits<char> > std::__facet_shims::__money_put<char>(std::integral_constant<bool, true>, std::locale::facet const*, std::ostreambuf_iterator<char, std::char_traits<char> >, bool, std::ios_base&, char, long double, std::__facet_shims::__any_string const*)
00118334 00000124 W std::ostreambuf_iterator<wchar_t, std::char_traits<wchar_t> > std::__facet_shims::__money_put<wchar_t>(std::integral_constant<bool, true>, std::locale::facet const*, std::ostreambuf_iterator<wchar_t, std::char_traits<wchar_t> >, bool, std::ios_base&, wchar_t, long double, std::__facet_shims::__any_string const*)
00118458 00000b70 T std::locale::facet::_M_sso_shim(std::locale::id const*) const
00118fc8 0000000c W std::__cxx11::moneypunct<wchar_t, false>::do_decimal_point() const
00118fd4 0000000c W std::__cxx11::moneypunct<wchar_t, false>::do_thousands_sep() const
00118fe0 0000000c W std::__cxx11::moneypunct<wchar_t, false>::do_frac_digits() const
00118fec 00000014 W std::__cxx11::moneypunct<wchar_t, false>::do_pos_format() const
00119000 00000014 W std::__cxx11::moneypunct<wchar_t, false>::do_neg_format() const
00119014 0000000c W std::__cxx11::moneypunct<wchar_t, true>::do_decimal_point() const
00119020 0000000c W std::__cxx11::moneypunct<wchar_t, true>::do_thousands_sep() const
0011902c 0000000c W std::__cxx11::moneypunct<wchar_t, true>::do_frac_digits() const
00119038 00000014 W std::__cxx11::moneypunct<wchar_t, true>::do_pos_format() const
0011904c 00000014 W std::__cxx11::moneypunct<wchar_t, true>::do_neg_format() const
00119060 0000000c W std::__cxx11::numpunct<wchar_t>::do_decimal_point() const
0011906c 0000000c W std::__cxx11::numpunct<wchar_t>::do_thousands_sep() const
00119078 00000008 W std::__cxx11::time_get<wchar_t, std::istreambuf_iterator<wchar_t, std::char_traits<wchar_t> > >::do_date_order() const
00119080 00000008 W std::__cxx11::messages<wchar_t>::do_open(std::__cxx11::basic_string<char, std::char_traits<char>, std::allocator<char> > const&, std::locale const&) const
00119088 00000004 W std::__cxx11::messages<wchar_t>::do_close(int) const
0011908c 00000020 W std::__cxx11::collate<wchar_t>::do_hash(wchar_t const*, wchar_t const*) const
001190ac 00000020 W std::__cxx11::money_get<wchar_t, std::istreambuf_iterator<wchar_t, std::char_traits<wchar_t> > >::~money_get()
001190ac 00000020 W std::__cxx11::money_get<wchar_t, std::istreambuf_iterator<wchar_t, std::char_traits<wchar_t> > >::~money_get()
001190cc 00000028 W std::__cxx11::money_get<wchar_t, std::istreambuf_iterator<wchar_t, std::char_traits<wchar_t> > >::~money_get()
001190f4 00000020 W std::__cxx11::money_put<wchar_t, std::ostreambuf_iterator<wchar_t, std::char_traits<wchar_t> > >::~money_put()
001190f4 00000020 W std::__cxx11::money_put<wchar_t, std::ostreambuf_iterator<wchar_t, std::char_traits<wchar_t> > >::~money_put()
00119114 00000028 W std::__cxx11::money_put<wchar_t, std::ostreambuf_iterator<wchar_t, std::char_traits<wchar_t> > >::~money_put()
0011913c 00000020 W std::__cxx11::time_get<wchar_t, std::istreambuf_iterator<wchar_t, std::char_traits<wchar_t> > >::~time_get()
0011913c 00000020 W std::__cxx11::time_get<wchar_t, std::istreambuf_iterator<wchar_t, std::char_traits<wchar_t> > >::~time_get()
0011915c 00000028 W std::__cxx11::time_get<wchar_t, std::istreambuf_iterator<wchar_t, std::char_traits<wchar_t> > >::~time_get()
00119184 00000028 W std::__cxx11::messages<wchar_t>::~messages()
00119184 00000028 W std::__cxx11::messages<wchar_t>::~messages()
001191ac 0000001c W std::__cxx11::messages<wchar_t>::~messages()
001191c8 00000028 W std::__cxx11::collate<wchar_t>::~collate()
001191c8 00000028 W std::__cxx11::collate<wchar_t>::~collate()
001191f0 00000098 t void std::__cxx11::basic_string<wchar_t, std::char_traits<wchar_t>, std::allocator<wchar_t> >::_M_construct<wchar_t const*>(wchar_t const*, wchar_t const*, std::forward_iterator_tag) [clone .isra.0]
00119288 00000030 W std::__cxx11::collate<wchar_t>::~collate()
001192b8 000000c0 W std::__cxx11::moneypunct<wchar_t, false>::do_grouping() const
00119378 000000c0 W std::__cxx11::moneypunct<wchar_t, true>::do_grouping() const
00119438 000000c0 W std::__cxx11::numpunct<wchar_t>::do_grouping() const
001194f8 00000058 W std::__cxx11::moneypunct<wchar_t, false>::do_curr_symbol() const
00119550 00000058 W std::__cxx11::moneypunct<wchar_t, false>::do_positive_sign() const
001195a8 00000058 W std::__cxx11::moneypunct<wchar_t, false>::do_negative_sign() const
00119600 00000058 W std::__cxx11::moneypunct<wchar_t, true>::do_curr_symbol() const
00119658 00000058 W std::__cxx11::moneypunct<wchar_t, true>::do_positive_sign() const
001196b0 00000058 W std::__cxx11::moneypunct<wchar_t, true>::do_negative_sign() const
00119708 00000058 W std::__cxx11::numpunct<wchar_t>::do_truename() const
00119760 00000058 W std::__cxx11::numpunct<wchar_t>::do_falsename() const
001197b8 000000f8 W std::__cxx11::collate<wchar_t>::do_compare(wchar_t const*, wchar_t const*, wchar_t const*, wchar_t const*) const
001198b0 000002d8 W std::__cxx11::collate<wchar_t>::do_transform(wchar_t const*, wchar_t const*) const
00119b88 000000d4 W std::__convert_from_v(int* const&, char*, int, char const*, ...)
00119c5c 000012b4 W std::istreambuf_iterator<wchar_t, std::char_traits<wchar_t> > std::__cxx11::money_get<wchar_t, std::istreambuf_iterator<wchar_t, std::char_traits<wchar_t> > >::_M_extract<true>(std::istreambuf_iterator<wchar_t, std::char_traits<wchar_t> >, std::istreambuf_iterator<wchar_t, std::char_traits<wchar_t> >, std::ios_base&, std::_Ios_Iostate&, std::__cxx11::basic_string<char, std::char_traits<char>, std::allocator<char> >&) const
0011af10 000012b4 W std::istreambuf_iterator<wchar_t, std::char_traits<wchar_t> > std::__cxx11::money_get<wchar_t, std::istreambuf_iterator<wchar_t, std::char_traits<wchar_t> > >::_M_extract<false>(std::istreambuf_iterator<wchar_t, std::char_traits<wchar_t> >, std::istreambuf_iterator<wchar_t, std::char_traits<wchar_t> >, std::ios_base&, std::_Ios_Iostate&, std::__cxx11::basic_string<char, std::char_traits<char>, std::allocator<char> >&) const
0011c1c4 000000cc W std::__cxx11::money_get<wchar_t, std::istreambuf_iterator<wchar_t, std::char_traits<wchar_t> > >::do_get(std::istreambuf_iterator<wchar_t, std::char_traits<wchar_t> >, std::istreambuf_iterator<wchar_t, std::char_traits<wchar_t> >, bool, std::ios_base&, std::_Ios_Iostate&, long double&) const
0011c290 0000013c W std::__cxx11::money_get<wchar_t, std::istreambuf_iterator<wchar_t, std::char_traits<wchar_t> > >::do_get(std::istreambuf_iterator<wchar_t, std::char_traits<wchar_t> >, std::istreambuf_iterator<wchar_t, std::char_traits<wchar_t> >, bool, std::ios_base&, std::_Ios_Iostate&, std::__cxx11::basic_string<wchar_t, std::char_traits<wchar_t>, std::allocator<wchar_t> >&) const
0011c3cc 00000740 W std::ostreambuf_iterator<wchar_t, std::char_traits<wchar_t> > std::__cxx11::money_put<wchar_t, std::ostreambuf_iterator<wchar_t, std::char_traits<wchar_t> > >::_M_insert<true>(std::ostreambuf_iterator<wchar_t, std::char_traits<wchar_t> >, std::ios_base&, wchar_t, std::__cxx11::basic_string<wchar_t, std::char_traits<wchar_t>, std::allocator<wchar_t> > const&) const
0011cb0c 00000740 W std::ostreambuf_iterator<wchar_t, std::char_traits<wchar_t> > std::__cxx11::money_put<wchar_t, std::ostreambuf_iterator<wchar_t, std::char_traits<wchar_t> > >::_M_insert<false>(std::ostreambuf_iterator<wchar_t, std::char_traits<wchar_t> >, std::ios_base&, wchar_t, std::__cxx11::basic_string<wchar_t, std::char_traits<wchar_t>, std::allocator<wchar_t> > const&) const
0011d24c 00000188 W std::__cxx11::money_put<wchar_t, std::ostreambuf_iterator<wchar_t, std::char_traits<wchar_t> > >::do_put(std::ostreambuf_iterator<wchar_t, std::char_traits<wchar_t> >, bool, std::ios_base&, wchar_t, long double) const
0011d3d4 00000054 W std::__cxx11::money_put<wchar_t, std::ostreambuf_iterator<wchar_t, std::char_traits<wchar_t> > >::do_put(std::ostreambuf_iterator<wchar_t, std::char_traits<wchar_t> >, bool, std::ios_base&, wchar_t, std::__cxx11::basic_string<wchar_t, std::char_traits<wchar_t>, std::allocator<wchar_t> > const&) const
0011d428 00000280 W std::__cxx11::time_get<wchar_t, std::istreambuf_iterator<wchar_t, std::char_traits<wchar_t> > >::_M_extract_num(std::istreambuf_iterator<wchar_t, std::char_traits<wchar_t> >, std::istreambuf_iterator<wchar_t, std::char_traits<wchar_t> >, int&, int, int, unsigned int, std::ios_base&, std::_Ios_Iostate&) const
0011d6a8 0000066c W std::__cxx11::time_get<wchar_t, std::istreambuf_iterator<wchar_t, std::char_traits<wchar_t> > >::do_get_year(std::istreambuf_iterator<wchar_t, std::char_traits<wchar_t> >, std::istreambuf_iterator<wchar_t, std::char_traits<wchar_t> >, std::ios_base&, std::_Ios_Iostate&, tm*) const
0011dd14 00000db8 W std::__cxx11::time_get<wchar_t, std::istreambuf_iterator<wchar_t, std::char_traits<wchar_t> > >::_M_extract_name(std::istreambuf_iterator<wchar_t, std::char_traits<wchar_t> >, std::istreambuf_iterator<wchar_t, std::char_traits<wchar_t> >, int&, wchar_t const**, unsigned int, std::ios_base&, std::_Ios_Iostate&) const
0011eacc 00000608 W std::__cxx11::time_get<wchar_t, std::istreambuf_iterator<wchar_t, std::char_traits<wchar_t> > >::_M_extract_wday_or_month(std::istreambuf_iterator<wchar_t, std::char_traits<wchar_t> >, std::istreambuf_iterator<wchar_t, std::char_traits<wchar_t> >, int&, wchar_t const**, unsigned int, std::ios_base&, std::_Ios_Iostate&) const
0011f0d4 00000250 W std::__cxx11::time_get<wchar_t, std::istreambuf_iterator<wchar_t, std::char_traits<wchar_t> > >::do_get_weekday(std::istreambuf_iterator<wchar_t, std::char_traits<wchar_t> >, std::istreambuf_iterator<wchar_t, std::char_traits<wchar_t> >, std::ios_base&, std::_Ios_Iostate&, tm*) const
0011f324 000002c8 W std::__cxx11::time_get<wchar_t, std::istreambuf_iterator<wchar_t, std::char_traits<wchar_t> > >::do_get_monthname(std::istreambuf_iterator<wchar_t, std::char_traits<wchar_t> >, std::istreambuf_iterator<wchar_t, std::char_traits<wchar_t> >, std::ios_base&, std::_Ios_Iostate&, tm*) const
0011f5ec 0000003c W std::__cxx11::messages<wchar_t>::messages(unsigned int)
0011f5ec 0000003c W std::__cxx11::messages<wchar_t>::messages(unsigned int)
0011f628 0000007c W std::istreambuf_iterator<wchar_t, std::char_traits<wchar_t> >::_M_get() const
0011f6a4 00001e40 W std::__cxx11::time_get<wchar_t, std::istreambuf_iterator<wchar_t, std::char_traits<wchar_t> > >::_M_extract_via_format(std::istreambuf_iterator<wchar_t, std::char_traits<wchar_t> >, std::istreambuf_iterator<wchar_t, std::char_traits<wchar_t> >, std::ios_base&, std::_Ios_Iostate&, tm*, wchar_t const*, std::__time_get_state&) const
0011f6a4 00001e40 t std::__cxx11::time_get<wchar_t, std::istreambuf_iterator<wchar_t, std::char_traits<wchar_t> > >::_M_extract_via_format(std::istreambuf_iterator<wchar_t, std::char_traits<wchar_t> >, std::istreambuf_iterator<wchar_t, std::char_traits<wchar_t> >, std::ios_base&, std::_Ios_Iostate&, tm*, wchar_t const*, std::__time_get_state&) const [clone .localalias]
001214e4 000001c8 W std::__cxx11::time_get<wchar_t, std::istreambuf_iterator<wchar_t, std::char_traits<wchar_t> > >::do_get_time(std::istreambuf_iterator<wchar_t, std::char_traits<wchar_t> >, std::istreambuf_iterator<wchar_t, std::char_traits<wchar_t> >, std::ios_base&, std::_Ios_Iostate&, tm*) const
001216ac 000001c8 W std::__cxx11::time_get<wchar_t, std::istreambuf_iterator<wchar_t, std::char_traits<wchar_t> > >::do_get_date(std::istreambuf_iterator<wchar_t, std::char_traits<wchar_t> >, std::istreambuf_iterator<wchar_t, std::char_traits<wchar_t> >, std::ios_base&, std::_Ios_Iostate&, tm*) const
00121874 000001c8 W std::__cxx11::time_get<wchar_t, std::istreambuf_iterator<wchar_t, std::char_traits<wchar_t> > >::do_get(std::istreambuf_iterator<wchar_t, std::char_traits<wchar_t> >, std::istreambuf_iterator<wchar_t, std::char_traits<wchar_t> >, std::ios_base&, std::_Ios_Iostate&, tm*, char, char) const
00121a3c 000000a4 t _GLOBAL__sub_I__ZNSt12ctype_bynameIwEC2ERKNSt7__cxx1112basic_stringIcSt11char_traitsIcESaIcEEEj
00121ae0 00000020 W __gnu_cxx::stdio_sync_filebuf<char, std::char_traits<char> >::~stdio_sync_filebuf()
00121ae0 00000020 W __gnu_cxx::stdio_sync_filebuf<char, std::char_traits<char> >::~stdio_sync_filebuf()
00121b00 00000028 W __gnu_cxx::stdio_sync_filebuf<char, std::char_traits<char> >::~stdio_sync_filebuf()
00121b28 00000020 W __gnu_cxx::stdio_sync_filebuf<wchar_t, std::char_traits<wchar_t> >::~stdio_sync_filebuf()
00121b28 00000020 W __gnu_cxx::stdio_sync_filebuf<wchar_t, std::char_traits<wchar_t> >::~stdio_sync_filebuf()
00121b48 00000028 W __gnu_cxx::stdio_sync_filebuf<wchar_t, std::char_traits<wchar_t> >::~stdio_sync_filebuf()
00121b70 00000018 W __gnu_cxx::stdio_sync_filebuf<char, std::char_traits<char> >::uflow()
00121b88 0000001c W __gnu_cxx::stdio_sync_filebuf<char, std::char_traits<char> >::underflow()
00121ba4 00000038 W __gnu_cxx::stdio_sync_filebuf<char, std::char_traits<char> >::pbackfail(int)
00121bdc 00000008 W __gnu_cxx::stdio_sync_filebuf<char, std::char_traits<char> >::sync()
00121be4 00000008 W __gnu_cxx::stdio_sync_filebuf<wchar_t, std::char_traits<wchar_t> >::sync()
00121bf0 00000078 W __gnu_cxx::stdio_sync_filebuf<char, std::char_traits<char> >::seekoff(long long, std::_Ios_Seekdir, std::_Ios_Openmode)
00121c68 00000078 W __gnu_cxx::stdio_sync_filebuf<wchar_t, std::char_traits<wchar_t> >::seekoff(long long, std::_Ios_Seekdir, std::_Ios_Openmode)
00121ce0 00000018 W __gnu_cxx::stdio_sync_filebuf<wchar_t, std::char_traits<wchar_t> >::uflow()
00121cf8 00000068 W __gnu_cxx::stdio_sync_filebuf<wchar_t, std::char_traits<wchar_t> >::xsgetn(wchar_t*, int)
00121d60 0000001c W __gnu_cxx::stdio_sync_filebuf<wchar_t, std::char_traits<wchar_t> >::underflow()
00121d7c 00000048 W __gnu_cxx::stdio_sync_filebuf<wchar_t, std::char_traits<wchar_t> >::pbackfail(unsigned int)
00121dc4 0000004c W __gnu_cxx::stdio_sync_filebuf<wchar_t, std::char_traits<wchar_t> >::xsputn(wchar_t const*, int)
00121e10 00000014 W __gnu_cxx::stdio_sync_filebuf<char, std::char_traits<char> >::xsputn(char const*, int)
00121e24 00000034 W __gnu_cxx::stdio_sync_filebuf<char, std::char_traits<char> >::xsgetn(char*, int)
00121e58 00000034 W __gnu_cxx::stdio_sync_filebuf<wchar_t, std::char_traits<wchar_t> >::overflow(unsigned int)
00121e8c 00000034 W __gnu_cxx::stdio_sync_filebuf<char, std::char_traits<char> >::overflow(int)
00121ec0 000000ac W __gnu_cxx::stdio_sync_filebuf<wchar_t, std::char_traits<wchar_t> >::seekpos(std::fpos<_mbstate_t>, std::_Ios_Openmode)
00121f70 000000ac W __gnu_cxx::stdio_sync_filebuf<char, std::char_traits<char> >::seekpos(std::fpos<_mbstate_t>, std::_Ios_Openmode)
0012201c 0000002c T std::__throw_bad_cast()
00122048 00000040 T std::__throw_logic_error(char const*)
00122088 00000040 T std::__throw_length_error(char const*)
001220c8 00000040 T std::__throw_out_of_range(char const*)
00122108 00000010 T std::__throw_out_of_range_fmt(char const*, ...)
00122118 00000040 T std::__throw_runtime_error(char const*)
00122158 00000020 W std::basic_ios<char, std::char_traits<char> >::~basic_ios()
00122158 00000020 W std::basic_ios<char, std::char_traits<char> >::~basic_ios()
00122178 00000020 W std::basic_ios<wchar_t, std::char_traits<wchar_t> >::~basic_ios()
00122178 00000020 W std::basic_ios<wchar_t, std::char_traits<wchar_t> >::~basic_ios()
00122198 00000028 W std::basic_ios<char, std::char_traits<char> >::~basic_ios()
001221c0 00000028 W std::basic_ios<wchar_t, std::char_traits<wchar_t> >::~basic_ios()
001221e8 0000002c W std::basic_ios<char, std::char_traits<char> >::clear(std::_Ios_Iostate)
00122214 0000001c W std::basic_ios<char, std::char_traits<char> >::_M_setstate(std::_Ios_Iostate)
00122230 0000006c W std::basic_ios<char, std::char_traits<char> >::_M_cache_locale(std::locale const&)
0012229c 000000a0 W std::basic_ios<char, std::char_traits<char> >::init(std::basic_streambuf<char, std::char_traits<char> >*)
0012233c 0000002c W std::basic_ios<wchar_t, std::char_traits<wchar_t> >::clear(std::_Ios_Iostate)
00122368 0000001c W std::basic_ios<wchar_t, std::char_traits<wchar_t> >::_M_setstate(std::_Ios_Iostate)
00122384 0000006c W std::basic_ios<wchar_t, std::char_traits<wchar_t> >::_M_cache_locale(std::locale const&)
001223f0 00000068 W std::basic_ios<wchar_t, std::char_traits<wchar_t> >::init(std::basic_streambuf<wchar_t, std::char_traits<wchar_t> >*)
00122458 00000070 T std::ios_base::ios_base()
00122458 00000070 T std::ios_base::ios_base()
001224c8 00000058 T std::ios_base::_M_call_callbacks(std::ios_base::event)
00122520 000000c8 T std::ios_base::~ios_base()
00122520 000000c8 T std::ios_base::~ios_base()
001225e8 0000001c T std::ios_base::~ios_base()
00122604 00000030 W std::basic_istream<char, std::char_traits<char> >::~basic_istream()
00122634 00000040 W virtual thunk to std::basic_istream<char, std::char_traits<char> >::~basic_istream()
00122674 00000038 W std::basic_istream<char, std::char_traits<char> >::~basic_istream()
001226ac 00000048 W virtual thunk to std::basic_istream<char, std::char_traits<char> >::~basic_istream()
001226f4 00000030 W std::basic_istream<wchar_t, std::char_traits<wchar_t> >::~basic_istream()
00122724 00000040 W virtual thunk to std::basic_istream<wchar_t, std::char_traits<wchar_t> >::~basic_istream()
00122764 00000038 W std::basic_istream<wchar_t, std::char_traits<wchar_t> >::~basic_istream()
0012279c 00000048 W virtual thunk to std::basic_istream<wchar_t, std::char_traits<wchar_t> >::~basic_istream()
001227e4 0000000c W std::moneypunct<char, false>::do_decimal_point() const
001227f0 0000000c W std::moneypunct<char, false>::do_thousands_sep() const
001227fc 0000000c W std::moneypunct<char, false>::do_frac_digits() const
00122808 00000014 W std::moneypunct<char, false>::do_pos_format() const
0012281c 00000014 W std::moneypunct<char, false>::do_neg_format() const
00122830 0000000c W std::moneypunct<char, true>::do_decimal_point() const
0012283c 0000000c W std::moneypunct<char, true>::do_thousands_sep() const
00122848 0000000c W std::moneypunct<char, true>::do_frac_digits() const
00122854 00000014 W std::moneypunct<char, true>::do_pos_format() const
00122868 00000014 W std::moneypunct<char, true>::do_neg_format() const
0012287c 0000000c W std::numpunct<char>::do_decimal_point() const
00122888 0000000c W std::numpunct<char>::do_thousands_sep() const
00122894 00000008 W std::time_get<char, std::istreambuf_iterator<char, std::char_traits<char> > >::do_date_order() const
0012289c 00000008 W std::messages<char>::do_open(std::string const&, std::locale const&) const
001228a4 00000004 W std::messages<char>::do_close(int) const
001228a8 00000020 W std::collate<char>::do_hash(char const*, char const*) const
001228c8 00000020 W std::num_get<char, std::istreambuf_iterator<char, std::char_traits<char> > >::~num_get()
001228c8 00000020 W std::num_get<char, std::istreambuf_iterator<char, std::char_traits<char> > >::~num_get()
001228e8 00000020 W std::num_put<char, std::ostreambuf_iterator<char, std::char_traits<char> > >::~num_put()
001228e8 00000020 W std::num_put<char, std::ostreambuf_iterator<char, std::char_traits<char> > >::~num_put()
00122908 00000020 W std::money_get<char, std::istreambuf_iterator<char, std::char_traits<char> > >::~money_get()
00122908 00000020 W std::money_get<char, std::istreambuf_iterator<char, std::char_traits<char> > >::~money_get()
00122928 00000020 W std::money_put<char, std::ostreambuf_iterator<char, std::char_traits<char> > >::~money_put()
00122928 00000020 W std::money_put<char, std::ostreambuf_iterator<char, std::char_traits<char> > >::~money_put()
00122948 00000020 W std::__timepunct_cache<char>::~__timepunct_cache()
00122948 00000020 W std::__timepunct_cache<char>::~__timepunct_cache()
00122968 00000020 W std::time_put<char, std::ostreambuf_iterator<char, std::char_traits<char> > >::~time_put()
00122968 00000020 W std::time_put<char, std::ostreambuf_iterator<char, std::char_traits<char> > >::~time_put()
00122988 00000020 W std::time_get<char, std::istreambuf_iterator<char, std::char_traits<char> > >::~time_get()
00122988 00000020 W std::time_get<char, std::istreambuf_iterator<char, std::char_traits<char> > >::~time_get()
001229a8 00000028 W std::num_get<char, std::istreambuf_iterator<char, std::char_traits<char> > >::~num_get()
001229d0 00000028 W std::num_put<char, std::ostreambuf_iterator<char, std::char_traits<char> > >::~num_put()
001229f8 00000028 W std::money_get<char, std::istreambuf_iterator<char, std::char_traits<char> > >::~money_get()
00122a20 00000028 W std::money_put<char, std::ostreambuf_iterator<char, std::char_traits<char> > >::~money_put()
00122a48 0000001c W std::__timepunct_cache<char>::~__timepunct_cache()
00122a64 00000028 W std::time_put<char, std::ostreambuf_iterator<char, std::char_traits<char> > >::~time_put()
00122a8c 00000028 W std::time_get<char, std::istreambuf_iterator<char, std::char_traits<char> > >::~time_get()
00122ab4 00000070 W std::__moneypunct_cache<char, false>::~__moneypunct_cache()
00122ab4 00000070 W std::__moneypunct_cache<char, false>::~__moneypunct_cache()
00122b24 0000001c W std::__moneypunct_cache<char, false>::~__moneypunct_cache()
00122b40 00000070 W std::__moneypunct_cache<char, true>::~__moneypunct_cache()
00122b40 00000070 W std::__moneypunct_cache<char, true>::~__moneypunct_cache()
00122bb0 0000001c W std::__moneypunct_cache<char, true>::~__moneypunct_cache()
00122bcc 00000060 W std::__numpunct_cache<char>::~__numpunct_cache()
00122bcc 00000060 W std::__numpunct_cache<char>::~__numpunct_cache()
00122c2c 0000001c W std::__numpunct_cache<char>::~__numpunct_cache()
00122c48 00000028 W std::messages<char>::~messages()
00122c48 00000028 W std::messages<char>::~messages()
00122c70 0000001c W std::messages<char>::~messages()
00122c8c 00000028 W std::collate<char>::~collate()
00122c8c 00000028 W std::collate<char>::~collate()
00122cb4 00000060 W std::__timepunct<char>::~__timepunct()
00122cb4 00000060 W std::__timepunct<char>::~__timepunct()
00122d14 0000001c W std::__timepunct<char>::~__timepunct()
00122d30 00000028 t std::basic_streambuf<char, std::char_traits<char> >::sbumpc() [clone .isra.0]
00122d58 0000004c t std::ctype<char>::widen(char) const [clone .part.0]
00122da4 0000009c t std::ctype<char>::widen(char const*, char const*, char*) const [clone .isra.0]
00122e40 000000b0 t char* std::string::_S_construct<char const*>(char const*, char const*, std::allocator<char> const&, std::forward_iterator_tag) [clone .isra.0]
00122ef0 00000030 W std::collate<char>::~collate()
00122f20 00000078 t std::basic_string<char, std::char_traits<char>, std::allocator<char> >::~basic_string() [clone .isra.0]
00122f98 00000160 W std::time_put<char, std::ostreambuf_iterator<char, std::char_traits<char> > >::do_put(std::ostreambuf_iterator<char, std::char_traits<char> >, std::ios_base&, char, tm const*, char, char) const
001230f8 000000c8 W std::moneypunct<char, false>::do_grouping() const
001231c0 000000c8 W std::moneypunct<char, false>::do_curr_symbol() const
00123288 000000c8 W std::moneypunct<char, false>::do_positive_sign() const
00123350 000000c8 W std::moneypunct<char, false>::do_negative_sign() const
00123418 000000c8 W std::moneypunct<char, true>::do_grouping() const
001234e0 000000c8 W std::moneypunct<char, true>::do_curr_symbol() const
001235a8 000000c8 W std::moneypunct<char, true>::do_positive_sign() const
00123670 000000c8 W std::moneypunct<char, true>::do_negative_sign() const
00123738 000000c8 W std::numpunct<char>::do_grouping() const
00123800 000000c8 W std::numpunct<char>::do_truename() const
001238c8 000000c8 W std::numpunct<char>::do_falsename() const
00123990 000001a4 W std::collate<char>::do_compare(char const*, char const*, char const*, char const*) const
00123b34 0000031c W std::collate<char>::do_transform(char const*, char const*) const
00123e50 00000068 W std::ctype<char>::narrow(char, char) const
00123eb8 00000648 W std::__moneypunct_cache<char, false>::_M_cache(std::locale const&)
00124500 00000648 W std::__moneypunct_cache<char, true>::_M_cache(std::locale const&)
00124b48 000005e4 W std::__numpunct_cache<char>::_M_cache(std::locale const&)
0012512c 000000b4 t std::__use_cache<std::__numpunct_cache<char> >::operator()(std::locale const&) const [clone .isra.0]
001251e0 00000050 W std::__timepunct<char>::__timepunct(std::__timepunct_cache<char>*, unsigned int)
001251e0 00000050 W std::__timepunct<char>::__timepunct(std::__timepunct_cache<char>*, unsigned int)
00125230 000002b0 W std::time_get<char, std::istreambuf_iterator<char, std::char_traits<char> > >::_M_extract_num(std::istreambuf_iterator<char, std::char_traits<char> >, std::istreambuf_iterator<char, std::char_traits<char> >, int&, int, int, unsigned int, std::ios_base&, std::_Ios_Iostate&) const
001254e0 0000003c W std::messages<char>::messages(unsigned int)
001254e0 0000003c W std::messages<char>::messages(unsigned int)
0012551c 00000170 W char* std::__add_grouping<char>(char*, char, char const*, unsigned int, char const*, char const*)
0012568c 000000ac W std::num_put<char, std::ostreambuf_iterator<char, std::char_traits<char> > >::_M_group_float(char const*, unsigned int, char, char const*, char*, char*, int&) const
00125738 00000050 W std::num_put<char, std::ostreambuf_iterator<char, std::char_traits<char> > >::_M_group_int(char const*, unsigned int, char, std::ios_base&, char*, char*, int&) const
00125788 00000570 W std::ostreambuf_iterator<char, std::char_traits<char> > std::money_put<char, std::ostreambuf_iterator<char, std::char_traits<char> > >::_M_insert<true>(std::ostreambuf_iterator<char, std::char_traits<char> >, std::ios_base&, char, std::string const&) const
00125cf8 00000570 W std::ostreambuf_iterator<char, std::char_traits<char> > std::money_put<char, std::ostreambuf_iterator<char, std::char_traits<char> > >::_M_insert<false>(std::ostreambuf_iterator<char, std::char_traits<char> >, std::ios_base&, char, std::string const&) const
00126268 0000025c W std::money_put<char, std::ostreambuf_iterator<char, std::char_traits<char> > >::do_put(std::ostreambuf_iterator<char, std::char_traits<char> >, bool, std::ios_base&, char, long double) const
001264c4 00000054 W std::money_put<char, std::ostreambuf_iterator<char, std::char_traits<char> > >::do_put(std::ostreambuf_iterator<char, std::char_traits<char> >, bool, std::ios_base&, char, std::string const&) const
00126518 00000308 W std::__pad<char, std::char_traits<char> >::_S_pad(std::ios_base&, char, char*, char const*, int, int)
00126820 00000034 W std::num_put<char, std::ostreambuf_iterator<char, std::char_traits<char> > >::_M_pad(char, int, std::ios_base&, char*, char const*, int&) const
00126854 000003ec W std::ostreambuf_iterator<char, std::char_traits<char> > std::num_put<char, std::ostreambuf_iterator<char, std::char_traits<char> > >::_M_insert_float<double>(std::ostreambuf_iterator<char, std::char_traits<char> >, std::ios_base&, char, char, double) const
00126c40 0000003c W std::num_put<char, std::ostreambuf_iterator<char, std::char_traits<char> > >::do_put(std::ostreambuf_iterator<char, std::char_traits<char> >, std::ios_base&, char, double) const
00126c7c 000003ec W std::ostreambuf_iterator<char, std::char_traits<char> > std::num_put<char, std::ostreambuf_iterator<char, std::char_traits<char> > >::_M_insert_float<long double>(std::ostreambuf_iterator<char, std::char_traits<char> >, std::ios_base&, char, char, long double) const
00127068 0000003c W std::num_put<char, std::ostreambuf_iterator<char, std::char_traits<char> > >::do_put(std::ostreambuf_iterator<char, std::char_traits<char> >, std::ios_base&, char, long double) const
001270a4 000000ac W int std::__int_to_char<char, unsigned long>(char*, unsigned long, char const*, std::_Ios_Fmtflags, bool)
00127150 0000023c W std::ostreambuf_iterator<char, std::char_traits<char> > std::num_put<char, std::ostreambuf_iterator<char, std::char_traits<char> > >::_M_insert_int<long>(std::ostreambuf_iterator<char, std::char_traits<char> >, std::ios_base&, char, long) const
0012738c 0000003c W std::num_put<char, std::ostreambuf_iterator<char, std::char_traits<char> > >::do_put(std::ostreambuf_iterator<char, std::char_traits<char> >, std::ios_base&, char, long) const
001273c8 000001b0 W std::num_put<char, std::ostreambuf_iterator<char, std::char_traits<char> > >::do_put(std::ostreambuf_iterator<char, std::char_traits<char> >, std::ios_base&, char, bool) const
00127578 000001dc W std::ostreambuf_iterator<char, std::char_traits<char> > std::num_put<char, std::ostreambuf_iterator<char, std::char_traits<char> > >::_M_insert_int<unsigned long>(std::ostreambuf_iterator<char, std::char_traits<char> >, std::ios_base&, char, unsigned long) const
00127754 0000003c W std::num_put<char, std::ostreambuf_iterator<char, std::char_traits<char> > >::do_put(std::ostreambuf_iterator<char, std::char_traits<char> >, std::ios_base&, char, unsigned long) const
00127790 0000006c W std::num_put<char, std::ostreambuf_iterator<char, std::char_traits<char> > >::do_put(std::ostreambuf_iterator<char, std::char_traits<char> >, std::ios_base&, char, void const*) const
001277fc 00000114 W int std::__int_to_char<char, unsigned long long>(char*, unsigned long long, char const*, std::_Ios_Fmtflags, bool)
00127910 0000025c W std::ostreambuf_iterator<char, std::char_traits<char> > std::num_put<char, std::ostreambuf_iterator<char, std::char_traits<char> > >::_M_insert_int<long long>(std::ostreambuf_iterator<char, std::char_traits<char> >, std::ios_base&, char, long long) const
00127b6c 0000003c W std::num_put<char, std::ostreambuf_iterator<char, std::char_traits<char> > >::do_put(std::ostreambuf_iterator<char, std::char_traits<char> >, std::ios_base&, char, long long) const
00127ba8 000001fc W std::ostreambuf_iterator<char, std::char_traits<char> > std::num_put<char, std::ostreambuf_iterator<char, std::char_traits<char> > >::_M_insert_int<unsigned long long>(std::ostreambuf_iterator<char, std::char_traits<char> >, std::ios_base&, char, unsigned long long) const
00127da4 0000003c W std::num_put<char, std::ostreambuf_iterator<char, std::char_traits<char> > >::do_put(std::ostreambuf_iterator<char, std::char_traits<char> >, std::ios_base&, char, unsigned long long) const
00127de0 00000100 W std::istreambuf_iterator<char, std::char_traits<char> >::equal(std::istreambuf_iterator<char, std::char_traits<char> > const&) const
00127ee0 00000068 W std::istreambuf_iterator<char, std::char_traits<char> >::_M_get() const
00127f48 00000c14 W std::num_get<char, std::istreambuf_iterator<char, std::char_traits<char> > >::_M_extract_float(std::istreambuf_iterator<char, std::char_traits<char> >, std::istreambuf_iterator<char, std::char_traits<char> >, std::ios_base&, std::_Ios_Iostate&, std::string&) const
00128b5c 000001e8 W std::num_get<char, std::istreambuf_iterator<char, std::char_traits<char> > >::do_get(std::istreambuf_iterator<char, std::char_traits<char> >, std::istreambuf_iterator<char, std::char_traits<char> >, std::ios_base&, std::_Ios_Iostate&, float&) const
00128d44 000001e8 W std::num_get<char, std::istreambuf_iterator<char, std::char_traits<char> > >::do_get(std::istreambuf_iterator<char, std::char_traits<char> >, std::istreambuf_iterator<char, std::char_traits<char> >, std::ios_base&, std::_Ios_Iostate&, double&) const
00128f2c 000001e8 W std::num_get<char, std::istreambuf_iterator<char, std::char_traits<char> > >::do_get(std::istreambuf_iterator<char, std::char_traits<char> >, std::istreambuf_iterator<char, std::char_traits<char> >, std::ios_base&, std::_Ios_Iostate&, long double&) const
00129114 000009ec W std::istreambuf_iterator<char, std::char_traits<char> > std::num_get<char, std::istreambuf_iterator<char, std::char_traits<char> > >::_M_extract_int<long>(std::istreambuf_iterator<char, std::char_traits<char> >, std::istreambuf_iterator<char, std::char_traits<char> >, std::ios_base&, std::_Ios_Iostate&, long&) const
00129b00 000004f4 W std::num_get<char, std::istreambuf_iterator<char, std::char_traits<char> > >::do_get(std::istreambuf_iterator<char, std::char_traits<char> >, std::istreambuf_iterator<char, std::char_traits<char> >, std::ios_base&, std::_Ios_Iostate&, bool&) const
00129ff4 00000048 W std::num_get<char, std::istreambuf_iterator<char, std::char_traits<char> > >::do_get(std::istreambuf_iterator<char, std::char_traits<char> >, std::istreambuf_iterator<char, std::char_traits<char> >, std::ios_base&, std::_Ios_Iostate&, long&) const
0012a03c 00000a98 W std::istreambuf_iterator<char, std::char_traits<char> > std::num_get<char, std::istreambuf_iterator<char, std::char_traits<char> > >::_M_extract_int<unsigned short>(std::istreambuf_iterator<char, std::char_traits<char> >, std::istreambuf_iterator<char, std::char_traits<char> >, std::ios_base&, std::_Ios_Iostate&, unsigned short&) const
0012aad4 00000048 W std::num_get<char, std::istreambuf_iterator<char, std::char_traits<char> > >::do_get(std::istreambuf_iterator<char, std::char_traits<char> >, std::istreambuf_iterator<char, std::char_traits<char> >, std::ios_base&, std::_Ios_Iostate&, unsigned short&) const
0012ab1c 00000a60 W std::istreambuf_iterator<char, std::char_traits<char> > std::num_get<char, std::istreambuf_iterator<char, std::char_traits<char> > >::_M_extract_int<unsigned int>(std::istreambuf_iterator<char, std::char_traits<char> >, std::istreambuf_iterator<char, std::char_traits<char> >, std::ios_base&, std::_Ios_Iostate&, unsigned int&) const
0012b57c 00000048 W std::num_get<char, std::istreambuf_iterator<char, std::char_traits<char> > >::do_get(std::istreambuf_iterator<char, std::char_traits<char> >, std::istreambuf_iterator<char, std::char_traits<char> >, std::ios_base&, std::_Ios_Iostate&, unsigned int&) const
0012b5c4 00000a04 W std::istreambuf_iterator<char, std::char_traits<char> > std::num_get<char, std::istreambuf_iterator<char, std::char_traits<char> > >::_M_extract_int<unsigned long>(std::istreambuf_iterator<char, std::char_traits<char> >, std::istreambuf_iterator<char, std::char_traits<char> >, std::ios_base&, std::_Ios_Iostate&, unsigned long&) const
0012bfc8 00000048 W std::num_get<char, std::istreambuf_iterator<char, std::char_traits<char> > >::do_get(std::istreambuf_iterator<char, std::char_traits<char> >, std::istreambuf_iterator<char, std::char_traits<char> >, std::ios_base&, std::_Ios_Iostate&, unsigned long&) const
0012c010 0000007c W std::num_get<char, std::istreambuf_iterator<char, std::char_traits<char> > >::do_get(std::istreambuf_iterator<char, std::char_traits<char> >, std::istreambuf_iterator<char, std::char_traits<char> >, std::ios_base&, std::_Ios_Iostate&, void*&) const
0012c08c 00000a80 W std::istreambuf_iterator<char, std::char_traits<char> > std::num_get<char, std::istreambuf_iterator<char, std::char_traits<char> > >::_M_extract_int<long long>(std::istreambuf_iterator<char, std::char_traits<char> >, std::istreambuf_iterator<char, std::char_traits<char> >, std::ios_base&, std::_Ios_Iostate&, long long&) const
0012cb0c 00000048 W std::num_get<char, std::istreambuf_iterator<char, std::char_traits<char> > >::do_get(std::istreambuf_iterator<char, std::char_traits<char> >, std::istreambuf_iterator<char, std::char_traits<char> >, std::ios_base&, std::_Ios_Iostate&, long long&) const
0012cb54 00000ad4 W std::istreambuf_iterator<char, std::char_traits<char> > std::num_get<char, std::istreambuf_iterator<char, std::char_traits<char> > >::_M_extract_int<unsigned long long>(std::istreambuf_iterator<char, std::char_traits<char> >, std::istreambuf_iterator<char, std::char_traits<char> >, std::ios_base&, std::_Ios_Iostate&, unsigned long long&) const
0012d628 00000048 W std::num_get<char, std::istreambuf_iterator<char, std::char_traits<char> > >::do_get(std::istreambuf_iterator<char, std::char_traits<char> >, std::istreambuf_iterator<char, std::char_traits<char> >, std::ios_base&, std::_Ios_Iostate&, unsigned long long&) const
0012d670 000002c4 W std::time_get<char, std::istreambuf_iterator<char, std::char_traits<char> > >::do_get_year(std::istreambuf_iterator<char, std::char_traits<char> >, std::istreambuf_iterator<char, std::char_traits<char> >, std::ios_base&, std::_Ios_Iostate&, tm*) const
0012d934 00000a7c W std::time_get<char, std::istreambuf_iterator<char, std::char_traits<char> > >::_M_extract_name(std::istreambuf_iterator<char, std::char_traits<char> >, std::istreambuf_iterator<char, std::char_traits<char> >, int&, char const**, unsigned int, std::ios_base&, std::_Ios_Iostate&) const
0012e3b0 0000040c W std::time_get<char, std::istreambuf_iterator<char, std::char_traits<char> > >::_M_extract_wday_or_month(std::istreambuf_iterator<char, std::char_traits<char> >, std::istreambuf_iterator<char, std::char_traits<char> >, int&, char const**, unsigned int, std::ios_base&, std::_Ios_Iostate&) const
0012e7bc 00000244 W std::time_get<char, std::istreambuf_iterator<char, std::char_traits<char> > >::do_get_weekday(std::istreambuf_iterator<char, std::char_traits<char> >, std::istreambuf_iterator<char, std::char_traits<char> >, std::ios_base&, std::_Ios_Iostate&, tm*) const
0012ea00 000002b4 W std::time_get<char, std::istreambuf_iterator<char, std::char_traits<char> > >::do_get_monthname(std::istreambuf_iterator<char, std::char_traits<char> >, std::istreambuf_iterator<char, std::char_traits<char> >, std::ios_base&, std::_Ios_Iostate&, tm*) const
0012ecb4 00001450 W std::time_get<char, std::istreambuf_iterator<char, std::char_traits<char> > >::_M_extract_via_format(std::istreambuf_iterator<char, std::char_traits<char> >, std::istreambuf_iterator<char, std::char_traits<char> >, std::ios_base&, std::_Ios_Iostate&, tm*, char const*, std::__time_get_state&) const
0012ecb4 00001450 t std::time_get<char, std::istreambuf_iterator<char, std::char_traits<char> > >::_M_extract_via_format(std::istreambuf_iterator<char, std::char_traits<char> >, std::istreambuf_iterator<char, std::char_traits<char> >, std::ios_base&, std::_Ios_Iostate&, tm*, char const*, std::__time_get_state&) const [clone .localalias]
00130104 000001b8 W std::time_get<char, std::istreambuf_iterator<char, std::char_traits<char> > >::do_get_time(std::istreambuf_iterator<char, std::char_traits<char> >, std::istreambuf_iterator<char, std::char_traits<char> >, std::ios_base&, std::_Ios_Iostate&, tm*) const
001302bc 000001b8 W std::time_get<char, std::istreambuf_iterator<char, std::char_traits<char> > >::do_get_date(std::istreambuf_iterator<char, std::char_traits<char> >, std::istreambuf_iterator<char, std::char_traits<char> >, std::ios_base&, std::_Ios_Iostate&, tm*) const
00130474 00000f64 W std::istreambuf_iterator<char, std::char_traits<char> > std::money_get<char, std::istreambuf_iterator<char, std::char_traits<char> > >::_M_extract<true>(std::istreambuf_iterator<char, std::char_traits<char> >, std::istreambuf_iterator<char, std::char_traits<char> >, std::ios_base&, std::_Ios_Iostate&, std::string&) const
001313d8 00000f64 W std::istreambuf_iterator<char, std::char_traits<char> > std::money_get<char, std::istreambuf_iterator<char, std::char_traits<char> > >::_M_extract<false>(std::istreambuf_iterator<char, std::char_traits<char> >, std::istreambuf_iterator<char, std::char_traits<char> >, std::ios_base&, std::_Ios_Iostate&, std::string&) const
0013233c 0000011c W std::money_get<char, std::istreambuf_iterator<char, std::char_traits<char> > >::do_get(std::istreambuf_iterator<char, std::char_traits<char> >, std::istreambuf_iterator<char, std::char_traits<char> >, bool, std::ios_base&, std::_Ios_Iostate&, long double&) const
00132458 00000220 W std::money_get<char, std::istreambuf_iterator<char, std::char_traits<char> > >::do_get(std::istreambuf_iterator<char, std::char_traits<char> >, std::istreambuf_iterator<char, std::char_traits<char> >, bool, std::ios_base&, std::_Ios_Iostate&, std::string&) const
00132678 000000f4 t _GLOBAL__sub_I__ZNSt12ctype_bynameIcEC2ERKSsj
0013276c 0000002c W __gnu_cxx::__throw_concurrence_lock_error()
00132798 00000b88 T std::locale::_Impl::_Impl(unsigned int)
00132798 00000b88 T std::locale::_Impl::_Impl(unsigned int)
00133320 00000054 T std::locale::_S_initialize_once()
00133378 00000184 T std::locale::locale()
00133378 00000184 T std::locale::locale()
001334fc 0000002c W std::basic_ostream<char, std::char_traits<char> >::~basic_ostream()
00133528 00000038 W virtual thunk to std::basic_ostream<char, std::char_traits<char> >::~basic_ostream()
00133560 00000034 W std::basic_ostream<char, std::char_traits<char> >::~basic_ostream()
00133594 00000040 W virtual thunk to std::basic_ostream<char, std::char_traits<char> >::~basic_ostream()
001335d4 0000002c W std::basic_ostream<wchar_t, std::char_traits<wchar_t> >::~basic_ostream()
00133600 00000038 W virtual thunk to std::basic_ostream<wchar_t, std::char_traits<wchar_t> >::~basic_ostream()
00133638 00000034 W std::basic_ostream<wchar_t, std::char_traits<wchar_t> >::~basic_ostream()
0013366c 00000040 W virtual thunk to std::basic_ostream<wchar_t, std::char_traits<wchar_t> >::~basic_ostream()
001336ac 000000e4 W std::ostream::sentry::~sentry()
001336ac 000000e4 W std::ostream::sentry::~sentry()
00133790 000001b8 W std::ostream::flush()
00133948 000000b0 W std::ostream::sentry::sentry(std::ostream&)
00133948 000000b0 W std::ostream::sentry::sentry(std::ostream&)
001339f8 000001c8 W std::ostream::put(char)
00133bc0 00000468 W std::basic_ostream<char, std::char_traits<char> >& std::__ostream_insert<char, std::char_traits<char> >(std::basic_ostream<char, std::char_traits<char> >&, char const*, int)
00134028 000000e4 W std::basic_ostream<wchar_t, std::char_traits<wchar_t> >::sentry::~sentry()
00134028 000000e4 W std::basic_ostream<wchar_t, std::char_traits<wchar_t> >::sentry::~sentry()
0013410c 000001b8 W std::basic_ostream<wchar_t, std::char_traits<wchar_t> >::flush()
001342c4 000000b0 W std::basic_ostream<wchar_t, std::char_traits<wchar_t> >::sentry::sentry(std::basic_ostream<wchar_t, std::char_traits<wchar_t> >&)
001342c4 000000b0 W std::basic_ostream<wchar_t, std::char_traits<wchar_t> >::sentry::sentry(std::basic_ostream<wchar_t, std::char_traits<wchar_t> >&)
00134374 000001c0 W std::system_error::system_error(std::error_code, char const*)
00134374 000001c0 W std::system_error::system_error(std::error_code, char const*)
00134534 00000004 W std::basic_streambuf<char, std::char_traits<char> >::imbue(std::locale const&)
00134538 00000004 W std::basic_streambuf<char, std::char_traits<char> >::setbuf(char*, int)
00134540 00000020 W std::basic_streambuf<char, std::char_traits<char> >::seekoff(long long, std::_Ios_Seekdir, std::_Ios_Openmode)
00134560 00000028 W std::basic_streambuf<char, std::char_traits<char> >::seekpos(std::fpos<_mbstate_t>, std::_Ios_Openmode)
00134588 00000008 W std::basic_streambuf<char, std::char_traits<char> >::sync()
00134590 00000008 W std::basic_streambuf<char, std::char_traits<char> >::showmanyc()
00134598 00000008 W std::basic_streambuf<char, std::char_traits<char> >::underflow()
001345a0 00000008 W std::basic_streambuf<char, std::char_traits<char> >::pbackfail(int)
001345a8 00000008 W std::basic_streambuf<char, std::char_traits<char> >::overflow(int)
001345b0 00000004 W std::basic_streambuf<wchar_t, std::char_traits<wchar_t> >::imbue(std::locale const&)
001345b4 00000004 W std::basic_streambuf<wchar_t, std::char_traits<wchar_t> >::setbuf(wchar_t*, int)
001345b8 00000020 W std::basic_streambuf<wchar_t, std::char_traits<wchar_t> >::seekoff(long long, std::_Ios_Seekdir, std::_Ios_Openmode)
001345d8 00000028 W std::basic_streambuf<wchar_t, std::char_traits<wchar_t> >::seekpos(std::fpos<_mbstate_t>, std::_Ios_Openmode)
00134600 00000008 W std::basic_streambuf<wchar_t, std::char_traits<wchar_t> >::sync()
00134608 00000008 W std::basic_streambuf<wchar_t, std::char_traits<wchar_t> >::showmanyc()
00134610 00000008 W std::basic_streambuf<wchar_t, std::char_traits<wchar_t> >::underflow()
00134618 00000008 W std::basic_streambuf<wchar_t, std::char_traits<wchar_t> >::pbackfail(unsigned int)
00134620 00000008 W std::basic_streambuf<wchar_t, std::char_traits<wchar_t> >::overflow(unsigned int)
00134628 00000020 W std::basic_streambuf<char, std::char_traits<char> >::~basic_streambuf()
00134628 00000020 W std::basic_streambuf<char, std::char_traits<char> >::~basic_streambuf()
00134648 00000020 W std::basic_streambuf<wchar_t, std::char_traits<wchar_t> >::~basic_streambuf()
00134648 00000020 W std::basic_streambuf<wchar_t, std::char_traits<wchar_t> >::~basic_streambuf()
00134668 00000028 W std::basic_streambuf<char, std::char_traits<char> >::~basic_streambuf()
00134690 00000028 W std::basic_streambuf<wchar_t, std::char_traits<wchar_t> >::~basic_streambuf()
001346b8 000000c0 W std::basic_streambuf<wchar_t, std::char_traits<wchar_t> >::xsputn(wchar_t const*, int)
00134778 000000a0 W std::basic_streambuf<char, std::char_traits<char> >::xsputn(char const*, int)
00134818 0000005c W std::basic_streambuf<wchar_t, std::char_traits<wchar_t> >::uflow()
00134874 0000005c W std::basic_streambuf<char, std::char_traits<char> >::uflow()
001348d0 000000d4 W std::basic_streambuf<char, std::char_traits<char> >::xsgetn(char*, int)
001349a4 000000ec W std::basic_streambuf<wchar_t, std::char_traits<wchar_t> >::xsgetn(wchar_t*, int)
00134a90 00000054 W std::__cxx11::basic_string<char, std::char_traits<char>, std::allocator<char> >::_M_create(unsigned int&, unsigned int)
00134ae4 00000014 W std::__cxx11::basic_string<char, std::char_traits<char>, std::allocator<char> >::_M_dispose()
00134af8 00000094 W std::__cxx11::basic_string<char, std::char_traits<char>, std::allocator<char> >::_M_construct(unsigned int, char)
00134b8c 00000104 W std::__cxx11::basic_string<char, std::char_traits<char>, std::allocator<char> >::_M_mutate(unsigned int, unsigned int, char const*, unsigned int)
00134c90 00000074 W std::__cxx11::basic_string<char, std::char_traits<char>, std::allocator<char> >::_M_erase(unsigned int, unsigned int)
00134d04 00000098 W std::__cxx11::basic_string<char, std::char_traits<char>, std::allocator<char> >::reserve(unsigned int)
00134d9c 00000110 W std::__cxx11::basic_string<char, std::char_traits<char>, std::allocator<char> >::_M_replace_aux(unsigned int, unsigned int, unsigned int, char)
00134eac 00000044 W std::__cxx11::basic_string<char, std::char_traits<char>, std::allocator<char> >::resize(unsigned int, char)
00134ef0 00000140 W std::__cxx11::basic_string<char, std::char_traits<char>, std::allocator<char> >::_M_replace_cold(char*, unsigned int, char const*, unsigned int, unsigned int)
00135030 00000130 W std::__cxx11::basic_string<char, std::char_traits<char>, std::allocator<char> >::_M_replace(unsigned int, unsigned int, char const*, unsigned int)
00135160 00000090 W std::__cxx11::basic_string<char, std::char_traits<char>, std::allocator<char> >::_M_append(char const*, unsigned int)
001351f0 00000088 W std::__cxx11::basic_string<char, std::char_traits<char>, std::allocator<char> >::copy(char*, unsigned int, unsigned int) const
00135278 00000194 W std::__cxx11::basic_string<char, std::char_traits<char>, std::allocator<char> >::swap(std::__cxx11::basic_string<char, std::char_traits<char>, std::allocator<char> >&)
0013540c 00000034 W std::__cxx11::basic_string<char, std::char_traits<char>, std::allocator<char> >::find_first_not_of(char, unsigned int) const
00135440 0000000c t (anonymous namespace)::generic_error_category::name() const
0013544c 00000020 t (anonymous namespace)::generic_error_category::equivalent(int, std::error_condition const&) const
0013546c 00000004 t (anonymous namespace)::generic_error_category::~generic_error_category()
0013546c 00000004 t (anonymous namespace)::generic_error_category::~generic_error_category()
00135470 0000000c T std::_V2::error_category::default_error_condition(int) const
0013547c 00000054 T std::_V2::error_category::equivalent(int, std::error_condition const&) const
001354d0 00000020 T std::_V2::error_category::equivalent(std::error_code const&, int) const
001354f0 000000f4 t (anonymous namespace)::system_error_category::message[abi:cxx11](int) const
001354f0 000000f4 t (anonymous namespace)::generic_error_category::message[abi:cxx11](int) const
001355e4 0000001c t (anonymous namespace)::generic_error_category::~generic_error_category()
00135600 00000020 T std::system_error::~system_error()
00135600 00000020 T std::system_error::~system_error()
00135620 00000028 T std::system_error::~system_error()
00135648 00000054 T std::_V2::error_category::_M_message[abi:cxx11](int) const
0013569c 0000009c T std::__throw_system_error(int)
00135738 00000004 T std::_V2::error_category::~error_category()
00135738 00000004 T std::_V2::error_category::~error_category()
0013573c 0000000c W std::moneypunct<wchar_t, false>::do_decimal_point() const
00135748 0000000c W std::moneypunct<wchar_t, false>::do_thousands_sep() const
00135754 0000000c W std::moneypunct<wchar_t, false>::do_frac_digits() const
00135760 00000014 W std::moneypunct<wchar_t, false>::do_pos_format() const
00135774 00000014 W std::moneypunct<wchar_t, false>::do_neg_format() const
00135788 0000000c W std::moneypunct<wchar_t, true>::do_decimal_point() const
00135794 0000000c W std::moneypunct<wchar_t, true>::do_thousands_sep() const
001357a0 0000000c W std::moneypunct<wchar_t, true>::do_frac_digits() const
001357ac 00000014 W std::moneypunct<wchar_t, true>::do_pos_format() const
001357c0 00000014 W std::moneypunct<wchar_t, true>::do_neg_format() const
001357d4 0000000c W std::numpunct<wchar_t>::do_decimal_point() const
001357e0 0000000c W std::numpunct<wchar_t>::do_thousands_sep() const
001357ec 00000008 W std::time_get<wchar_t, std::istreambuf_iterator<wchar_t, std::char_traits<wchar_t> > >::do_date_order() const
001357f4 00000008 W std::messages<wchar_t>::do_open(std::string const&, std::locale const&) const
001357fc 00000004 W std::messages<wchar_t>::do_close(int) const
00135800 00000020 W std::collate<wchar_t>::do_hash(wchar_t const*, wchar_t const*) const
00135820 00000020 W std::num_get<wchar_t, std::istreambuf_iterator<wchar_t, std::char_traits<wchar_t> > >::~num_get()
00135820 00000020 W std::num_get<wchar_t, std::istreambuf_iterator<wchar_t, std::char_traits<wchar_t> > >::~num_get()
00135840 00000020 W std::num_put<wchar_t, std::ostreambuf_iterator<wchar_t, std::char_traits<wchar_t> > >::~num_put()
00135840 00000020 W std::num_put<wchar_t, std::ostreambuf_iterator<wchar_t, std::char_traits<wchar_t> > >::~num_put()
00135860 00000020 W std::money_get<wchar_t, std::istreambuf_iterator<wchar_t, std::char_traits<wchar_t> > >::~money_get()
00135860 00000020 W std::money_get<wchar_t, std::istreambuf_iterator<wchar_t, std::char_traits<wchar_t> > >::~money_get()
00135880 00000020 W std::money_put<wchar_t, std::ostreambuf_iterator<wchar_t, std::char_traits<wchar_t> > >::~money_put()
00135880 00000020 W std::money_put<wchar_t, std::ostreambuf_iterator<wchar_t, std::char_traits<wchar_t> > >::~money_put()
001358a0 00000020 W std::__timepunct_cache<wchar_t>::~__timepunct_cache()
001358a0 00000020 W std::__timepunct_cache<wchar_t>::~__timepunct_cache()
001358c0 00000020 W std::time_put<wchar_t, std::ostreambuf_iterator<wchar_t, std::char_traits<wchar_t> > >::~time_put()
001358c0 00000020 W std::time_put<wchar_t, std::ostreambuf_iterator<wchar_t, std::char_traits<wchar_t> > >::~time_put()
001358e0 00000020 W std::time_get<wchar_t, std::istreambuf_iterator<wchar_t, std::char_traits<wchar_t> > >::~time_get()
001358e0 00000020 W std::time_get<wchar_t, std::istreambuf_iterator<wchar_t, std::char_traits<wchar_t> > >::~time_get()
00135900 00000028 W std::num_get<wchar_t, std::istreambuf_iterator<wchar_t, std::char_traits<wchar_t> > >::~num_get()
00135928 00000028 W std::num_put<wchar_t, std::ostreambuf_iterator<wchar_t, std::char_traits<wchar_t> > >::~num_put()
00135950 00000028 W std::money_get<wchar_t, std::istreambuf_iterator<wchar_t, std::char_traits<wchar_t> > >::~money_get()
00135978 00000028 W std::money_put<wchar_t, std::ostreambuf_iterator<wchar_t, std::char_traits<wchar_t> > >::~money_put()
001359a0 0000001c W std::__timepunct_cache<wchar_t>::~__timepunct_cache()
001359bc 00000028 W std::time_put<wchar_t, std::ostreambuf_iterator<wchar_t, std::char_traits<wchar_t> > >::~time_put()
001359e4 00000028 W std::time_get<wchar_t, std::istreambuf_iterator<wchar_t, std::char_traits<wchar_t> > >::~time_get()
00135a0c 00000070 W std::__moneypunct_cache<wchar_t, false>::~__moneypunct_cache()
00135a0c 00000070 W std::__moneypunct_cache<wchar_t, false>::~__moneypunct_cache()
00135a7c 0000001c W std::__moneypunct_cache<wchar_t, false>::~__moneypunct_cache()
00135a98 00000070 W std::__moneypunct_cache<wchar_t, true>::~__moneypunct_cache()
00135a98 00000070 W std::__moneypunct_cache<wchar_t, true>::~__moneypunct_cache()
00135b08 0000001c W std::__moneypunct_cache<wchar_t, true>::~__moneypunct_cache()
00135b24 00000060 W std::__numpunct_cache<wchar_t>::~__numpunct_cache()
00135b24 00000060 W std::__numpunct_cache<wchar_t>::~__numpunct_cache()
00135b84 0000001c W std::__numpunct_cache<wchar_t>::~__numpunct_cache()
00135ba0 00000028 W std::messages<wchar_t>::~messages()
00135ba0 00000028 W std::messages<wchar_t>::~messages()
00135bc8 0000001c W std::messages<wchar_t>::~messages()
00135be4 00000028 W std::collate<wchar_t>::~collate()
00135be4 00000028 W std::collate<wchar_t>::~collate()
00135c0c 00000060 W std::__timepunct<wchar_t>::~__timepunct()
00135c0c 00000060 W std::__timepunct<wchar_t>::~__timepunct()
00135c6c 0000001c W std::__timepunct<wchar_t>::~__timepunct()
00135c88 00000028 t std::basic_streambuf<wchar_t, std::char_traits<wchar_t> >::sbumpc() [clone .isra.0]
00135cb0 00000074 t std::basic_string<wchar_t, std::char_traits<wchar_t>, std::allocator<wchar_t> >::~basic_string() [clone .isra.0]
00135d24 000000c0 t wchar_t* std::basic_string<wchar_t, std::char_traits<wchar_t>, std::allocator<wchar_t> >::_S_construct<wchar_t const*>(wchar_t const*, wchar_t const*, std::allocator<wchar_t> const&, std::forward_iterator_tag) [clone .isra.0]
00135de4 00000030 W std::collate<wchar_t>::~collate()
00135e14 00000074 t std::basic_string<char, std::char_traits<char>, std::allocator<char> >::~basic_string() [clone .isra.0]
00135e88 000000c8 W std::moneypunct<wchar_t, false>::do_grouping() const
00135f50 000000c8 W std::moneypunct<wchar_t, true>::do_grouping() const
00136018 000000c8 W std::numpunct<wchar_t>::do_grouping() const
001360e0 000001a4 W std::collate<wchar_t>::do_compare(wchar_t const*, wchar_t const*, wchar_t const*, wchar_t const*) const
00136284 00000130 W std::time_put<wchar_t, std::ostreambuf_iterator<wchar_t, std::char_traits<wchar_t> > >::do_put(std::ostreambuf_iterator<wchar_t, std::char_traits<wchar_t> >, std::ios_base&, wchar_t, tm const*, char, char) const
001363b4 000000e4 W std::moneypunct<wchar_t, false>::do_curr_symbol() const
00136498 000000e4 W std::moneypunct<wchar_t, false>::do_positive_sign() const
0013657c 000000e4 W std::moneypunct<wchar_t, false>::do_negative_sign() const
00136660 000000e4 W std::moneypunct<wchar_t, true>::do_curr_symbol() const
00136744 000000e4 W std::moneypunct<wchar_t, true>::do_positive_sign() const
00136828 000000e4 W std::moneypunct<wchar_t, true>::do_negative_sign() const
0013690c 000000e4 W std::numpunct<wchar_t>::do_truename() const
001369f0 000000e4 W std::numpunct<wchar_t>::do_falsename() const
00136ad4 00000330 W std::collate<wchar_t>::do_transform(wchar_t const*, wchar_t const*) const
00136e04 00000854 W std::__moneypunct_cache<wchar_t, false>::_M_cache(std::locale const&)
00137658 00000854 W std::__moneypunct_cache<wchar_t, true>::_M_cache(std::locale const&)
00137eac 0000054c W std::__numpunct_cache<wchar_t>::_M_cache(std::locale const&)
001383f8 000000b8 t std::__use_cache<std::__numpunct_cache<wchar_t> >::operator()(std::locale const&) const [clone .isra.0]
001384b0 00000050 W std::__timepunct<wchar_t>::__timepunct(std::__timepunct_cache<wchar_t>*, unsigned int)
001384b0 00000050 W std::__timepunct<wchar_t>::__timepunct(std::__timepunct_cache<wchar_t>*, unsigned int)
00138500 00000280 W std::time_get<wchar_t, std::istreambuf_iterator<wchar_t, std::char_traits<wchar_t> > >::_M_extract_num(std::istreambuf_iterator<wchar_t, std::char_traits<wchar_t> >, std::istreambuf_iterator<wchar_t, std::char_traits<wchar_t> >, int&, int, int, unsigned int, std::ios_base&, std::_Ios_Iostate&) const
00138780 0000003c W std::messages<wchar_t>::messages(unsigned int)
00138780 0000003c W std::messages<wchar_t>::messages(unsigned int)
001387bc 00000178 W wchar_t* std::__add_grouping<wchar_t>(wchar_t*, wchar_t, char const*, unsigned int, wchar_t const*, wchar_t const*)
00138934 000000b0 W std::num_put<wchar_t, std::ostreambuf_iterator<wchar_t, std::char_traits<wchar_t> > >::_M_group_float(char const*, unsigned int, wchar_t, wchar_t const*, wchar_t*, wchar_t*, int&) const
001389e4 00000054 W std::num_put<wchar_t, std::ostreambuf_iterator<wchar_t, std::char_traits<wchar_t> > >::_M_group_int(char const*, unsigned int, wchar_t, std::ios_base&, wchar_t*, wchar_t*, int&) const
00138a38 00000690 W std::ostreambuf_iterator<wchar_t, std::char_traits<wchar_t> > std::money_put<wchar_t, std::ostreambuf_iterator<wchar_t, std::char_traits<wchar_t> > >::_M_insert<true>(std::ostreambuf_iterator<wchar_t, std::char_traits<wchar_t> >, std::ios_base&, wchar_t, std::basic_string<wchar_t, std::char_traits<wchar_t>, std::allocator<wchar_t> > const&) const
001390c8 00000614 W std::ostreambuf_iterator<wchar_t, std::char_traits<wchar_t> > std::money_put<wchar_t, std::ostreambuf_iterator<wchar_t, std::char_traits<wchar_t> > >::_M_insert<false>(std::ostreambuf_iterator<wchar_t, std::char_traits<wchar_t> >, std::ios_base&, wchar_t, std::basic_string<wchar_t, std::char_traits<wchar_t>, std::allocator<wchar_t> > const&) const
001396dc 000001f0 W std::money_put<wchar_t, std::ostreambuf_iterator<wchar_t, std::char_traits<wchar_t> > >::do_put(std::ostreambuf_iterator<wchar_t, std::char_traits<wchar_t> >, bool, std::ios_base&, wchar_t, long double) const
001398cc 00000054 W std::money_put<wchar_t, std::ostreambuf_iterator<wchar_t, std::char_traits<wchar_t> > >::do_put(std::ostreambuf_iterator<wchar_t, std::char_traits<wchar_t> >, bool, std::ios_base&, wchar_t, std::basic_string<wchar_t, std::char_traits<wchar_t>, std::allocator<wchar_t> > const&) const
00139920 00000220 W std::__pad<wchar_t, std::char_traits<wchar_t> >::_S_pad(std::ios_base&, wchar_t, wchar_t*, wchar_t const*, int, int)
00139b40 00000034 W std::num_put<wchar_t, std::ostreambuf_iterator<wchar_t, std::char_traits<wchar_t> > >::_M_pad(wchar_t, int, std::ios_base&, wchar_t*, wchar_t const*, int&) const
00139b74 0000034c W std::ostreambuf_iterator<wchar_t, std::char_traits<wchar_t> > std::num_put<wchar_t, std::ostreambuf_iterator<wchar_t, std::char_traits<wchar_t> > >::_M_insert_float<double>(std::ostreambuf_iterator<wchar_t, std::char_traits<wchar_t> >, std::ios_base&, wchar_t, char, double) const
00139ec0 0000003c W std::num_put<wchar_t, std::ostreambuf_iterator<wchar_t, std::char_traits<wchar_t> > >::do_put(std::ostreambuf_iterator<wchar_t, std::char_traits<wchar_t> >, std::ios_base&, wchar_t, double) const
00139efc 0000034c W std::ostreambuf_iterator<wchar_t, std::char_traits<wchar_t> > std::num_put<wchar_t, std::ostreambuf_iterator<wchar_t, std::char_traits<wchar_t> > >::_M_insert_float<long double>(std::ostreambuf_iterator<wchar_t, std::char_traits<wchar_t> >, std::ios_base&, wchar_t, char, long double) const
0013a248 0000003c W std::num_put<wchar_t, std::ostreambuf_iterator<wchar_t, std::char_traits<wchar_t> > >::do_put(std::ostreambuf_iterator<wchar_t, std::char_traits<wchar_t> >, std::ios_base&, wchar_t, long double) const
0013a284 000000b4 W int std::__int_to_char<wchar_t, unsigned long>(wchar_t*, unsigned long, wchar_t const*, std::_Ios_Fmtflags, bool)
0013a338 00000238 W std::ostreambuf_iterator<wchar_t, std::char_traits<wchar_t> > std::num_put<wchar_t, std::ostreambuf_iterator<wchar_t, std::char_traits<wchar_t> > >::_M_insert_int<long>(std::ostreambuf_iterator<wchar_t, std::char_traits<wchar_t> >, std::ios_base&, wchar_t, long) const
0013a570 0000003c W std::num_put<wchar_t, std::ostreambuf_iterator<wchar_t, std::char_traits<wchar_t> > >::do_put(std::ostreambuf_iterator<wchar_t, std::char_traits<wchar_t> >, std::ios_base&, wchar_t, long) const
0013a5ac 000001b8 W std::num_put<wchar_t, std::ostreambuf_iterator<wchar_t, std::char_traits<wchar_t> > >::do_put(std::ostreambuf_iterator<wchar_t, std::char_traits<wchar_t> >, std::ios_base&, wchar_t, bool) const
0013a764 000001d4 W std::ostreambuf_iterator<wchar_t, std::char_traits<wchar_t> > std::num_put<wchar_t, std::ostreambuf_iterator<wchar_t, std::char_traits<wchar_t> > >::_M_insert_int<unsigned long>(std::ostreambuf_iterator<wchar_t, std::char_traits<wchar_t> >, std::ios_base&, wchar_t, unsigned long) const
0013a938 0000003c W std::num_put<wchar_t, std::ostreambuf_iterator<wchar_t, std::char_traits<wchar_t> > >::do_put(std::ostreambuf_iterator<wchar_t, std::char_traits<wchar_t> >, std::ios_base&, wchar_t, unsigned long) const
0013a974 0000006c W std::num_put<wchar_t, std::ostreambuf_iterator<wchar_t, std::char_traits<wchar_t> > >::do_put(std::ostreambuf_iterator<wchar_t, std::char_traits<wchar_t> >, std::ios_base&, wchar_t, void const*) const
0013a9e0 00000118 W int std::__int_to_char<wchar_t, unsigned long long>(wchar_t*, unsigned long long, wchar_t const*, std::_Ios_Fmtflags, bool)
0013aaf8 00000258 W std::ostreambuf_iterator<wchar_t, std::char_traits<wchar_t> > std::num_put<wchar_t, std::ostreambuf_iterator<wchar_t, std::char_traits<wchar_t> > >::_M_insert_int<long long>(std::ostreambuf_iterator<wchar_t, std::char_traits<wchar_t> >, std::ios_base&, wchar_t, long long) const
0013ad50 0000003c W std::num_put<wchar_t, std::ostreambuf_iterator<wchar_t, std::char_traits<wchar_t> > >::do_put(std::ostreambuf_iterator<wchar_t, std::char_traits<wchar_t> >, std::ios_base&, wchar_t, long long) const
0013ad8c 000001f8 W std::ostreambuf_iterator<wchar_t, std::char_traits<wchar_t> > std::num_put<wchar_t, std::ostreambuf_iterator<wchar_t, std::char_traits<wchar_t> > >::_M_insert_int<unsigned long long>(std::ostreambuf_iterator<wchar_t, std::char_traits<wchar_t> >, std::ios_base&, wchar_t, unsigned long long) const
0013af84 0000003c W std::num_put<wchar_t, std::ostreambuf_iterator<wchar_t, std::char_traits<wchar_t> > >::do_put(std::ostreambuf_iterator<wchar_t, std::char_traits<wchar_t> >, std::ios_base&, wchar_t, unsigned long long) const
0013afc0 000000fc W std::istreambuf_iterator<wchar_t, std::char_traits<wchar_t> >::equal(std::istreambuf_iterator<wchar_t, std::char_traits<wchar_t> > const&) const
0013b0bc 00000ccc W std::num_get<wchar_t, std::istreambuf_iterator<wchar_t, std::char_traits<wchar_t> > >::_M_extract_float(std::istreambuf_iterator<wchar_t, std::char_traits<wchar_t> >, std::istreambuf_iterator<wchar_t, std::char_traits<wchar_t> >, std::ios_base&, std::_Ios_Iostate&, std::string&) const
0013bd88 000001f4 W std::num_get<wchar_t, std::istreambuf_iterator<wchar_t, std::char_traits<wchar_t> > >::do_get(std::istreambuf_iterator<wchar_t, std::char_traits<wchar_t> >, std::istreambuf_iterator<wchar_t, std::char_traits<wchar_t> >, std::ios_base&, std::_Ios_Iostate&, float&) const
0013bf7c 000001f4 W std::num_get<wchar_t, std::istreambuf_iterator<wchar_t, std::char_traits<wchar_t> > >::do_get(std::istreambuf_iterator<wchar_t, std::char_traits<wchar_t> >, std::istreambuf_iterator<wchar_t, std::char_traits<wchar_t> >, std::ios_base&, std::_Ios_Iostate&, double&) const
0013c170 000001f4 W std::num_get<wchar_t, std::istreambuf_iterator<wchar_t, std::char_traits<wchar_t> > >::do_get(std::istreambuf_iterator<wchar_t, std::char_traits<wchar_t> >, std::istreambuf_iterator<wchar_t, std::char_traits<wchar_t> >, std::ios_base&, std::_Ios_Iostate&, long double&) const
0013c364 00000a1c W std::istreambuf_iterator<wchar_t, std::char_traits<wchar_t> > std::num_get<wchar_t, std::istreambuf_iterator<wchar_t, std::char_traits<wchar_t> > >::_M_extract_int<long>(std::istreambuf_iterator<wchar_t, std::char_traits<wchar_t> >, std::istreambuf_iterator<wchar_t, std::char_traits<wchar_t> >, std::ios_base&, std::_Ios_Iostate&, long&) const
0013cd80 000004f8 W std::num_get<wchar_t, std::istreambuf_iterator<wchar_t, std::char_traits<wchar_t> > >::do_get(std::istreambuf_iterator<wchar_t, std::char_traits<wchar_t> >, std::istreambuf_iterator<wchar_t, std::char_traits<wchar_t> >, std::ios_base&, std::_Ios_Iostate&, bool&) const
0013d278 00000048 W std::num_get<wchar_t, std::istreambuf_iterator<wchar_t, std::char_traits<wchar_t> > >::do_get(std::istreambuf_iterator<wchar_t, std::char_traits<wchar_t> >, std::istreambuf_iterator<wchar_t, std::char_traits<wchar_t> >, std::ios_base&, std::_Ios_Iostate&, long&) const
0013d2c0 00000a18 W std::istreambuf_iterator<wchar_t, std::char_traits<wchar_t> > std::num_get<wchar_t, std::istreambuf_iterator<wchar_t, std::char_traits<wchar_t> > >::_M_extract_int<unsigned short>(std::istreambuf_iterator<wchar_t, std::char_traits<wchar_t> >, std::istreambuf_iterator<wchar_t, std::char_traits<wchar_t> >, std::ios_base&, std::_Ios_Iostate&, unsigned short&) const
0013dcd8 00000048 W std::num_get<wchar_t, std::istreambuf_iterator<wchar_t, std::char_traits<wchar_t> > >::do_get(std::istreambuf_iterator<wchar_t, std::char_traits<wchar_t> >, std::istreambuf_iterator<wchar_t, std::char_traits<wchar_t> >, std::ios_base&, std::_Ios_Iostate&, unsigned short&) const
0013dd20 000009fc W std::istreambuf_iterator<wchar_t, std::char_traits<wchar_t> > std::num_get<wchar_t, std::istreambuf_iterator<wchar_t, std::char_traits<wchar_t> > >::_M_extract_int<unsigned int>(std::istreambuf_iterator<wchar_t, std::char_traits<wchar_t> >, std::istreambuf_iterator<wchar_t, std::char_traits<wchar_t> >, std::ios_base&, std::_Ios_Iostate&, unsigned int&) const
0013e71c 00000048 W std::num_get<wchar_t, std::istreambuf_iterator<wchar_t, std::char_traits<wchar_t> > >::do_get(std::istreambuf_iterator<wchar_t, std::char_traits<wchar_t> >, std::istreambuf_iterator<wchar_t, std::char_traits<wchar_t> >, std::ios_base&, std::_Ios_Iostate&, unsigned int&) const
0013e764 000009fc W std::istreambuf_iterator<wchar_t, std::char_traits<wchar_t> > std::num_get<wchar_t, std::istreambuf_iterator<wchar_t, std::char_traits<wchar_t> > >::_M_extract_int<unsigned long>(std::istreambuf_iterator<wchar_t, std::char_traits<wchar_t> >, std::istreambuf_iterator<wchar_t, std::char_traits<wchar_t> >, std::ios_base&, std::_Ios_Iostate&, unsigned long&) const
0013f160 00000048 W std::num_get<wchar_t, std::istreambuf_iterator<wchar_t, std::char_traits<wchar_t> > >::do_get(std::istreambuf_iterator<wchar_t, std::char_traits<wchar_t> >, std::istreambuf_iterator<wchar_t, std::char_traits<wchar_t> >, std::ios_base&, std::_Ios_Iostate&, unsigned long&) const
0013f1a8 0000007c W std::num_get<wchar_t, std::istreambuf_iterator<wchar_t, std::char_traits<wchar_t> > >::do_get(std::istreambuf_iterator<wchar_t, std::char_traits<wchar_t> >, std::istreambuf_iterator<wchar_t, std::char_traits<wchar_t> >, std::ios_base&, std::_Ios_Iostate&, void*&) const
0013f224 00000aa8 W std::istreambuf_iterator<wchar_t, std::char_traits<wchar_t> > std::num_get<wchar_t, std::istreambuf_iterator<wchar_t, std::char_traits<wchar_t> > >::_M_extract_int<long long>(std::istreambuf_iterator<wchar_t, std::char_traits<wchar_t> >, std::istreambuf_iterator<wchar_t, std::char_traits<wchar_t> >, std::ios_base&, std::_Ios_Iostate&, long long&) const
0013fccc 00000048 W std::num_get<wchar_t, std::istreambuf_iterator<wchar_t, std::char_traits<wchar_t> > >::do_get(std::istreambuf_iterator<wchar_t, std::char_traits<wchar_t> >, std::istreambuf_iterator<wchar_t, std::char_traits<wchar_t> >, std::ios_base&, std::_Ios_Iostate&, long long&) const
0013fd14 00000b10 W std::istreambuf_iterator<wchar_t, std::char_traits<wchar_t> > std::num_get<wchar_t, std::istreambuf_iterator<wchar_t, std::char_traits<wchar_t> > >::_M_extract_int<unsigned long long>(std::istreambuf_iterator<wchar_t, std::char_traits<wchar_t> >, std::istreambuf_iterator<wchar_t, std::char_traits<wchar_t> >, std::ios_base&, std::_Ios_Iostate&, unsigned long long&) const
00140824 00000048 W std::num_get<wchar_t, std::istreambuf_iterator<wchar_t, std::char_traits<wchar_t> > >::do_get(std::istreambuf_iterator<wchar_t, std::char_traits<wchar_t> >, std::istreambuf_iterator<wchar_t, std::char_traits<wchar_t> >, std::ios_base&, std::_Ios_Iostate&, unsigned long long&) const
0014086c 000002e4 W std::time_get<wchar_t, std::istreambuf_iterator<wchar_t, std::char_traits<wchar_t> > >::do_get_year(std::istreambuf_iterator<wchar_t, std::char_traits<wchar_t> >, std::istreambuf_iterator<wchar_t, std::char_traits<wchar_t> >, std::ios_base&, std::_Ios_Iostate&, tm*) const
00140b50 00000aa8 W std::time_get<wchar_t, std::istreambuf_iterator<wchar_t, std::char_traits<wchar_t> > >::_M_extract_name(std::istreambuf_iterator<wchar_t, std::char_traits<wchar_t> >, std::istreambuf_iterator<wchar_t, std::char_traits<wchar_t> >, int&, wchar_t const**, unsigned int, std::ios_base&, std::_Ios_Iostate&) const
001415f8 00000418 W std::time_get<wchar_t, std::istreambuf_iterator<wchar_t, std::char_traits<wchar_t> > >::_M_extract_wday_or_month(std::istreambuf_iterator<wchar_t, std::char_traits<wchar_t> >, std::istreambuf_iterator<wchar_t, std::char_traits<wchar_t> >, int&, wchar_t const**, unsigned int, std::ios_base&, std::_Ios_Iostate&) const
00141a10 00000250 W std::time_get<wchar_t, std::istreambuf_iterator<wchar_t, std::char_traits<wchar_t> > >::do_get_weekday(std::istreambuf_iterator<wchar_t, std::char_traits<wchar_t> >, std::istreambuf_iterator<wchar_t, std::char_traits<wchar_t> >, std::ios_base&, std::_Ios_Iostate&, tm*) const
00141c60 000002c8 W std::time_get<wchar_t, std::istreambuf_iterator<wchar_t, std::char_traits<wchar_t> > >::do_get_monthname(std::istreambuf_iterator<wchar_t, std::char_traits<wchar_t> >, std::istreambuf_iterator<wchar_t, std::char_traits<wchar_t> >, std::ios_base&, std::_Ios_Iostate&, tm*) const
00141f28 00001418 W std::time_get<wchar_t, std::istreambuf_iterator<wchar_t, std::char_traits<wchar_t> > >::_M_extract_via_format(std::istreambuf_iterator<wchar_t, std::char_traits<wchar_t> >, std::istreambuf_iterator<wchar_t, std::char_traits<wchar_t> >, std::ios_base&, std::_Ios_Iostate&, tm*, wchar_t const*, std::__time_get_state&) const
00141f28 00001418 t std::time_get<wchar_t, std::istreambuf_iterator<wchar_t, std::char_traits<wchar_t> > >::_M_extract_via_format(std::istreambuf_iterator<wchar_t, std::char_traits<wchar_t> >, std::istreambuf_iterator<wchar_t, std::char_traits<wchar_t> >, std::ios_base&, std::_Ios_Iostate&, tm*, wchar_t const*, std::__time_get_state&) const [clone .localalias]
00143340 000001c8 W std::time_get<wchar_t, std::istreambuf_iterator<wchar_t, std::char_traits<wchar_t> > >::do_get_time(std::istreambuf_iterator<wchar_t, std::char_traits<wchar_t> >, std::istreambuf_iterator<wchar_t, std::char_traits<wchar_t> >, std::ios_base&, std::_Ios_Iostate&, tm*) const
00143508 000001c8 W std::time_get<wchar_t, std::istreambuf_iterator<wchar_t, std::char_traits<wchar_t> > >::do_get_date(std::istreambuf_iterator<wchar_t, std::char_traits<wchar_t> >, std::istreambuf_iterator<wchar_t, std::char_traits<wchar_t> >, std::ios_base&, std::_Ios_Iostate&, tm*) const
001436d0 00000f30 W std::istreambuf_iterator<wchar_t, std::char_traits<wchar_t> > std::money_get<wchar_t, std::istreambuf_iterator<wchar_t, std::char_traits<wchar_t> > >::_M_extract<true>(std::istreambuf_iterator<wchar_t, std::char_traits<wchar_t> >, std::istreambuf_iterator<wchar_t, std::char_traits<wchar_t> >, std::ios_base&, std::_Ios_Iostate&, std::string&) const
00144600 00000f30 W std::istreambuf_iterator<wchar_t, std::char_traits<wchar_t> > std::money_get<wchar_t, std::istreambuf_iterator<wchar_t, std::char_traits<wchar_t> > >::_M_extract<false>(std::istreambuf_iterator<wchar_t, std::char_traits<wchar_t> >, std::istreambuf_iterator<wchar_t, std::char_traits<wchar_t> >, std::ios_base&, std::_Ios_Iostate&, std::string&) const
00145530 0000011c W std::money_get<wchar_t, std::istreambuf_iterator<wchar_t, std::char_traits<wchar_t> > >::do_get(std::istreambuf_iterator<wchar_t, std::char_traits<wchar_t> >, std::istreambuf_iterator<wchar_t, std::char_traits<wchar_t> >, bool, std::ios_base&, std::_Ios_Iostate&, long double&) const
0014564c 000001b0 W std::money_get<wchar_t, std::istreambuf_iterator<wchar_t, std::char_traits<wchar_t> > >::do_get(std::istreambuf_iterator<wchar_t, std::char_traits<wchar_t> >, std::istreambuf_iterator<wchar_t, std::char_traits<wchar_t> >, bool, std::ios_base&, std::_Ios_Iostate&, std::basic_string<wchar_t, std::char_traits<wchar_t>, std::allocator<wchar_t> >&) const
001457fc 000000f4 t _GLOBAL__sub_I__ZNSt12ctype_bynameIwEC2ERKSsj
001458f0 0000005c W std::__cxx11::basic_string<wchar_t, std::char_traits<wchar_t>, std::allocator<wchar_t> >::_M_create(unsigned int&, unsigned int)
0014594c 00000014 W std::__cxx11::basic_string<wchar_t, std::char_traits<wchar_t>, std::allocator<wchar_t> >::_M_dispose()
00145960 00000090 W std::__cxx11::basic_string<wchar_t, std::char_traits<wchar_t>, std::allocator<wchar_t> >::_M_construct(unsigned int, wchar_t)
001459f0 00000104 W std::__cxx11::basic_string<wchar_t, std::char_traits<wchar_t>, std::allocator<wchar_t> >::_M_mutate(unsigned int, unsigned int, wchar_t const*, unsigned int)
00145af4 0000009c W std::__cxx11::basic_string<wchar_t, std::char_traits<wchar_t>, std::allocator<wchar_t> >::reserve(unsigned int)
00145b90 00000108 W std::__cxx11::basic_string<wchar_t, std::char_traits<wchar_t>, std::allocator<wchar_t> >::_M_replace_aux(unsigned int, unsigned int, unsigned int, wchar_t)
00145c98 00000044 W std::__cxx11::basic_string<wchar_t, std::char_traits<wchar_t>, std::allocator<wchar_t> >::resize(unsigned int, wchar_t)
00145cdc 00000144 W std::__cxx11::basic_string<wchar_t, std::char_traits<wchar_t>, std::allocator<wchar_t> >::_M_replace_cold(wchar_t*, unsigned int, wchar_t const*, unsigned int, unsigned int)
00145e20 00000130 W std::__cxx11::basic_string<wchar_t, std::char_traits<wchar_t>, std::allocator<wchar_t> >::_M_replace(unsigned int, unsigned int, wchar_t const*, unsigned int)
00145f50 0000008c W std::__cxx11::basic_string<wchar_t, std::char_traits<wchar_t>, std::allocator<wchar_t> >::_M_append(wchar_t const*, unsigned int)
00145fdc 00000088 W std::__cxx11::basic_string<wchar_t, std::char_traits<wchar_t>, std::allocator<wchar_t> >::copy(wchar_t*, unsigned int, unsigned int) const
00146064 000000a8 W void std::__cxx11::basic_string<wchar_t, std::char_traits<wchar_t>, std::allocator<wchar_t> >::_M_construct<true>(wchar_t const*, unsigned int)
0014610c 0000000c T std::bad_alloc::what() const
00146118 00000020 T std::bad_alloc::~bad_alloc()
00146118 00000020 T std::bad_alloc::~bad_alloc()
00146138 0000002c T std::bad_alloc::~bad_alloc()
00146164 0000000c T std::bad_array_new_length::what() const
00146170 00000020 T std::bad_array_new_length::~bad_array_new_length()
00146170 00000020 T std::bad_array_new_length::~bad_array_new_length()
00146190 0000002c T std::bad_array_new_length::~bad_array_new_length()
001461bc 0000000c T std::bad_cast::what() const
001461c8 00000020 T std::bad_cast::~bad_cast()
001461c8 00000020 T std::bad_cast::~bad_cast()
001461e8 0000002c T std::bad_cast::~bad_cast()
00146214 0000005c T __cxxabiv1::__class_type_info::__do_upcast(__cxxabiv1::__class_type_info const*, void**) const
00146270 00000014 T __cxxabiv1::__class_type_info::__do_find_public_src(int, void const*, __cxxabiv1::__class_type_info const*, void const*) const
00146284 00000020 T __cxxabiv1::__class_type_info::~__class_type_info()
00146284 00000020 T __cxxabiv1::__class_type_info::~__class_type_info()
001462a4 0000002c T __cxxabiv1::__class_type_info::~__class_type_info()
001462d0 00000070 T __cxxabiv1::__class_type_info::__do_upcast(__cxxabiv1::__class_type_info const*, void const*, __cxxabiv1::__class_type_info::__upcast_result&) const
00146340 00000090 T __cxxabiv1::__class_type_info::__do_catch(std::type_info const*, void**, unsigned int) const
001463d0 000000f8 T __cxxabiv1::__class_type_info::__do_dyncast(int, __cxxabiv1::__class_type_info::__sub_kind, __cxxabiv1::__class_type_info const*, void const*, __cxxabiv1::__class_type_info const*, void const*, __cxxabiv1::__class_type_info::__dyncast_result&) const
001464c8 00000004 T operator delete(void*, unsigned int)
001464cc 00000004 T operator delete[](void*)
001464d0 00000194 T __dynamic_cast
00146664 0000012c t (anonymous namespace)::pool::free(void*) [clone .constprop.0]
00146790 000000f0 t (anonymous namespace)::pool::allocate(unsigned int) [clone .constprop.0]
00146880 00000044 T __cxa_allocate_exception
001468c4 00000028 T __cxa_free_exception
001468ec 000001a4 t _GLOBAL__sub_I__ZN9__gnu_cxx9__freeresEv
00146a90 T __cxa_end_cleanup
00146aa0 00000138 T __cxa_type_match
00146bd8 000000b4 T __cxa_begin_cleanup
00146c8c 000000b4 T __gnu_end_cleanup
00146d40 0000002c T __cxa_throw_bad_array_new_length
00146d6c 00000070 t __cxxabiv1::__is_gxx_exception_class(char*)
00146ddc 0000002c T __cxa_call_terminate
00146e08 00000148 T __cxa_call_unexpected
00146f50 000000e0 T __cxa_begin_catch
00147030 000000e0 T __cxa_end_catch
00147110 00000018 T std::uncaught_exception()
00147128 00000004 T std::exception::~exception()
00147128 00000004 T std::exception::~exception()
0014712c 00000004 T std::bad_exception::~bad_exception()
0014712c 00000004 T std::bad_exception::~bad_exception()
00147130 0000000c T transaction clone for std::exception::what() const
00147130 0000000c T std::exception::what() const
0014713c 0000000c T transaction clone for std::bad_exception::what() const
0014713c 0000000c T std::bad_exception::what() const
00147148 00000020 T std::bad_exception::~bad_exception()
00147168 00000038 t eh_globals_dtor(void*)
001471a0 00000038 T __cxa_get_globals_fast
001471d8 00000090 T __cxa_get_globals
00147268 00000040 t _GLOBAL__sub_I__ZN17__eh_globals_init7_S_initE
001472a8 00000034 t _GLOBAL__sub_D__ZN17__eh_globals_init7_S_initE
001472dc 00000150 t read_encoded_value_with_base(unsigned char, unsigned int, unsigned char const*, unsigned int*)
0014742c 0000005c t base_of_encoded_value(unsigned char, _Unwind_Context*)
00147488 000000f0 t parse_lsda_header(_Unwind_Context*, unsigned char const*, lsda_header_info*)
00147578 000006c8 T __gxx_personality_v0
00147c40 00000014 T __cxxabiv1::__terminate(void (*)())
00147c54 00000018 T std::terminate()
00147c6c 0000000c T __cxxabiv1::__unexpected(void (*)())
00147c78 00000018 T std::unexpected()
00147c90 00000014 T std::get_terminate()
00147ca4 00000014 T std::get_unexpected()
00147cb8 00000070 t __gxx_exception_cleanup(_Unwind_Reason_Code, _Unwind_Control_Block*)
00147d28 00000054 T __cxa_init_primary_exception
00147d7c 00000054 T __cxa_throw
00147dd0 000000b0 T __cxa_rethrow
00147e80 0000000c W __gnu_cxx::__concurrence_broadcast_error::what() const
00147e8c 0000000c W __gnu_cxx::__concurrence_wait_error::what() const
00147e98 00000038 t (anonymous namespace)::init()
00147ed0 00000024 t (anonymous namespace)::init_static_cond()
00147ef4 00000020 W __gnu_cxx::__concurrence_wait_error::~__concurrence_wait_error()
00147ef4 00000020 W __gnu_cxx::__concurrence_wait_error::~__concurrence_wait_error()
00147f14 0000002c W __gnu_cxx::__concurrence_wait_error::~__concurrence_wait_error()
00147f40 00000020 W __gnu_cxx::__concurrence_broadcast_error::~__concurrence_broadcast_error()
00147f40 00000020 W __gnu_cxx::__concurrence_broadcast_error::~__concurrence_broadcast_error()
00147f60 0000002c W __gnu_cxx::__concurrence_broadcast_error::~__concurrence_broadcast_error()
00147f8c 0000002c W __gnu_cxx::__throw_concurrence_broadcast_error()
00147fb8 000001b0 T __cxa_guard_acquire
00148168 000000f0 T __cxa_guard_release
00148258 00000020 T __gnu_cxx::recursive_init_error::~recursive_init_error()
00148258 00000020 T __gnu_cxx::recursive_init_error::~recursive_init_error()
00148278 0000002c T __gnu_cxx::recursive_init_error::~recursive_init_error()
001482a4 00000010 T __gnu_cxx::recursive_init_error::recursive_init_error()
001482a4 00000010 T __gnu_cxx::recursive_init_error::recursive_init_error()
001482b4 00000014 T std::get_new_handler()
001482c8 0000005c T operator new(unsigned int)
00148324 00000004 T operator new[](unsigned int)
00148328 0000001c T operator new[](unsigned int, std::nothrow_t const&)
00148344 00000020 T __cxxabiv1::__si_class_type_info::~__si_class_type_info()
00148344 00000020 T __cxxabiv1::__si_class_type_info::~__si_class_type_info()
00148364 0000002c T __cxxabiv1::__si_class_type_info::~__si_class_type_info()
00148390 00000140 T __cxxabiv1::__si_class_type_info::__do_dyncast(int, __cxxabiv1::__class_type_info::__sub_kind, __cxxabiv1::__class_type_info const*, void const*, __cxxabiv1::__class_type_info const*, void const*, __cxxabiv1::__class_type_info::__dyncast_result&) const
001484d0 00000088 T __cxxabiv1::__si_class_type_info::__do_find_public_src(int, void const*, __cxxabiv1::__class_type_info const*, void const*) const
00148558 00000044 T __cxxabiv1::__si_class_type_info::__do_upcast(__cxxabiv1::__class_type_info const*, void const*, __cxxabiv1::__class_type_info::__upcast_result&) const
0014859c 00000004 T std::type_info::~type_info()
0014859c 00000004 T std::type_info::~type_info()
001485a0 00000008 T std::type_info::__is_pointer_p() const
001485a0 00000008 T std::type_info::__is_function_p() const
001485a8 00000020 T __cxxabiv1::__vmi_class_type_info::~__vmi_class_type_info()
001485a8 00000020 T __cxxabiv1::__vmi_class_type_info::~__vmi_class_type_info()
001485c8 0000002c T __cxxabiv1::__vmi_class_type_info::~__vmi_class_type_info()
001485f4 000000f4 T __cxxabiv1::__vmi_class_type_info::__do_find_public_src(int, void const*, __cxxabiv1::__class_type_info const*, void const*) const
001486e8 0000071c T __cxxabiv1::__vmi_class_type_info::__do_dyncast(int, __cxxabiv1::__class_type_info::__sub_kind, __cxxabiv1::__class_type_info const*, void const*, __cxxabiv1::__class_type_info const*, void const*, __cxxabiv1::__class_type_info::__dyncast_result&) const
00148e04 0000022c T __cxxabiv1::__vmi_class_type_info::__do_upcast(__cxxabiv1::__class_type_info const*, void const*, __cxxabiv1::__class_type_info::__upcast_result&) const
00149030 00000068 t std::(anonymous namespace)::__set_C_locale()
00149098 000000c4 T void std::__convert_to_v<float>(char const*, float&, std::_Ios_Iostate&, int* const&)
00149160 000000dc T void std::__convert_to_v<double>(char const*, double&, std::_Ios_Iostate&, int* const&)
00149240 000000d0 T void std::__convert_to_v<long double>(char const*, long double&, std::_Ios_Iostate&, int* const&)
00149310 00000034 T std::locale::facet::_S_create_c_locale(int*&, char const*, int*)
00149344 0000000c T std::locale::facet::_S_destroy_c_locale(int*&)
00149350 0000001c T std::codecvt<char, char, _mbstate_t>::do_in(_mbstate_t&, char const*, char const*, char const*&, char*, char*, char*&) const
00149350 0000001c T std::codecvt<char, char, _mbstate_t>::do_out(_mbstate_t&, char const*, char const*, char const*&, char*, char*, char*&) const
0014936c 00000010 T std::codecvt<char, char, _mbstate_t>::do_unshift(_mbstate_t&, char*, char*, char*&) const
0014936c 00000010 T std::codecvt<wchar_t, char, _mbstate_t>::do_unshift(_mbstate_t&, char*, char*, char*&) const
0014937c 00000008 T std::codecvt<char, char, _mbstate_t>::do_encoding() const
0014937c 00000008 T std::codecvt<char, char, _mbstate_t>::do_max_length() const
00149384 00000008 T std::codecvt<char, char, _mbstate_t>::do_always_noconv() const
0014938c 00000014 T std::codecvt<char, char, _mbstate_t>::do_length(_mbstate_t&, char const*, char const*, unsigned int) const
001493a0 00000008 T std::codecvt<wchar_t, char, _mbstate_t>::do_always_noconv() const
001493a8 00000048 T std::codecvt<char, char, _mbstate_t>::~codecvt()
001493a8 00000048 T std::codecvt<char, char, _mbstate_t>::~codecvt()
001493f0 00000048 T std::codecvt<wchar_t, char, _mbstate_t>::~codecvt()
001493f0 00000048 T std::codecvt<wchar_t, char, _mbstate_t>::~codecvt()
00149438 0000005c T std::codecvt<char, char, _mbstate_t>::~codecvt()
00149494 0000005c T std::codecvt<wchar_t, char, _mbstate_t>::~codecvt()
001494f0 00000048 T std::codecvt<char, char, _mbstate_t>::codecvt(unsigned int)
001494f0 00000048 T std::codecvt<char, char, _mbstate_t>::codecvt(unsigned int)
00149538 00000048 T std::codecvt<wchar_t, char, _mbstate_t>::codecvt(unsigned int)
00149538 00000048 T std::codecvt<wchar_t, char, _mbstate_t>::codecvt(unsigned int)
00149580 0000015c T std::codecvt<wchar_t, char, _mbstate_t>::do_out(_mbstate_t&, wchar_t const*, wchar_t const*, wchar_t const*&, char*, char*, char*&) const
001496dc 000000c0 T std::codecvt<wchar_t, char, _mbstate_t>::do_in(_mbstate_t&, char const*, char const*, char const*&, wchar_t*, wchar_t*, wchar_t*&) const
0014979c 00000028 T std::codecvt<wchar_t, char, _mbstate_t>::do_encoding() const
001497c4 0000001c T std::codecvt<wchar_t, char, _mbstate_t>::do_max_length() const
001497e0 000000a0 T std::codecvt<wchar_t, char, _mbstate_t>::do_length(_mbstate_t&, char const*, char const*, unsigned int) const
00149880 00000020 T std::__cxx11::collate<char>::_M_compare(char const*, char const*) const
001498a0 00000010 T std::__cxx11::collate<char>::_M_transform(char*, char const*, unsigned int) const
001498b0 00000020 T std::__cxx11::collate<wchar_t>::_M_compare(wchar_t const*, wchar_t const*) const
001498d0 00000010 T std::__cxx11::collate<wchar_t>::_M_transform(wchar_t*, wchar_t const*, unsigned int) const
001498e0 00000020 T std::collate<char>::_M_compare(char const*, char const*) const
00149900 00000010 T std::collate<char>::_M_transform(char*, char const*, unsigned int) const
00149910 00000020 T std::collate<wchar_t>::_M_compare(wchar_t const*, wchar_t const*) const
00149930 00000010 T std::collate<wchar_t>::_M_transform(wchar_t*, wchar_t const*, unsigned int) const
00149940 00000048 T std::ios_base::_M_init()
00149988 000000d8 t std::(anonymous namespace)::day_of_the_week(int, int, int)
00149a60 000000e4 T std::__num_base::_S_format_float(std::ios_base const&, char*, char)
00149b44 000000e0 T std::__verify_grouping_impl(char const*, unsigned int, char const*, unsigned int)
00149c24 0000000c T std::__verify_grouping(char const*, unsigned int, std::string const&)
00149c30 000004f4 T std::__time_get_state::_M_finalize_state(tm*)
0014a124 000000cc T std::__cxx11::messages<char>::do_get(int, int, int, std::__cxx11::basic_string<char, std::char_traits<char>, std::allocator<char> > const&) const
0014a1f0 000000c8 T std::__cxx11::messages<wchar_t>::do_get(int, int, int, std::__cxx11::basic_string<wchar_t, std::char_traits<wchar_t>, std::allocator<wchar_t> > const&) const
0014a2b8 000000a8 T std::messages<char>::do_get(int, int, int, std::string const&) const
0014a360 000000a8 T std::messages<wchar_t>::do_get(int, int, int, std::basic_string<wchar_t, std::char_traits<wchar_t>, std::allocator<wchar_t> > const&) const
0014a408 00000020 T std::__verify_grouping(char const*, unsigned int, std::__cxx11::basic_string<char, std::char_traits<char>, std::allocator<char> > const&)
0014a428 00000108 T std::__cxx11::moneypunct<char, true>::_M_initialize_moneypunct(int*, char const*)
0014a530 00000108 T std::__cxx11::moneypunct<char, false>::_M_initialize_moneypunct(int*, char const*)
0014a638 00000048 T std::__cxx11::moneypunct<char, true>::~moneypunct()
0014a638 00000048 T std::__cxx11::moneypunct<char, true>::~moneypunct()
0014a680 0000005c T std::__cxx11::moneypunct<char, true>::~moneypunct()
0014a6dc 00000048 T std::__cxx11::moneypunct<char, false>::~moneypunct()
0014a6dc 00000048 T std::__cxx11::moneypunct<char, false>::~moneypunct()
0014a724 0000005c T std::__cxx11::moneypunct<char, false>::~moneypunct()
0014a780 00000118 T std::__cxx11::moneypunct<wchar_t, true>::_M_initialize_moneypunct(int*, char const*)
0014a898 00000118 T std::__cxx11::moneypunct<wchar_t, false>::_M_initialize_moneypunct(int*, char const*)
0014a9b0 00000048 T std::__cxx11::moneypunct<wchar_t, true>::~moneypunct()
0014a9b0 00000048 T std::__cxx11::moneypunct<wchar_t, true>::~moneypunct()
0014a9f8 0000005c T std::__cxx11::moneypunct<wchar_t, true>::~moneypunct()
0014aa54 00000048 T std::__cxx11::moneypunct<wchar_t, false>::~moneypunct()
0014aa54 00000048 T std::__cxx11::moneypunct<wchar_t, false>::~moneypunct()
0014aa9c 0000005c T std::__cxx11::moneypunct<wchar_t, false>::~moneypunct()
0014aaf8 00000108 T std::moneypunct<char, true>::_M_initialize_moneypunct(int*, char const*)
0014ac00 00000108 T std::moneypunct<char, false>::_M_initialize_moneypunct(int*, char const*)
0014ad08 00000078 T std::moneypunct<char, true>::~moneypunct()
0014ad08 00000078 T std::moneypunct<char, true>::~moneypunct()
0014ad80 00000028 T std::moneypunct<char, true>::~moneypunct()
0014ada8 00000078 T std::moneypunct<char, false>::~moneypunct()
0014ada8 00000078 T std::moneypunct<char, false>::~moneypunct()
0014ae20 00000028 T std::moneypunct<char, false>::~moneypunct()
0014ae48 00000118 T std::moneypunct<wchar_t, true>::_M_initialize_moneypunct(int*, char const*)
0014af60 00000118 T std::moneypunct<wchar_t, false>::_M_initialize_moneypunct(int*, char const*)
0014b078 00000078 T std::moneypunct<wchar_t, true>::~moneypunct()
0014b078 00000078 T std::moneypunct<wchar_t, true>::~moneypunct()
0014b0f0 00000028 T std::moneypunct<wchar_t, true>::~moneypunct()
0014b118 00000078 T std::moneypunct<wchar_t, false>::~moneypunct()
0014b118 00000078 T std::moneypunct<wchar_t, false>::~moneypunct()
0014b190 00000028 T std::moneypunct<wchar_t, false>::~moneypunct()
0014b1b8 0000011c T std::__cxx11::numpunct<char>::_M_initialize_numpunct(int*)
0014b2d4 00000048 T std::__cxx11::numpunct<char>::~numpunct()
0014b2d4 00000048 T std::__cxx11::numpunct<char>::~numpunct()
0014b31c 0000005c T std::__cxx11::numpunct<char>::~numpunct()
0014b378 00000104 T std::__cxx11::numpunct<wchar_t>::_M_initialize_numpunct(int*)
0014b47c 00000048 T std::__cxx11::numpunct<wchar_t>::~numpunct()
0014b47c 00000048 T std::__cxx11::numpunct<wchar_t>::~numpunct()
0014b4c4 0000005c T std::__cxx11::numpunct<wchar_t>::~numpunct()
0014b520 0000011c T std::numpunct<char>::_M_initialize_numpunct(int*)
0014b63c 00000078 T std::numpunct<char>::~numpunct()
0014b63c 00000078 T std::numpunct<char>::~numpunct()
0014b6b4 00000028 T std::numpunct<char>::~numpunct()
0014b6dc 00000104 T std::numpunct<wchar_t>::_M_initialize_numpunct(int*)
0014b7e0 00000078 T std::numpunct<wchar_t>::~numpunct()
0014b7e0 00000078 T std::numpunct<wchar_t>::~numpunct()
0014b858 00000028 T std::numpunct<wchar_t>::~numpunct()
0014b880 00000008 T std::logic_error::what() const
0014b880 00000008 T std::runtime_error::what() const
0014b888 00000098 T std::logic_error::~logic_error()
0014b888 00000098 T std::logic_error::~logic_error()
0014b920 00000098 T std::runtime_error::~runtime_error()
0014b920 00000098 T std::runtime_error::~runtime_error()
0014b9b8 000000a0 T std::runtime_error::~runtime_error()
0014ba58 00000098 T std::length_error::~length_error()
0014ba58 00000098 T std::length_error::~length_error()
0014baf0 00000098 T std::out_of_range::~out_of_range()
0014baf0 00000098 T std::out_of_range::~out_of_range()
0014bb88 000000a0 T std::logic_error::~logic_error()
0014bc28 000000a0 T std::length_error::~length_error()
0014bcc8 000000a0 T std::out_of_range::~out_of_range()
0014bd68 00000098 T std::__timepunct<char>::_M_put(char*, unsigned int, char const*, tm const*) const
0014be00 00000304 T std::__timepunct<char>::_M_initialize_timepunct(int*)
0014c104 00000098 T std::__timepunct<wchar_t>::_M_put(wchar_t*, unsigned int, wchar_t const*, tm const*) const
0014c19c 00000304 T std::__timepunct<wchar_t>::_M_initialize_timepunct(int*)
0014c4a0 00000010 T std::__codecvt_utf8_base<char32_t>::do_unshift(_mbstate_t&, char*, char*, char*&) const
0014c4a0 00000010 T std::__codecvt_utf8_base<char16_t>::do_unshift(_mbstate_t&, char*, char*, char*&) const
0014c4a0 00000010 T std::__codecvt_utf8_base<wchar_t>::do_unshift(_mbstate_t&, char*, char*, char*&) const
0014c4a0 00000010 T std::__codecvt_utf16_base<char32_t>::do_unshift(_mbstate_t&, char*, char*, char*&) const
0014c4a0 00000010 T std::__codecvt_utf16_base<char16_t>::do_unshift(_mbstate_t&, char*, char*, char*&) const
0014c4a0 00000010 T std::__codecvt_utf16_base<wchar_t>::do_unshift(_mbstate_t&, char*, char*, char*&) const
0014c4a0 00000010 T std::__codecvt_utf8_utf16_base<char32_t>::do_unshift(_mbstate_t&, char*, char*, char*&) const
0014c4a0 00000010 T std::__codecvt_utf8_utf16_base<char16_t>::do_unshift(_mbstate_t&, char*, char*, char*&) const
0014c4a0 00000010 T std::__codecvt_utf8_utf16_base<wchar_t>::do_unshift(_mbstate_t&, char*, char*, char*&) const
0014c4a0 00000010 T std::codecvt<char32_t, char, _mbstate_t>::do_unshift(_mbstate_t&, char*, char*, char*&) const
0014c4a0 00000010 T std::codecvt<char16_t, char, _mbstate_t>::do_unshift(_mbstate_t&, char*, char*, char*&) const
0014c4b0 00000008 T std::__codecvt_utf8_base<char32_t>::do_encoding() const
0014c4b0 00000008 T std::__codecvt_utf8_base<char16_t>::do_encoding() const
0014c4b0 00000008 T std::__codecvt_utf8_base<wchar_t>::do_encoding() const
0014c4b0 00000008 T std::__codecvt_utf16_base<char32_t>::do_encoding() const
0014c4b0 00000008 T std::__codecvt_utf16_base<char16_t>::do_encoding() const
0014c4b0 00000008 T std::__codecvt_utf16_base<wchar_t>::do_encoding() const
0014c4b0 00000008 T std::__codecvt_utf8_utf16_base<char32_t>::do_encoding() const
0014c4b0 00000008 T std::__codecvt_utf8_utf16_base<char16_t>::do_encoding() const
0014c4b0 00000008 T std::__codecvt_utf8_utf16_base<wchar_t>::do_encoding() const
0014c4b0 00000008 T std::codecvt<char32_t, char8_t, _mbstate_t>::do_encoding() const
0014c4b0 00000008 T std::codecvt<char32_t, char, _mbstate_t>::do_encoding() const
0014c4b0 00000008 T std::codecvt<char16_t, char8_t, _mbstate_t>::do_encoding() const
0014c4b0 00000008 T std::codecvt<char16_t, char, _mbstate_t>::do_encoding() const
0014c4b8 00000008 T std::__codecvt_utf8_base<char32_t>::do_always_noconv() const
0014c4b8 00000008 T std::__codecvt_utf8_base<char16_t>::do_always_noconv() const
0014c4b8 00000008 T std::__codecvt_utf8_base<wchar_t>::do_always_noconv() const
0014c4b8 00000008 T std::__codecvt_utf16_base<char32_t>::do_always_noconv() const
0014c4b8 00000008 T std::__codecvt_utf16_base<char16_t>::do_always_noconv() const
0014c4b8 00000008 T std::__codecvt_utf16_base<wchar_t>::do_always_noconv() const
0014c4b8 00000008 T std::__codecvt_utf8_utf16_base<char32_t>::do_always_noconv() const
0014c4b8 00000008 T std::__codecvt_utf8_utf16_base<char16_t>::do_always_noconv() const
0014c4b8 00000008 T std::__codecvt_utf8_utf16_base<wchar_t>::do_always_noconv() const
0014c4b8 00000008 T std::codecvt<char32_t, char8_t, _mbstate_t>::do_always_noconv() const
0014c4b8 00000008 T std::codecvt<char32_t, char, _mbstate_t>::do_always_noconv() const
0014c4b8 00000008 T std::codecvt<char16_t, char8_t, _mbstate_t>::do_always_noconv() const
0014c4b8 00000008 T std::codecvt<char16_t, char, _mbstate_t>::do_always_noconv() const
0014c4c0 00000008 T std::codecvt<char32_t, char8_t, _mbstate_t>::do_max_length() const
0014c4c0 00000008 T std::codecvt<char32_t, char, _mbstate_t>::do_max_length() const
0014c4c0 00000008 T std::codecvt<char16_t, char8_t, _mbstate_t>::do_max_length() const
0014c4c0 00000008 T std::codecvt<char16_t, char, _mbstate_t>::do_max_length() const
0014c4c8 00000010 T std::codecvt<char32_t, char8_t, _mbstate_t>::do_unshift(_mbstate_t&, char8_t*, char8_t*, char8_t*&) const
0014c4c8 00000010 T std::codecvt<char16_t, char8_t, _mbstate_t>::do_unshift(_mbstate_t&, char8_t*, char8_t*, char8_t*&) const
0014c4d8 00000104 t bool std::(anonymous namespace)::write_utf8_code_point<char>(std::(anonymous namespace)::range<char, true>&, char32_t)
0014c5dc 000001c0 t char32_t std::(anonymous namespace)::read_utf8_code_point<char>(std::(anonymous namespace)::range<char const, true>&, unsigned long)
0014c79c 0000012c t bool std::(anonymous namespace)::write_utf8_code_point<char8_t>(std::(anonymous namespace)::range<char8_t, true>&, char32_t)
0014c8c8 000001c0 t char32_t std::(anonymous namespace)::read_utf8_code_point<char8_t>(std::(anonymous namespace)::range<char8_t const, true>&, unsigned long)
0014ca88 00000020 T std::codecvt<char16_t, char, _mbstate_t>::~codecvt()
0014ca88 00000020 T std::codecvt<char16_t, char, _mbstate_t>::~codecvt()
0014caa8 00000020 T std::codecvt<char32_t, char, _mbstate_t>::~codecvt()
0014caa8 00000020 T std::codecvt<char32_t, char, _mbstate_t>::~codecvt()
0014cac8 00000020 T std::codecvt<char16_t, char8_t, _mbstate_t>::~codecvt()
0014cac8 00000020 T std::codecvt<char16_t, char8_t, _mbstate_t>::~codecvt()
0014cae8 00000020 T std::codecvt<char32_t, char8_t, _mbstate_t>::~codecvt()
0014cae8 00000020 T std::codecvt<char32_t, char8_t, _mbstate_t>::~codecvt()
0014cb08 00000028 T std::codecvt<char16_t, char, _mbstate_t>::~codecvt()
0014cb30 00000028 T std::codecvt<char32_t, char, _mbstate_t>::~codecvt()
0014cb58 00000028 T std::codecvt<char16_t, char8_t, _mbstate_t>::~codecvt()
0014cb80 00000028 T std::codecvt<char32_t, char8_t, _mbstate_t>::~codecvt()
0014cba8 00000070 T std::codecvt<char32_t, char8_t, _mbstate_t>::do_length(_mbstate_t&, char8_t const*, char8_t const*, unsigned int) const
0014cc18 0000008c T std::codecvt<char32_t, char8_t, _mbstate_t>::do_in(_mbstate_t&, char8_t const*, char8_t const*, char8_t const*&, char32_t*, char32_t*, char32_t*&) const
0014cca4 000000a4 T std::codecvt<char32_t, char8_t, _mbstate_t>::do_out(_mbstate_t&, char32_t const*, char32_t const*, char32_t const*&, char8_t*, char8_t*, char8_t*&) const
0014cd48 0000009c T std::codecvt<char16_t, char8_t, _mbstate_t>::do_length(_mbstate_t&, char8_t const*, char8_t const*, unsigned int) const
0014cde4 000000c4 T std::codecvt<char16_t, char8_t, _mbstate_t>::do_out(_mbstate_t&, char16_t const*, char16_t const*, char16_t const*&, char8_t*, char8_t*, char8_t*&) const
0014cea8 00000104 t std::codecvt_base::result std::(anonymous namespace)::utf16_out<char16_t, char>(std::(anonymous namespace)::range<char16_t const, true>&, std::(anonymous namespace)::range<char, true>&, unsigned long, std::codecvt_mode, std::(anonymous namespace)::surrogates)
0014cfac 00000064 T std::codecvt<char16_t, char, _mbstate_t>::do_out(_mbstate_t&, char16_t const*, char16_t const*, char16_t const*&, char*, char*, char*&) const
0014d010 000000fc t std::codecvt_base::result std::(anonymous namespace)::utf16_in<char, char16_t>(std::(anonymous namespace)::range<char const, true>&, std::(anonymous namespace)::range<char16_t, true>&, unsigned long, std::codecvt_mode)
0014d10c 00000060 T std::codecvt<char16_t, char, _mbstate_t>::do_in(_mbstate_t&, char const*, char const*, char const*&, char16_t*, char16_t*, char16_t*&) const
0014d16c 000000e0 T std::codecvt<char16_t, char8_t, _mbstate_t>::do_in(_mbstate_t&, char8_t const*, char8_t const*, char8_t const*&, char16_t*, char16_t*, char16_t*&) const
0014d24c 00000070 T std::codecvt<char32_t, char, _mbstate_t>::do_length(_mbstate_t&, char const*, char const*, unsigned int) const
0014d2bc 0000008c T std::codecvt<char32_t, char, _mbstate_t>::do_in(_mbstate_t&, char const*, char const*, char const*&, char32_t*, char32_t*, char32_t*&) const
0014d348 000000a4 T std::codecvt<char32_t, char, _mbstate_t>::do_out(_mbstate_t&, char32_t const*, char32_t const*, char32_t const*&, char*, char*, char*&) const
0014d3ec 0000009c T std::codecvt<char16_t, char, _mbstate_t>::do_length(_mbstate_t&, char const*, char const*, unsigned int) const
0014d488 000007f0 T std::locale::_Impl::_M_init_extra(std::locale::facet**)
0014dc78 000000d8 T std::logic_error::logic_error(char const*)
0014dc78 000000d8 T std::logic_error::logic_error(char const*)
0014dd50 00000020 T std::length_error::length_error(char const*)
0014dd50 00000020 T std::length_error::length_error(char const*)
0014dd70 00000020 T std::out_of_range::out_of_range(char const*)
0014dd70 00000020 T std::out_of_range::out_of_range(char const*)
0014dd90 000000d8 T std::runtime_error::runtime_error(char const*)
0014dd90 000000d8 T std::runtime_error::runtime_error(char const*)
0014de68 000000c8 T std::__cow_string::__cow_string(char const*, unsigned int)
0014de68 000000c8 T std::__cow_string::__cow_string(char const*, unsigned int)
0014df30 00000004 T std::ios_base::failure[abi:cxx11]::what() const
0014df34 00000020 T std::ios_base::failure[abi:cxx11]::~failure()
0014df34 00000020 T std::ios_base::failure[abi:cxx11]::~failure()
0014df54 00000028 T std::ios_base::failure[abi:cxx11]::~failure()
0014df7c 00000020 T std::__iosfail_type_info::~__iosfail_type_info()
0014df7c 00000020 T std::__iosfail_type_info::~__iosfail_type_info()
0014df9c 00000028 T std::__iosfail_type_info::~__iosfail_type_info()
0014dfc4 0000004c T std::__iosfail_type_info::__do_upcast(__cxxabiv1::__class_type_info const*, void**) const
0014e010 00000034 W std::__ios_failure::~__ios_failure()
0014e010 00000034 W std::__ios_failure::~__ios_failure()
0014e044 0000003c W std::__ios_failure::~__ios_failure()
0014e080 00000094 T std::__throw_ios_failure(char const*)
0014e114 0000000c W std::__cxx11::moneypunct<char, false>::do_decimal_point() const
0014e120 0000000c W std::__cxx11::moneypunct<char, false>::do_thousands_sep() const
0014e12c 0000000c W std::__cxx11::moneypunct<char, false>::do_frac_digits() const
0014e138 00000014 W std::__cxx11::moneypunct<char, false>::do_pos_format() const
0014e14c 00000014 W std::__cxx11::moneypunct<char, false>::do_neg_format() const
0014e160 0000000c W std::__cxx11::moneypunct<char, true>::do_decimal_point() const
0014e16c 0000000c W std::__cxx11::moneypunct<char, true>::do_thousands_sep() const
0014e178 0000000c W std::__cxx11::moneypunct<char, true>::do_frac_digits() const
0014e184 00000014 W std::__cxx11::moneypunct<char, true>::do_pos_format() const
0014e198 00000014 W std::__cxx11::moneypunct<char, true>::do_neg_format() const
0014e1ac 0000000c W std::__cxx11::numpunct<char>::do_decimal_point() const
0014e1b8 0000000c W std::__cxx11::numpunct<char>::do_thousands_sep() const
0014e1c4 00000008 W std::__cxx11::time_get<char, std::istreambuf_iterator<char, std::char_traits<char> > >::do_date_order() const
0014e1cc 00000008 W std::__cxx11::messages<char>::do_open(std::__cxx11::basic_string<char, std::char_traits<char>, std::allocator<char> > const&, std::locale const&) const
0014e1d4 00000004 W std::__cxx11::messages<char>::do_close(int) const
0014e1d8 00000020 W std::__cxx11::collate<char>::do_hash(char const*, char const*) const
0014e1f8 00000020 W std::__cxx11::money_get<char, std::istreambuf_iterator<char, std::char_traits<char> > >::~money_get()
0014e1f8 00000020 W std::__cxx11::money_get<char, std::istreambuf_iterator<char, std::char_traits<char> > >::~money_get()
0014e218 00000028 W std::__cxx11::money_get<char, std::istreambuf_iterator<char, std::char_traits<char> > >::~money_get()
0014e240 00000020 W std::__cxx11::money_put<char, std::ostreambuf_iterator<char, std::char_traits<char> > >::~money_put()
0014e240 00000020 W std::__cxx11::money_put<char, std::ostreambuf_iterator<char, std::char_traits<char> > >::~money_put()
0014e260 00000028 W std::__cxx11::money_put<char, std::ostreambuf_iterator<char, std::char_traits<char> > >::~money_put()
0014e288 00000020 W std::__cxx11::time_get<char, std::istreambuf_iterator<char, std::char_traits<char> > >::~time_get()
0014e288 00000020 W std::__cxx11::time_get<char, std::istreambuf_iterator<char, std::char_traits<char> > >::~time_get()
0014e2a8 00000028 W std::__cxx11::time_get<char, std::istreambuf_iterator<char, std::char_traits<char> > >::~time_get()
0014e2d0 00000028 W std::__cxx11::messages<char>::~messages()
0014e2d0 00000028 W std::__cxx11::messages<char>::~messages()
0014e2f8 0000001c W std::__cxx11::messages<char>::~messages()
0014e314 00000028 W std::__cxx11::collate<char>::~collate()
0014e314 00000028 W std::__cxx11::collate<char>::~collate()
0014e33c 00000094 t void std::__cxx11::basic_string<char, std::char_traits<char>, std::allocator<char> >::_M_construct<char const*>(char const*, char const*, std::forward_iterator_tag) [clone .isra.0]
0014e3d0 00000030 W std::__cxx11::collate<char>::~collate()
0014e400 00000058 W std::__cxx11::moneypunct<char, false>::do_grouping() const
0014e458 00000058 W std::__cxx11::moneypunct<char, false>::do_curr_symbol() const
0014e4b0 00000058 W std::__cxx11::moneypunct<char, false>::do_positive_sign() const
0014e508 00000058 W std::__cxx11::moneypunct<char, false>::do_negative_sign() const
0014e560 00000058 W std::__cxx11::moneypunct<char, true>::do_grouping() const
0014e5b8 00000058 W std::__cxx11::moneypunct<char, true>::do_curr_symbol() const
0014e610 00000058 W std::__cxx11::moneypunct<char, true>::do_positive_sign() const
0014e668 00000058 W std::__cxx11::moneypunct<char, true>::do_negative_sign() const
0014e6c0 00000058 W std::__cxx11::numpunct<char>::do_grouping() const
0014e718 00000058 W std::__cxx11::numpunct<char>::do_truename() const
0014e770 00000058 W std::__cxx11::numpunct<char>::do_falsename() const
0014e7c8 000000f8 W std::__cxx11::collate<char>::do_compare(char const*, char const*, char const*, char const*) const
0014e8c0 000002c0 W std::__cxx11::collate<char>::do_transform(char const*, char const*) const
0014eb80 00001300 W std::istreambuf_iterator<char, std::char_traits<char> > std::__cxx11::money_get<char, std::istreambuf_iterator<char, std::char_traits<char> > >::_M_extract<true>(std::istreambuf_iterator<char, std::char_traits<char> >, std::istreambuf_iterator<char, std::char_traits<char> >, std::ios_base&, std::_Ios_Iostate&, std::__cxx11::basic_string<char, std::char_traits<char>, std::allocator<char> >&) const
0014fe80 00001300 W std::istreambuf_iterator<char, std::char_traits<char> > std::__cxx11::money_get<char, std::istreambuf_iterator<char, std::char_traits<char> > >::_M_extract<false>(std::istreambuf_iterator<char, std::char_traits<char> >, std::istreambuf_iterator<char, std::char_traits<char> >, std::ios_base&, std::_Ios_Iostate&, std::__cxx11::basic_string<char, std::char_traits<char>, std::allocator<char> >&) const
00151180 000000cc W std::__cxx11::money_get<char, std::istreambuf_iterator<char, std::char_traits<char> > >::do_get(std::istreambuf_iterator<char, std::char_traits<char> >, std::istreambuf_iterator<char, std::char_traits<char> >, bool, std::ios_base&, std::_Ios_Iostate&, long double&) const
0015124c 000001b4 W std::__cxx11::money_get<char, std::istreambuf_iterator<char, std::char_traits<char> > >::do_get(std::istreambuf_iterator<char, std::char_traits<char> >, std::istreambuf_iterator<char, std::char_traits<char> >, bool, std::ios_base&, std::_Ios_Iostate&, std::__cxx11::basic_string<char, std::char_traits<char>, std::allocator<char> >&) const
00151400 00000750 W std::ostreambuf_iterator<char, std::char_traits<char> > std::__cxx11::money_put<char, std::ostreambuf_iterator<char, std::char_traits<char> > >::_M_insert<true>(std::ostreambuf_iterator<char, std::char_traits<char> >, std::ios_base&, char, std::__cxx11::basic_string<char, std::char_traits<char>, std::allocator<char> > const&) const
00151b50 00000750 W std::ostreambuf_iterator<char, std::char_traits<char> > std::__cxx11::money_put<char, std::ostreambuf_iterator<char, std::char_traits<char> > >::_M_insert<false>(std::ostreambuf_iterator<char, std::char_traits<char> >, std::ios_base&, char, std::__cxx11::basic_string<char, std::char_traits<char>, std::allocator<char> > const&) const
001522a0 000001f0 W std::__cxx11::money_put<char, std::ostreambuf_iterator<char, std::char_traits<char> > >::do_put(std::ostreambuf_iterator<char, std::char_traits<char> >, bool, std::ios_base&, char, long double) const
00152490 00000054 W std::__cxx11::money_put<char, std::ostreambuf_iterator<char, std::char_traits<char> > >::do_put(std::ostreambuf_iterator<char, std::char_traits<char> >, bool, std::ios_base&, char, std::__cxx11::basic_string<char, std::char_traits<char>, std::allocator<char> > const&) const
001524e4 000002b0 W std::__cxx11::time_get<char, std::istreambuf_iterator<char, std::char_traits<char> > >::_M_extract_num(std::istreambuf_iterator<char, std::char_traits<char> >, std::istreambuf_iterator<char, std::char_traits<char> >, int&, int, int, unsigned int, std::ios_base&, std::_Ios_Iostate&) const
00152794 000008e4 W std::__cxx11::time_get<char, std::istreambuf_iterator<char, std::char_traits<char> > >::do_get_year(std::istreambuf_iterator<char, std::char_traits<char> >, std::istreambuf_iterator<char, std::char_traits<char> >, std::ios_base&, std::_Ios_Iostate&, tm*) const
00153078 00000d14 W std::__cxx11::time_get<char, std::istreambuf_iterator<char, std::char_traits<char> > >::_M_extract_name(std::istreambuf_iterator<char, std::char_traits<char> >, std::istreambuf_iterator<char, std::char_traits<char> >, int&, char const**, unsigned int, std::ios_base&, std::_Ios_Iostate&) const
00153d8c 000006b4 W std::__cxx11::time_get<char, std::istreambuf_iterator<char, std::char_traits<char> > >::_M_extract_wday_or_month(std::istreambuf_iterator<char, std::char_traits<char> >, std::istreambuf_iterator<char, std::char_traits<char> >, int&, char const**, unsigned int, std::ios_base&, std::_Ios_Iostate&) const
00154440 00000244 W std::__cxx11::time_get<char, std::istreambuf_iterator<char, std::char_traits<char> > >::do_get_weekday(std::istreambuf_iterator<char, std::char_traits<char> >, std::istreambuf_iterator<char, std::char_traits<char> >, std::ios_base&, std::_Ios_Iostate&, tm*) const
00154684 000002b4 W std::__cxx11::time_get<char, std::istreambuf_iterator<char, std::char_traits<char> > >::do_get_monthname(std::istreambuf_iterator<char, std::char_traits<char> >, std::istreambuf_iterator<char, std::char_traits<char> >, std::ios_base&, std::_Ios_Iostate&, tm*) const
00154938 0000003c W std::__cxx11::messages<char>::messages(unsigned int)
00154938 0000003c W std::__cxx11::messages<char>::messages(unsigned int)
00154974 0000221c W std::__cxx11::time_get<char, std::istreambuf_iterator<char, std::char_traits<char> > >::_M_extract_via_format(std::istreambuf_iterator<char, std::char_traits<char> >, std::istreambuf_iterator<char, std::char_traits<char> >, std::ios_base&, std::_Ios_Iostate&, tm*, char const*, std::__time_get_state&) const
00154974 0000221c t std::__cxx11::time_get<char, std::istreambuf_iterator<char, std::char_traits<char> > >::_M_extract_via_format(std::istreambuf_iterator<char, std::char_traits<char> >, std::istreambuf_iterator<char, std::char_traits<char> >, std::ios_base&, std::_Ios_Iostate&, tm*, char const*, std::__time_get_state&) const [clone .localalias]
00156b90 000001b8 W std::__cxx11::time_get<char, std::istreambuf_iterator<char, std::char_traits<char> > >::do_get_time(std::istreambuf_iterator<char, std::char_traits<char> >, std::istreambuf_iterator<char, std::char_traits<char> >, std::ios_base&, std::_Ios_Iostate&, tm*) const
00156d48 000001b8 W std::__cxx11::time_get<char, std::istreambuf_iterator<char, std::char_traits<char> > >::do_get_date(std::istreambuf_iterator<char, std::char_traits<char> >, std::istreambuf_iterator<char, std::char_traits<char> >, std::ios_base&, std::_Ios_Iostate&, tm*) const
00156f00 000001f0 W std::__cxx11::time_get<char, std::istreambuf_iterator<char, std::char_traits<char> > >::do_get(std::istreambuf_iterator<char, std::char_traits<char> >, std::istreambuf_iterator<char, std::char_traits<char> >, std::ios_base&, std::_Ios_Iostate&, tm*, char, char) const
001570f0 000000a4 t _GLOBAL__sub_I__ZNSt12ctype_bynameIcEC2ERKNSt7__cxx1112basic_stringIcSt11char_traitsIcESaIcEEEj
00157194 00000030 T std::runtime_error::runtime_error(std::__cxx11::basic_string<char, std::char_traits<char>, std::allocator<char> > const&)
00157194 00000030 T std::runtime_error::runtime_error(std::__cxx11::basic_string<char, std::char_traits<char>, std::allocator<char> > const&)
001571c4 0000000c t (anonymous namespace)::io_error_category::name() const
001571d0 00000020 t (anonymous namespace)::io_error_category::~io_error_category()
001571d0 00000020 t (anonymous namespace)::io_error_category::~io_error_category()
001571f0 00000028 t (anonymous namespace)::io_error_category::~io_error_category()
00157218 00000080 t (anonymous namespace)::io_error_category::message[abi:cxx11](int) const
00157298 0000000c T std::iostream_category()
001572a4 00000008 T std::ios_base::failure::what() const
001572ac 00000098 T std::ios_base::failure::~failure()
001572ac 00000098 T std::ios_base::failure::~failure()
00157344 000000a0 T std::ios_base::failure::~failure()
001573e4 000000d4 T std::ios_base::failure::failure(std::string const&)
001573e4 000000d4 T std::ios_base::failure::failure(std::string const&)
001574b8 00000130 T std::__construct_ios_failure(void*, char const*)
001575e8 000000c0 T std::__destroy_ios_failure(void*)
001576a8 00000044 T std::__is_ios_failure_handler(__cxxabiv1::__class_type_info const*)
001576ec 0000002c T __aeabi_d2lz
001576ec 0000002c T __fixdfdi
00157718 00000040 T __aeabi_d2ulz
00157718 00000040 T __fixunsdfdi
00157758 00000130 T __udivmoddi4
00157888 00000018 t selfrel_offset31
001578a0 00000090 t search_EIT_table
00157930 00000040 t __gnu_unwind_get_pr_addr
00157970 00000110 t get_eit_entry
00157a80 00000088 t restore_non_core_regs
00157b08 00000014 t _Unwind_decode_typeinfo_ptr.constprop.0
00157b1c 00000004 t _Unwind_DebugHook
00157b20 00000064 t unwind_phase2
00157b84 0000013c t unwind_phase2_forced
00157cc0 000000a4 T __gnu_Unwind_RaiseException
00157d64 00000020 T __gnu_Unwind_ForcedUnwind
00157d84 00000074 T __gnu_Unwind_Resume
00157df8 00000020 T __gnu_Unwind_Resume_or_Rethrow
00157e18 00000004 T _Unwind_Complete
00157e1c 00000018 T _Unwind_DeleteException
00157e34 00000064 T _Unwind_VRS_Get
00157e98 0000002c t _Unwind_GetGR
00157ec4 00000064 T _Unwind_VRS_Set
00157f28 0000002c t _Unwind_SetGR
00157f54 000000c0 T __gnu_Unwind_Backtrace
00158014 0000040c t __gnu_unwind_pr_common
00158420 00000008 T __aeabi_unwind_cpp_pr0
00158428 00000008 W __aeabi_unwind_cpp_pr1
00158430 00000008 W __aeabi_unwind_cpp_pr2
00158438 00000458 T _Unwind_VRS_Pop
00158890 00000064 t next_unwind_byte
001588f4 0000002c t _Unwind_GetGR.constprop.0
00158920 00000004 t unwind_UCB_from_context
00158924 00000464 T __gnu_unwind_execute
00158d88 00000048 T __gnu_unwind_frame
00158dd0 00000010 T _Unwind_GetRegionStart
00158de0 0000001c T _Unwind_GetLanguageSpecificData
00158dfc 00000008 T _Unwind_GetDataRelBase
00158e04 00000008 T _Unwind_GetTextRelBase
00158e0c 000000d8 T strncmp
00158ee4 00000140 T strchr
00159024 00000024 T getenv
00159048 0000016c T memmove
001591b4 00000008 T wmemmove
001591bc 00000140 t iso_year_adjust
001592fc 00001118 t __strftime.isra.0
0015a414 00000038 T strftime
0015a44c 00000144 T _fclose_r
0015a590 0000000c T abs
0015a59c 0000007c t currentlocale
0015a618 000007c8 T __loadlocale
0015ade0 0000008c T __get_locale_env
0015ae6c 00000348 T _setlocale_r
0015b1b4 00000024 T __locale_mb_cur_max
0015b1d8 00000028 T setlocale
0015b200 00000004 T putwc
0015b204 00000004 T wcsxfrm
0015b208 000000b8 T __submore
0015b2c0 00000230 T _ungetc_r
0015b4f0 00000028 T ungetc
0015b518 00000060 t sulp
0015b578 00001428 T _strtod_l
0015c9a0 00000044 T _strtod_r
0015c9e4 00000048 T strtod
0015ca30 00000110 T strtof
0015cb40 00000104 T _fwrite_r
0015cc44 00000038 T fwrite
0015cc7c 0000008c T strlen
0015cd08 00000140 t iso_year_adjust
0015ce48 000011d0 t __strftime.isra.0
0015e018 00000038 T wcsftime
0015e050 00000070 T strcat
0015e0c0 000000f4 t rshift
0015e1b4 000008b4 T __gethex
0015ea68 00000078 T strxfrm
0015eae0 000000e4 T putc
0015ebc4 000000d8 T memcmp
0015ec9c 0000001c t stdio_exit_handler
0015ecb8 0000005c t cleanup_stdio
0015ed14 00000154 t global_stdio_init.part.0
0015ee68 0000005c T __sinit
0015eec4 0000000c T __sfp_lock_acquire
0015eed0 0000000c T __sfp_lock_release
0015eedc 000001ec t _strtoul_l.isra.0
0015f0c8 00000038 T _strtoul_r
0015f100 0000003c T strtoul
0015f13c 00000044 T __ascii_mbtowc
0015f180 00000340 T __utf8_mbtowc
0015f4c0 000000dc T __sjis_mbtowc
0015f59c 00000150 T __eucjp_mbtowc
0015f6ec 000001d8 T __jis_mbtowc
0015f8c4 00000084 T __libc_init_array
0015f948 0000009c T strncat
0015f9e4 00000070 T _fwalk_sglue
0015fa54 00000078 T bsearch
0015facc 00000010 T _tzset_unlocked
0015fadc 000000e8 T _ungetwc_r
0015fbc4 00000050 T ungetwc
0015fc14 0000000c T __errno
0015fc20 00000008 T wmemcpy
0015fc28 00000088 T _vsnprintf_r
0015fcb0 00000038 T vsnprintf
0015fce8 000001c8 T _wctype_r
0015feb0 00000020 T wctype
0015fed0 0000000c T labs
0015fedc 00000014 T abort
0015fef0 0000000c T __gettzinfo
0015fefc 000000d8 T getc
0015ffd4 00000044 T strlcpy
00160018 00000034 T fseek
0016004c 00000028 T memalign
00160074 0000000c T __tz_lock
00160080 0000000c T __tz_unlock
0016008c 0000082c T _malloc_r
001608b8 000000e8 T memchr
001609a0 00000068 T strcasecmp
00160a08 000000a0 T _wcrtomb_r
00160aa8 000000a8 T wcrtomb
00160b50 000000f0 T strcpy
00160c40 00000114 T _malloc_trim_r
00160d54 00000314 T _free_r
00161068 00000008 T towupper
00161070 000005e0 t get_arg
00161650 0000345c T _svfprintf_r
00164aac 00000384 t _strtol_l.part.0
00164e30 0000006c T _strtol_r
00164e9c 00000074 T strtol
00164f10 00000048 T wcslcpy
00164f58 0000003c T strnlen
00164f94 00000004 T strcoll
00164f98 00000648 T _tzset_unlocked_r
001655e0 00000040 T malloc
00165620 00000020 T free
00165640 000000a0 T __xpg_strerror_r
001656e0 00000080 T wctob
00165760 00000034 T wcscpy
00165794 000000a0 T sniprintf
00165834 0000022c T __sflush_r
00165a60 000000c4 T _fflush_r
00165b24 00000044 T fflush
00165b68 00000010 T __set_ctype
00165b78 0000007c T btowc
00165bf4 00000040 T mbstowcs
00165c34 000000dc T _findenv_r
00165d10 00000018 T _getenv_r
00165d28 000000c4 T swprintf
00165dec 000000e4 T memset
00165ed0 00000030 T wmemchr
00165f00 000004f0 T _realloc_r
001663f0 00000094 T strncasecmp
00166484 00000334 T _fread_r
001667b8 00000038 T fread
001667f0 0000000c T __malloc_lock
001667fc 0000000c T __malloc_unlock
00166808 00000258 T __tzcalc_limits
00166a60 00000004 W __call_exitprocs
00166a64 00000030 T exit
00166a94 00000294 T setvbuf
00166d28 0000002c T __ascii_wctomb
00166d54 000000f8 T __utf8_wctomb
00166e4c 00000088 T __sjis_wctomb
00166ed4 000000b4 T __eucjp_wctomb
00166f88 000000c8 T __jis_wctomb
00167050 0000002c T wcslen
0016707c 00000068 T __srget_r
001670e4 000000d4 T strncpy
001671b8 00000034 T ftell
001671ec 0000012c T memcpy
00167318 00000024 T wmemset
0016733c 00000028 T _wcsrtombs_r
00167364 00000004 T wcscoll
00167368 000005e0 t get_arg
00167948 0000226c T _svfiprintf_r
00169bb4 00000070 T __match
00169c24 000002a8 T __hexnan
00169ecc 00000008 T towlower
00169ed4 00000078 T sscanf
00169f4c 00000004 T getwc
00169f50 000000c4 T _mbrtowc_r
0016a014 000000b8 T mbrtowc
0016a0cc 00000058 T iswctype
0016a128 00000010 T nan
0016a138 0000000c T nanf
0016a148 00000088 T frexp
0016a1d0 000004a4 T __sfvwrite_r
0016a674 000001f0 T _wcstoul_l
0016a864 00000054 T wcstoul
0016a8b8 00000008 T iswalnum
0016a8c0 00000044 T __sread
0016a904 00000008 T __seofread
0016a90c 00000068 T __swrite
0016a974 00000040 T __sseek
0016a9b4 00000008 T __sclose
0016a9bc 0000009c T _raise_r
0016aa58 00000020 T raise
0016aa78 000000fc T __fputwc
0016ab74 000000b8 T fputwc
0016ac2c 0000000c T __env_lock
0016ac38 0000000c T __env_unlock
0016ac44 0000005c T __assert_func
0016aca0 00000410 T _strerror_r
0016b0b0 00000038 T iswspace_l
0016b0e8 00000088 T _Balloc
0016b170 0000001c T _Bfree
0016b18c 000000f4 T __multadd
0016b280 0000010c T __s2b
0016b38c 00000080 T __hi0bits
0016b40c 000000f0 T __lo0bits
0016b4fc 000000a4 T __i2b
0016b5a0 00000230 T __multiply
0016b7d0 00000130 T __pow5mult
0016b900 00000138 T __lshift
0016ba38 00000058 T __mcmp
0016ba90 00000218 T __mdiff
0016bca8 00000068 T __ulp
0016bd10 000000d4 T __b2d
0016bde4 00000120 T __d2b
0016bf04 00000078 T __ratio
0016bf7c 0000008c T __copybits
0016c008 0000005c T __any_on
0016c064 00000008 T _user_strerror
0016c06c 000000a4 T __ssprint_r
0016c110 00000008 T iswblank
0016c118 00000008 T iswlower
0016c120 0000003c T fiprintf
0016c15c 0000016c T _memalign_r
0016c2c8 00000124 T __swbuf_r
0016c3ec 0000015c T _wcsnrtombs_l
0016c548 00000064 T _wcsnrtombs_r
0016c5ac 0000002c T wcscmp
0016c5d8 00000088 T fgetwc
0016c660 00000008 T iswalpha
0016c668 00000044 T towctrans
0016c6ac 00000588 T _fseeko_r
0016cc34 00000078 T siscanf
0016ccac 00000008 T iswspace
0016ccb4 00000014 T iswdigit
0016ccc8 000000b8 T _mbstowcs_r
0016cd80 00000024 T _localeconv_r
0016cda4 000000d8 T _calloc_r
0016ce7c 00000024 T iswalpha_l
0016cea0 000001c0 t quorem
0016d060 000013f0 T _dtoa_r
0016e450 00000078 T __swbufw_r
0016e4c8 00000008 T iswprint
0016e4d0 0000003c T __libc_fini_array
0016e50c 00000008 T iswcntrl
0016e514 00000090 T category
0016e5a4 00000020 T iswxdigit
0016e5c4 00000038 t lflush
0016e5fc 000001a8 T __srefill_r
0016e7a4 00000164 T __smakebuf_r
0016e908 00000090 T __swhatbuf_r
0016e998 00000288 t wcvt
0016ec20 0000057c t get_arg.isra.0
0016f1a0 00003134 T _svfwprintf_r
001722d4 0000012c T __ssputs_r
00172400 00000008 T iswupper
00172408 00000008 T iswgraph
00172410 000001c4 T _ftello_r
001725d4 00000050 t get_arg
00172624 00002b88 T __ssvfscanf_r
001751ac 00000044 T iswlower_l
001751f0 00000020 T iswblank_l
00175210 00000264 t _strtoull_l.isra.0
00175474 00000038 T _strtoull_r
001754ac 00000038 T iswalnum_l
001754e4 00000008 T iswpunct
001754ec 00000140 T __swsetup_r
0017562c 0000047c t _strtoll_l.isra.0
00175aa8 00000038 T _strtoll_r
00175ae0 000005e0 t get_arg
001760c0 000022f8 T _vfiprintf_r
001783b8 000000b4 t __sbprintf
0017846c 00000050 t get_arg
001784bc 000000e4 T _sungetc_r
001785a0 0000006c T __ssrefill_r
0017860c 000000b4 T _sfread_r
001786c0 000022c4 T __ssvfiscanf_r
0017a984 00000238 T towctrans_l
0017abbc 00000068 T sprintf
0017ac24 000000a4 T __sswprint_r
0017acc8 00000018 T iswprint_l
0017ace0 00000024 T iswcntrl_l
0017ad04 00000044 T iswupper_l
0017ad48 00000030 T __sprint_r
0017ad78 00000028 T realloc
0017ada0 00000024 T iswgraph_l
0017adc4 000000fc T _mbsnrtowcs_r
0017aec0 000000f8 T __sccl
0017afb8 00000020 T iswpunct_l
0017afd8 00000040 T mbrlen
0017b018 000000dc T stpncpy
0017b0f4 00000020 T _exit
0017b114 00000140 T chdir
0017b254 000001c8 T _concatenate_path
0017b41c 0000009c T _fstat_r
0017b4b8 00000014 T _getpid_r
0017b4cc 0000002c T __getreent
0017b4f8 00000058 T __get_handle
0017b550 00000110 T _close_r
0017b660 00000008 t null_write
0017b668 00000018 T setDefaultDevice
0017b680 000000c4 T FindDevice
0017b744 00000028 T RemoveDevice
0017b76c 00000098 T AddDevice
0017b804 00000020 T GetDeviceOpTab
0017b824 00000008 T _isatty_r
0017b82c 00000014 T _kill_r
0017b840 00000094 T _lseek_r
0017b8d4 00000040 T nanosleep
0017b914 00000094 T _read_r
0017b9a8 00000078 W _sbrk_r
0017ba20 0000001c T __libc_lock_acquire
0017ba3c 0000001c T __libc_lock_release
0017ba58 0000001c T __libc_lock_acquire_recursive
0017ba74 0000001c T __libc_lock_release_recursive
0017ba90 00000094 T _write_r
0017bb24 00000048 T strrchr
0017bb6c T _fini
0017c424 r .LC11
0017c424 r .LC11
0017c424 r .LC16
0017c424 r .LC16
0017c430 r .LC12
0017c430 r .LC12
0017c430 r .LC17
0017c430 r .LC17
0017c438 r .LC13
0017c438 r .LC13
0017c438 r .LC18
0017c438 r .LC18
0017d204 r .LC2
0017d3b4 00000080 r dotab_stdout
0017d434 00000018 r grayScale
0017d44c 00000006 r colorCube
0017d454 00000030 r colorTable
0017d4a0 00000008 r morton_y.2
0017d4a8 00000008 r morton_x.3
0017d4b0 00000008 r s_sleepWakeEvents.4
0017d4b8 0000000c r serviceNameTable.5
0017d4c4 R default_font_bin
0017dcc4 R default_font_bin_end
0017dcc4 00000030 r error_table
0017dcf4 00000080 r archive_devoptab
0017dd74 00000012 R typeinfo name for std::locale::facet
0017dd88 00000008 R typeinfo for std::locale::facet
0017dd90 00000027 V typeinfo name for __gnu_cxx::__concurrence_lock_error
0017ddb8 0000000c V typeinfo for __gnu_cxx::__concurrence_lock_error
0017ddc4 00000029 V typeinfo name for __gnu_cxx::__concurrence_unlock_error
0017ddf0 0000000c V typeinfo for __gnu_cxx::__concurrence_unlock_error
0017ddfc 00000014 V vtable for __gnu_cxx::__concurrence_lock_error
0017de10 00000014 V vtable for __gnu_cxx::__concurrence_unlock_error
0017de24 00000002 R std::locale::facet::_S_c_name
0017de54 00000020 r typeinfo for std::__facet_shims::(anonymous namespace)::numpunct_shim<char>
0017de74 00000035 r typeinfo name for std::__facet_shims::(anonymous namespace)::numpunct_shim<char>
0017deac 00000020 r typeinfo for std::__facet_shims::(anonymous namespace)::collate_shim<char>
0017decc 00000034 r typeinfo name for std::__facet_shims::(anonymous namespace)::collate_shim<char>
0017df00 00000020 r typeinfo for std::__facet_shims::(anonymous namespace)::moneypunct_shim<char, true>
0017df20 0000003b r typeinfo name for std::__facet_shims::(anonymous namespace)::moneypunct_shim<char, true>
0017df5c 00000020 r typeinfo for std::__facet_shims::(anonymous namespace)::moneypunct_shim<char, false>
0017df7c 0000003b r typeinfo name for std::__facet_shims::(anonymous namespace)::moneypunct_shim<char, false>
0017dfb8 00000020 r typeinfo for std::__facet_shims::(anonymous namespace)::money_get_shim<char>
0017dfd8 00000036 r typeinfo name for std::__facet_shims::(anonymous namespace)::money_get_shim<char>
0017e010 00000020 r typeinfo for std::__facet_shims::(anonymous namespace)::money_put_shim<char>
0017e030 00000036 r typeinfo name for std::__facet_shims::(anonymous namespace)::money_put_shim<char>
0017e068 00000020 r typeinfo for std::__facet_shims::(anonymous namespace)::messages_shim<char>
0017e088 00000035 r typeinfo name for std::__facet_shims::(anonymous namespace)::messages_shim<char>
0017e0c0 00000020 r typeinfo for std::__facet_shims::(anonymous namespace)::numpunct_shim<wchar_t>
0017e0e0 00000035 r typeinfo name for std::__facet_shims::(anonymous namespace)::numpunct_shim<wchar_t>
0017e118 00000020 r typeinfo for std::__facet_shims::(anonymous namespace)::collate_shim<wchar_t>
0017e138 00000034 r typeinfo name for std::__facet_shims::(anonymous namespace)::collate_shim<wchar_t>
0017e16c 00000020 r typeinfo for std::__facet_shims::(anonymous namespace)::moneypunct_shim<wchar_t, true>
0017e18c 0000003b r typeinfo name for std::__facet_shims::(anonymous namespace)::moneypunct_shim<wchar_t, true>
0017e1c8 00000020 r typeinfo for std::__facet_shims::(anonymous namespace)::moneypunct_shim<wchar_t, false>
0017e1e8 0000003b r typeinfo name for std::__facet_shims::(anonymous namespace)::moneypunct_shim<wchar_t, false>
0017e224 00000020 r typeinfo for std::__facet_shims::(anonymous namespace)::money_get_shim<wchar_t>
0017e244 00000036 r typeinfo name for std::__facet_shims::(anonymous namespace)::money_get_shim<wchar_t>
0017e27c 00000020 r typeinfo for std::__facet_shims::(anonymous namespace)::money_put_shim<wchar_t>
0017e29c 00000036 r typeinfo name for std::__facet_shims::(anonymous namespace)::money_put_shim<wchar_t>
0017e2d4 00000020 r typeinfo for std::__facet_shims::(anonymous namespace)::messages_shim<wchar_t>
0017e2f4 00000035 r typeinfo name for std::__facet_shims::(anonymous namespace)::messages_shim<wchar_t>
0017e32c 00000019 V typeinfo name for std::locale::facet::__shim
0017e348 00000008 V typeinfo for std::locale::facet::__shim
0017e350 00000020 r typeinfo for std::__facet_shims::(anonymous namespace)::time_get_shim<char>
0017e370 00000035 r typeinfo name for std::__facet_shims::(anonymous namespace)::time_get_shim<char>
0017e3a8 00000020 r typeinfo for std::__facet_shims::(anonymous namespace)::time_get_shim<wchar_t>
0017e3c8 00000035 r typeinfo name for std::__facet_shims::(anonymous namespace)::time_get_shim<wchar_t>
0017e400 00000024 r vtable for std::__facet_shims::(anonymous namespace)::numpunct_shim<char>
0017e424 0000001c r vtable for std::__facet_shims::(anonymous namespace)::collate_shim<char>
0017e440 00000034 r vtable for std::__facet_shims::(anonymous namespace)::moneypunct_shim<char, true>
0017e474 00000034 r vtable for std::__facet_shims::(anonymous namespace)::moneypunct_shim<char, false>
0017e4a8 00000018 r vtable for std::__facet_shims::(anonymous namespace)::money_get_shim<char>
0017e4c0 00000018 r vtable for std::__facet_shims::(anonymous namespace)::money_put_shim<char>
0017e4d8 0000001c r vtable for std::__facet_shims::(anonymous namespace)::messages_shim<char>
0017e4f4 00000024 r vtable for std::__facet_shims::(anonymous namespace)::numpunct_shim<wchar_t>
0017e518 0000001c r vtable for std::__facet_shims::(anonymous namespace)::collate_shim<wchar_t>
0017e534 00000034 r vtable for std::__facet_shims::(anonymous namespace)::moneypunct_shim<wchar_t, true>
0017e568 00000034 r vtable for std::__facet_shims::(anonymous namespace)::moneypunct_shim<wchar_t, false>
0017e59c 00000018 r vtable for std::__facet_shims::(anonymous namespace)::money_get_shim<wchar_t>
0017e5b4 00000018 r vtable for std::__facet_shims::(anonymous namespace)::money_put_shim<wchar_t>
0017e5cc 0000001c r vtable for std::__facet_shims::(anonymous namespace)::messages_shim<wchar_t>
0017e5e8 00000028 r vtable for std::__facet_shims::(anonymous namespace)::time_get_shim<char>
0017e610 00000028 r vtable for std::__facet_shims::(anonymous namespace)::time_get_shim<wchar_t>
0017e638 0000000f V typeinfo name for std::ctype_base
0017e648 00000008 V typeinfo for std::ctype_base
0017e650 0000000c V typeinfo name for std::ctype<char>
0017e65c 00000020 V typeinfo for std::ctype<char>
0017e67c 0000000c V typeinfo name for std::ctype<wchar_t>
0017e688 0000000c V typeinfo for std::ctype<wchar_t>
0017e694 00000030 V vtable for std::ctype<char>
0017e6c4 00000040 V vtable for std::ctype<wchar_t>
0017e774 00000020 r typeinfo for std::__facet_shims::(anonymous namespace)::numpunct_shim<char>
0017e794 00000035 r typeinfo name for std::__facet_shims::(anonymous namespace)::numpunct_shim<char>
0017e7cc 00000020 r typeinfo for std::__facet_shims::(anonymous namespace)::collate_shim<char>
0017e7ec 00000034 r typeinfo name for std::__facet_shims::(anonymous namespace)::collate_shim<char>
0017e820 00000020 r typeinfo for std::__facet_shims::(anonymous namespace)::moneypunct_shim<char, true>
0017e840 0000003b r typeinfo name for std::__facet_shims::(anonymous namespace)::moneypunct_shim<char, true>
0017e87c 00000020 r typeinfo for std::__facet_shims::(anonymous namespace)::moneypunct_shim<char, false>
0017e89c 0000003b r typeinfo name for std::__facet_shims::(anonymous namespace)::moneypunct_shim<char, false>
0017e8d8 00000020 r typeinfo for std::__facet_shims::(anonymous namespace)::money_get_shim<char>
0017e8f8 00000036 r typeinfo name for std::__facet_shims::(anonymous namespace)::money_get_shim<char>
0017e930 00000020 r typeinfo for std::__facet_shims::(anonymous namespace)::money_put_shim<char>
0017e950 00000036 r typeinfo name for std::__facet_shims::(anonymous namespace)::money_put_shim<char>
0017e988 00000020 r typeinfo for std::__facet_shims::(anonymous namespace)::messages_shim<char>
0017e9a8 00000035 r typeinfo name for std::__facet_shims::(anonymous namespace)::messages_shim<char>
0017e9e0 00000020 r typeinfo for std::__facet_shims::(anonymous namespace)::numpunct_shim<wchar_t>
0017ea00 00000035 r typeinfo name for std::__facet_shims::(anonymous namespace)::numpunct_shim<wchar_t>
0017ea38 00000020 r typeinfo for std::__facet_shims::(anonymous namespace)::collate_shim<wchar_t>
0017ea58 00000034 r typeinfo name for std::__facet_shims::(anonymous namespace)::collate_shim<wchar_t>
0017ea8c 00000020 r typeinfo for std::__facet_shims::(anonymous namespace)::moneypunct_shim<wchar_t, true>
0017eaac 0000003b r typeinfo name for std::__facet_shims::(anonymous namespace)::moneypunct_shim<wchar_t, true>
0017eae8 00000020 r typeinfo for std::__facet_shims::(anonymous namespace)::moneypunct_shim<wchar_t, false>
0017eb08 0000003b r typeinfo name for std::__facet_shims::(anonymous namespace)::moneypunct_shim<wchar_t, false>
0017eb44 00000020 r typeinfo for std::__facet_shims::(anonymous namespace)::money_get_shim<wchar_t>
0017eb64 00000036 r typeinfo name for std::__facet_shims::(anonymous namespace)::money_get_shim<wchar_t>
0017eb9c 00000020 r typeinfo for std::__facet_shims::(anonymous namespace)::money_put_shim<wchar_t>
0017ebbc 00000036 r typeinfo name for std::__facet_shims::(anonymous namespace)::money_put_shim<wchar_t>
0017ebf4 00000020 r typeinfo for std::__facet_shims::(anonymous namespace)::messages_shim<wchar_t>
0017ec14 00000035 r typeinfo name for std::__facet_shims::(anonymous namespace)::messages_shim<wchar_t>
0017ec4c 00000020 r typeinfo for std::__facet_shims::(anonymous namespace)::time_get_shim<char>
0017ec6c 00000035 r typeinfo name for std::__facet_shims::(anonymous namespace)::time_get_shim<char>
0017eca4 00000020 r typeinfo for std::__facet_shims::(anonymous namespace)::time_get_shim<wchar_t>
0017ecc4 00000035 r typeinfo name for std::__facet_shims::(anonymous namespace)::time_get_shim<wchar_t>
0017ecfc 00000024 r vtable for std::__facet_shims::(anonymous namespace)::numpunct_shim<char>
0017ed20 0000001c r vtable for std::__facet_shims::(anonymous namespace)::collate_shim<char>
0017ed3c 00000034 r vtable for std::__facet_shims::(anonymous namespace)::moneypunct_shim<char, true>
0017ed70 00000034 r vtable for std::__facet_shims::(anonymous namespace)::moneypunct_shim<char, false>
0017eda4 00000018 r vtable for std::__facet_shims::(anonymous namespace)::money_get_shim<char>
0017edbc 00000018 r vtable for std::__facet_shims::(anonymous namespace)::money_put_shim<char>
0017edd4 0000001c r vtable for std::__facet_shims::(anonymous namespace)::messages_shim<char>
0017edf0 00000024 r vtable for std::__facet_shims::(anonymous namespace)::numpunct_shim<wchar_t>
0017ee14 0000001c r vtable for std::__facet_shims::(anonymous namespace)::collate_shim<wchar_t>
0017ee30 00000034 r vtable for std::__facet_shims::(anonymous namespace)::moneypunct_shim<wchar_t, true>
0017ee64 00000034 r vtable for std::__facet_shims::(anonymous namespace)::moneypunct_shim<wchar_t, false>
0017ee98 00000018 r vtable for std::__facet_shims::(anonymous namespace)::money_get_shim<wchar_t>
0017eeb0 00000018 r vtable for std::__facet_shims::(anonymous namespace)::money_put_shim<wchar_t>
0017eec8 0000001c r vtable for std::__facet_shims::(anonymous namespace)::messages_shim<wchar_t>
0017eee4 0000002c r vtable for std::__facet_shims::(anonymous namespace)::time_get_shim<char>
0017ef10 0000002c r vtable for std::__facet_shims::(anonymous namespace)::time_get_shim<wchar_t>
0017f004 0000000d V typeinfo name for std::time_base
0017f014 00000008 V typeinfo for std::time_base
0017f01c 0000000f V typeinfo name for std::money_base
0017f02c 00000008 V typeinfo for std::money_base
0017f034 00000012 V typeinfo name for std::messages_base
0017f048 00000008 V typeinfo for std::messages_base
0017f050 00000018 V typeinfo name for std::__cxx11::collate<wchar_t>
0017f068 0000000c V typeinfo for std::__cxx11::collate<wchar_t>
0017f074 00000019 V typeinfo name for std::__cxx11::numpunct<wchar_t>
0017f090 0000000c V typeinfo for std::__cxx11::numpunct<wchar_t>
0017f09c 00000020 V typeinfo name for std::__cxx11::moneypunct<wchar_t, true>
0017f0bc 00000020 V typeinfo for std::__cxx11::moneypunct<wchar_t, true>
0017f0dc 00000020 V typeinfo name for std::__cxx11::moneypunct<wchar_t, false>
0017f0fc 00000020 V typeinfo for std::__cxx11::moneypunct<wchar_t, false>
0017f11c 00000019 V typeinfo name for std::__cxx11::messages<wchar_t>
0017f138 00000020 V typeinfo for std::__cxx11::messages<wchar_t>
0017f158 00000046 V typeinfo name for std::__cxx11::money_get<wchar_t, std::istreambuf_iterator<wchar_t, std::char_traits<wchar_t> > >
0017f1a0 0000000c V typeinfo for std::__cxx11::money_get<wchar_t, std::istreambuf_iterator<wchar_t, std::char_traits<wchar_t> > >
0017f1ac 00000046 V typeinfo name for std::__cxx11::money_put<wchar_t, std::ostreambuf_iterator<wchar_t, std::char_traits<wchar_t> > >
0017f1f4 0000000c V typeinfo for std::__cxx11::money_put<wchar_t, std::ostreambuf_iterator<wchar_t, std::char_traits<wchar_t> > >
0017f200 00000045 V typeinfo name for std::__cxx11::time_get<wchar_t, std::istreambuf_iterator<wchar_t, std::char_traits<wchar_t> > >
0017f248 00000020 V typeinfo for std::__cxx11::time_get<wchar_t, std::istreambuf_iterator<wchar_t, std::char_traits<wchar_t> > >
0017f268 0000001c V vtable for std::__cxx11::collate<wchar_t>
0017f284 00000024 V vtable for std::__cxx11::numpunct<wchar_t>
0017f2a8 00000034 V vtable for std::__cxx11::moneypunct<wchar_t, true>
0017f2dc 00000034 V vtable for std::__cxx11::moneypunct<wchar_t, false>
0017f310 0000001c V vtable for std::__cxx11::messages<wchar_t>
0017f32c 00000018 V vtable for std::__cxx11::money_get<wchar_t, std::istreambuf_iterator<wchar_t, std::char_traits<wchar_t> > >
0017f344 00000018 V vtable for std::__cxx11::money_put<wchar_t, std::ostreambuf_iterator<wchar_t, std::char_traits<wchar_t> > >
0017f35c 0000002c V vtable for std::__cxx11::time_get<wchar_t, std::istreambuf_iterator<wchar_t, std::char_traits<wchar_t> > >
0017f388 00000036 V typeinfo name for __gnu_cxx::stdio_sync_filebuf<char, std::char_traits<char> >
0017f3c0 0000000c V typeinfo for __gnu_cxx::stdio_sync_filebuf<char, std::char_traits<char> >
0017f3cc 00000036 V typeinfo name for __gnu_cxx::stdio_sync_filebuf<wchar_t, std::char_traits<wchar_t> >
0017f404 0000000c V typeinfo for __gnu_cxx::stdio_sync_filebuf<wchar_t, std::char_traits<wchar_t> >
0017f410 00000040 V vtable for __gnu_cxx::stdio_sync_filebuf<char, std::char_traits<char> >
0017f450 00000040 V vtable for __gnu_cxx::stdio_sync_filebuf<wchar_t, std::char_traits<wchar_t> >
0017f490 00000022 V typeinfo name for std::basic_ios<char, std::char_traits<char> >
0017f4b4 0000000c V typeinfo for std::basic_ios<char, std::char_traits<char> >
0017f4c0 00000022 V typeinfo name for std::basic_ios<wchar_t, std::char_traits<wchar_t> >
0017f4e4 0000000c V typeinfo for std::basic_ios<wchar_t, std::char_traits<wchar_t> >
0017f4f0 00000010 V vtable for std::basic_ios<char, std::char_traits<char> >
0017f500 00000010 V vtable for std::basic_ios<wchar_t, std::char_traits<wchar_t> >
0017f510 0000000c R typeinfo name for std::ios_base
0017f51c 00000008 R typeinfo for std::ios_base
0017f524 00000010 R vtable for std::ios_base
0017f534 00000003 V typeinfo name for std::istream
0017f538 00000018 V typeinfo for std::istream
0017f550 00000027 V typeinfo name for std::basic_istream<wchar_t, std::char_traits<wchar_t> >
0017f578 00000018 V typeinfo for std::basic_istream<wchar_t, std::char_traits<wchar_t> >
0017f590 00000008 V VTT for std::istream
0017f598 00000028 V vtable for std::istream
0017f5c0 00000008 V VTT for std::basic_istream<wchar_t, std::char_traits<wchar_t> >
0017f5c8 00000028 V vtable for std::basic_istream<wchar_t, std::char_traits<wchar_t> >
0017f6b8 00000011 V typeinfo name for std::codecvt_base
0017f6cc 00000008 V typeinfo for std::codecvt_base
0017f6d4 0000000e V typeinfo name for std::collate<char>
0017f6e4 0000000c V typeinfo for std::collate<char>
0017f6f0 0000000f V typeinfo name for std::numpunct<char>
0017f700 0000000c V typeinfo for std::numpunct<char>
0017f70c 0000003a V typeinfo name for std::num_get<char, std::istreambuf_iterator<char, std::char_traits<char> > >
0017f748 0000000c V typeinfo for std::num_get<char, std::istreambuf_iterator<char, std::char_traits<char> > >
0017f754 0000003a V typeinfo name for std::num_put<char, std::ostreambuf_iterator<char, std::char_traits<char> > >
0017f790 0000000c V typeinfo for std::num_put<char, std::ostreambuf_iterator<char, std::char_traits<char> > >
0017f79c 00000019 V typeinfo name for std::__timepunct_cache<char>
0017f7b8 0000000c V typeinfo for std::__timepunct_cache<char>
0017f7c4 00000013 V typeinfo name for std::__timepunct<char>
0017f7d8 0000000c V typeinfo for std::__timepunct<char>
0017f7e4 00000016 V typeinfo name for std::moneypunct<char, true>
0017f7fc 00000020 V typeinfo for std::moneypunct<char, true>
0017f81c 00000016 V typeinfo name for std::moneypunct<char, false>
0017f834 00000020 V typeinfo for std::moneypunct<char, false>
0017f854 0000000f V typeinfo name for std::messages<char>
0017f864 00000020 V typeinfo for std::messages<char>
0017f884 0000002c V typeinfo name for std::__codecvt_abstract_base<char, char, _mbstate_t>
0017f8b0 00000020 V typeinfo for std::__codecvt_abstract_base<char, char, _mbstate_t>
0017f8d0 0000003c V typeinfo name for std::money_get<char, std::istreambuf_iterator<char, std::char_traits<char> > >
0017f90c 0000000c V typeinfo for std::money_get<char, std::istreambuf_iterator<char, std::char_traits<char> > >
0017f918 0000003c V typeinfo name for std::money_put<char, std::ostreambuf_iterator<char, std::char_traits<char> > >
0017f954 0000000c V typeinfo for std::money_put<char, std::ostreambuf_iterator<char, std::char_traits<char> > >
0017f960 0000003b V typeinfo name for std::time_put<char, std::ostreambuf_iterator<char, std::char_traits<char> > >
0017f99c 0000000c V typeinfo for std::time_put<char, std::ostreambuf_iterator<char, std::char_traits<char> > >
0017f9a8 0000003b V typeinfo name for std::time_get<char, std::istreambuf_iterator<char, std::char_traits<char> > >
0017f9e4 00000020 V typeinfo for std::time_get<char, std::istreambuf_iterator<char, std::char_traits<char> > >
0017fa04 0000001e V typeinfo name for std::__moneypunct_cache<char, false>
0017fa24 0000000c V typeinfo for std::__moneypunct_cache<char, false>
0017fa30 0000001e V typeinfo name for std::__moneypunct_cache<char, true>
0017fa50 0000000c V typeinfo for std::__moneypunct_cache<char, true>
0017fa5c 00000018 V typeinfo name for std::__numpunct_cache<char>
0017fa74 0000000c V typeinfo for std::__numpunct_cache<char>
0017fa80 0000001c V vtable for std::collate<char>
0017fa9c 00000024 V vtable for std::numpunct<char>
0017fac0 0000003c V vtable for std::num_get<char, std::istreambuf_iterator<char, std::char_traits<char> > >
0017fafc 00000030 V vtable for std::num_put<char, std::ostreambuf_iterator<char, std::char_traits<char> > >
0017fb2c 00000010 V vtable for std::__timepunct_cache<char>
0017fb3c 00000010 V vtable for std::__timepunct<char>
0017fb4c 00000034 V vtable for std::moneypunct<char, true>
0017fb80 00000034 V vtable for std::moneypunct<char, false>
0017fbb4 0000001c V vtable for std::messages<char>
0017fbd0 0000002c V vtable for std::__codecvt_abstract_base<char, char, _mbstate_t>
0017fbfc 00000018 V vtable for std::money_get<char, std::istreambuf_iterator<char, std::char_traits<char> > >
0017fc14 00000018 V vtable for std::money_put<char, std::ostreambuf_iterator<char, std::char_traits<char> > >
0017fc2c 00000014 V vtable for std::time_put<char, std::ostreambuf_iterator<char, std::char_traits<char> > >
0017fc40 00000028 V vtable for std::time_get<char, std::istreambuf_iterator<char, std::char_traits<char> > >
0017fc68 00000010 V vtable for std::__moneypunct_cache<char, false>
0017fc78 00000010 V vtable for std::__moneypunct_cache<char, true>
0017fc88 00000010 V vtable for std::__numpunct_cache<char>
0017fc98 00000088 R std::locale::_S_twinned_facets
0017fd20 00000003 V typeinfo name for std::ostream
0017fd24 00000018 V typeinfo for std::ostream
0017fd3c 00000027 V typeinfo name for std::basic_ostream<wchar_t, std::char_traits<wchar_t> >
0017fd64 00000018 V typeinfo for std::basic_ostream<wchar_t, std::char_traits<wchar_t> >
0017fd7c 00000008 V VTT for std::ostream
0017fd84 00000028 V vtable for std::ostream
0017fdac 00000008 V VTT for std::basic_ostream<wchar_t, std::char_traits<wchar_t> >
0017fdb4 00000028 V vtable for std::basic_ostream<wchar_t, std::char_traits<wchar_t> >
0017fddc 00000029 V typeinfo name for std::basic_streambuf<char, std::char_traits<char> >
0017fe08 00000008 V typeinfo for std::basic_streambuf<char, std::char_traits<char> >
0017fe10 00000029 V typeinfo name for std::basic_streambuf<wchar_t, std::char_traits<wchar_t> >
0017fe3c 00000008 V typeinfo for std::basic_streambuf<wchar_t, std::char_traits<wchar_t> >
0017fe44 00000040 V vtable for std::basic_streambuf<char, std::char_traits<char> >
0017fe84 00000040 V vtable for std::basic_streambuf<wchar_t, std::char_traits<wchar_t> >
0017fec4 00000019 R typeinfo name for std::_V2::error_category
0017fee0 00000008 R typeinfo for std::_V2::error_category
0017fee8 00000011 R typeinfo name for std::system_error
0017fefc 0000000c R typeinfo for std::system_error
0017ff08 0000000c r typeinfo for (anonymous namespace)::generic_error_category
0017ff14 0000002a r typeinfo name for (anonymous namespace)::generic_error_category
0017ff40 00000014 R vtable for std::system_error
0017ff54 00000028 r vtable for (anonymous namespace)::generic_error_category
00180044 0000000e V typeinfo name for std::collate<wchar_t>
00180054 0000000c V typeinfo for std::collate<wchar_t>
00180060 0000001d V typeinfo name for std::__ctype_abstract_base<wchar_t>
00180080 00000020 V typeinfo for std::__ctype_abstract_base<wchar_t>
001800a0 0000000f V typeinfo name for std::numpunct<wchar_t>
001800b0 0000000c V typeinfo for std::numpunct<wchar_t>
001800bc 0000003a V typeinfo name for std::num_get<wchar_t, std::istreambuf_iterator<wchar_t, std::char_traits<wchar_t> > >
001800f8 0000000c V typeinfo for std::num_get<wchar_t, std::istreambuf_iterator<wchar_t, std::char_traits<wchar_t> > >
00180104 0000003a V typeinfo name for std::num_put<wchar_t, std::ostreambuf_iterator<wchar_t, std::char_traits<wchar_t> > >
00180140 0000000c V typeinfo for std::num_put<wchar_t, std::ostreambuf_iterator<wchar_t, std::char_traits<wchar_t> > >
0018014c 00000019 V typeinfo name for std::__timepunct_cache<wchar_t>
00180168 0000000c V typeinfo for std::__timepunct_cache<wchar_t>
00180174 00000013 V typeinfo name for std::__timepunct<wchar_t>
00180188 0000000c V typeinfo for std::__timepunct<wchar_t>
00180194 00000016 V typeinfo name for std::moneypunct<wchar_t, true>
001801ac 00000020 V typeinfo for std::moneypunct<wchar_t, true>
001801cc 00000016 V typeinfo name for std::moneypunct<wchar_t, false>
001801e4 00000020 V typeinfo for std::moneypunct<wchar_t, false>
00180204 0000000f V typeinfo name for std::messages<wchar_t>
00180214 00000020 V typeinfo for std::messages<wchar_t>
00180234 0000002c V typeinfo name for std::__codecvt_abstract_base<wchar_t, char, _mbstate_t>
00180260 00000020 V typeinfo for std::__codecvt_abstract_base<wchar_t, char, _mbstate_t>
00180280 0000003c V typeinfo name for std::money_get<wchar_t, std::istreambuf_iterator<wchar_t, std::char_traits<wchar_t> > >
001802bc 0000000c V typeinfo for std::money_get<wchar_t, std::istreambuf_iterator<wchar_t, std::char_traits<wchar_t> > >
001802c8 0000003c V typeinfo name for std::money_put<wchar_t, std::ostreambuf_iterator<wchar_t, std::char_traits<wchar_t> > >
00180304 0000000c V typeinfo for std::money_put<wchar_t, std::ostreambuf_iterator<wchar_t, std::char_traits<wchar_t> > >
00180310 0000003b V typeinfo name for std::time_put<wchar_t, std::ostreambuf_iterator<wchar_t, std::char_traits<wchar_t> > >
0018034c 0000000c V typeinfo for std::time_put<wchar_t, std::ostreambuf_iterator<wchar_t, std::char_traits<wchar_t> > >
00180358 0000003b V typeinfo name for std::time_get<wchar_t, std::istreambuf_iterator<wchar_t, std::char_traits<wchar_t> > >
00180394 00000020 V typeinfo for std::time_get<wchar_t, std::istreambuf_iterator<wchar_t, std::char_traits<wchar_t> > >
001803b4 0000001e V typeinfo name for std::__moneypunct_cache<wchar_t, false>
001803d4 0000000c V typeinfo for std::__moneypunct_cache<wchar_t, false>
001803e0 0000001e V typeinfo name for std::__moneypunct_cache<wchar_t, true>
00180400 0000000c V typeinfo for std::__moneypunct_cache<wchar_t, true>
0018040c 00000018 V typeinfo name for std::__numpunct_cache<wchar_t>
00180424 0000000c V typeinfo for std::__numpunct_cache<wchar_t>
00180430 0000001c V vtable for std::collate<wchar_t>
0018044c 00000040 V vtable for std::__ctype_abstract_base<wchar_t>
0018048c 00000024 V vtable for std::numpunct<wchar_t>
001804b0 0000003c V vtable for std::num_get<wchar_t, std::istreambuf_iterator<wchar_t, std::char_traits<wchar_t> > >
001804ec 00000030 V vtable for std::num_put<wchar_t, std::ostreambuf_iterator<wchar_t, std::char_traits<wchar_t> > >
0018051c 00000010 V vtable for std::__timepunct_cache<wchar_t>
0018052c 00000010 V vtable for std::__timepunct<wchar_t>
0018053c 00000034 V vtable for std::moneypunct<wchar_t, true>
00180570 00000034 V vtable for std::moneypunct<wchar_t, false>
001805a4 0000001c V vtable for std::messages<wchar_t>
001805c0 0000002c V vtable for std::__codecvt_abstract_base<wchar_t, char, _mbstate_t>
001805ec 00000018 V vtable for std::money_get<wchar_t, std::istreambuf_iterator<wchar_t, std::char_traits<wchar_t> > >
00180604 00000018 V vtable for std::money_put<wchar_t, std::ostreambuf_iterator<wchar_t, std::char_traits<wchar_t> > >
0018061c 00000014 V vtable for std::time_put<wchar_t, std::ostreambuf_iterator<wchar_t, std::char_traits<wchar_t> > >
00180630 00000028 V vtable for std::time_get<wchar_t, std::istreambuf_iterator<wchar_t, std::char_traits<wchar_t> > >
00180658 00000010 V vtable for std::__moneypunct_cache<wchar_t, false>
00180668 00000010 V vtable for std::__moneypunct_cache<wchar_t, true>
00180678 00000010 V vtable for std::__numpunct_cache<wchar_t>
00180688 0000000d R typeinfo name for std::bad_alloc
00180698 0000000c R typeinfo for std::bad_alloc
001806a4 00000014 R vtable for std::bad_alloc
001806b8 00000019 R typeinfo name for std::bad_array_new_length
001806d4 0000000c R typeinfo for std::bad_array_new_length
001806e0 00000014 R vtable for std::bad_array_new_length
001806f4 0000000c R typeinfo name for std::bad_cast
00180700 0000000c R typeinfo for std::bad_cast
0018070c 00000014 R vtable for std::bad_cast
00180720 00000022 R typeinfo name for __cxxabiv1::__class_type_info
00180744 0000000c R typeinfo for __cxxabiv1::__class_type_info
00180750 0000002c R vtable for __cxxabiv1::__class_type_info
0018077c 0000000d R typeinfo name for std::exception
0018078c 00000008 R typeinfo for std::exception
00180794 00000012 R typeinfo name for std::bad_exception
001807a8 0000000c R typeinfo for std::bad_exception
001807b4 00000020 R typeinfo name for __cxxabiv1::__forced_unwind
001807d4 00000008 R typeinfo for __cxxabiv1::__forced_unwind
001807dc 00000024 R typeinfo name for __cxxabiv1::__foreign_exception
00180800 00000008 R typeinfo for __cxxabiv1::__foreign_exception
00180808 00000014 R vtable for std::bad_exception
00180830 0000002c V typeinfo name for __gnu_cxx::__concurrence_broadcast_error
0018085c 0000000c V typeinfo for __gnu_cxx::__concurrence_broadcast_error
00180868 00000027 V typeinfo name for __gnu_cxx::__concurrence_wait_error
00180890 0000000c V typeinfo for __gnu_cxx::__concurrence_wait_error
0018089c 00000014 V vtable for __gnu_cxx::__concurrence_broadcast_error
001808b0 00000014 V vtable for __gnu_cxx::__concurrence_wait_error
001808c4 00000023 R typeinfo name for __gnu_cxx::recursive_init_error
001808e8 0000000c R typeinfo for __gnu_cxx::recursive_init_error
001808f4 00000014 R vtable for __gnu_cxx::recursive_init_error
00180908 00000001 R std::nothrow
0018090c 00000025 R typeinfo name for __cxxabiv1::__si_class_type_info
00180934 0000000c R typeinfo for __cxxabiv1::__si_class_type_info
00180940 0000002c R vtable for __cxxabiv1::__si_class_type_info
0018096c 0000000d R typeinfo name for std::type_info
0018097c 00000008 R typeinfo for std::type_info
00180984 00000026 R typeinfo name for __cxxabiv1::__vmi_class_type_info
001809ac 0000000c R typeinfo for __cxxabiv1::__vmi_class_type_info
001809b8 0000002c R vtable for __cxxabiv1::__vmi_class_type_info
001809e4 0000001b V typeinfo name for std::codecvt<char, char, _mbstate_t>
00180a00 0000000c V typeinfo for std::codecvt<char, char, _mbstate_t>
00180a0c 0000001b V typeinfo name for std::codecvt<wchar_t, char, _mbstate_t>
00180a28 0000000c V typeinfo for std::codecvt<wchar_t, char, _mbstate_t>
00180a34 0000002c V vtable for std::codecvt<char, char, _mbstate_t>
00180a60 0000002c V vtable for std::codecvt<wchar_t, char, _mbstate_t>
00180a8c 00000034 r std::(anonymous namespace)::mon_yday
00180ac0 00000004 R std::money_base::_S_default_pattern
0018124c 00000010 R typeinfo name for std::logic_error
0018125c 0000000c R typeinfo for std::logic_error
00181268 00000011 R typeinfo name for std::length_error
0018127c 0000000c R typeinfo for std::length_error
00181288 00000011 R typeinfo name for std::out_of_range
0018129c 0000000c R typeinfo for std::out_of_range
001812a8 00000012 R typeinfo name for std::runtime_error
001812bc 0000000c R typeinfo for std::runtime_error
001812c8 00000014 R vtable for std::logic_error
001812dc 00000014 R vtable for std::length_error
001812f0 00000014 R vtable for std::out_of_range
00181304 00000014 R vtable for std::runtime_error
00181318 0000002d V typeinfo name for std::__codecvt_abstract_base<char16_t, char, _mbstate_t>
00181348 00000020 V typeinfo for std::__codecvt_abstract_base<char16_t, char, _mbstate_t>
00181368 0000001c V typeinfo name for std::codecvt<char16_t, char, _mbstate_t>
00181384 0000000c V typeinfo for std::codecvt<char16_t, char, _mbstate_t>
00181390 0000002d V typeinfo name for std::__codecvt_abstract_base<char32_t, char, _mbstate_t>
001813c0 00000020 V typeinfo for std::__codecvt_abstract_base<char32_t, char, _mbstate_t>
001813e0 0000001c V typeinfo name for std::codecvt<char32_t, char, _mbstate_t>
001813fc 0000000c V typeinfo for std::codecvt<char32_t, char, _mbstate_t>
00181408 0000002e V typeinfo name for std::__codecvt_abstract_base<char16_t, char8_t, _mbstate_t>
00181438 00000020 V typeinfo for std::__codecvt_abstract_base<char16_t, char8_t, _mbstate_t>
00181458 0000001d V typeinfo name for std::codecvt<char16_t, char8_t, _mbstate_t>
00181478 0000000c V typeinfo for std::codecvt<char16_t, char8_t, _mbstate_t>
00181484 0000002e V typeinfo name for std::__codecvt_abstract_base<char32_t, char8_t, _mbstate_t>
001814b4 00000020 V typeinfo for std::__codecvt_abstract_base<char32_t, char8_t, _mbstate_t>
001814d4 0000001d V typeinfo name for std::codecvt<char32_t, char8_t, _mbstate_t>
001814f4 0000000c V typeinfo for std::codecvt<char32_t, char8_t, _mbstate_t>
00181500 0000002c V vtable for std::__codecvt_abstract_base<char16_t, char, _mbstate_t>
0018152c 0000002c V vtable for std::codecvt<char16_t, char, _mbstate_t>
00181558 0000002c V vtable for std::__codecvt_abstract_base<char32_t, char, _mbstate_t>
00181584 0000002c V vtable for std::codecvt<char32_t, char, _mbstate_t>
001815b0 0000002c V vtable for std::__codecvt_abstract_base<char16_t, char8_t, _mbstate_t>
001815dc 0000002c V vtable for std::codecvt<char16_t, char8_t, _mbstate_t>
00181608 0000002c V vtable for std::__codecvt_abstract_base<char32_t, char8_t, _mbstate_t>
00181634 0000002c V vtable for std::codecvt<char32_t, char8_t, _mbstate_t>
00181660 0000001d R typeinfo name for std::ios_base::failure[abi:cxx11]
00181680 0000000c R typeinfo for std::ios_base::failure[abi:cxx11]
0018168c 00000012 V typeinfo name for std::__ios_failure
001816a0 0000000c V typeinfo for std::__ios_failure
001816ac 00000018 R typeinfo name for std::__iosfail_type_info
001816c4 00000018 R typeinfo for std::__iosfail_type_info
001816dc 00000014 R vtable for std::ios_base::failure[abi:cxx11]
001816f0 00000014 V vtable for std::__ios_failure
00181704 0000002c R vtable for std::__iosfail_type_info
001817f0 00000018 V typeinfo name for std::__cxx11::collate<char>
00181808 0000000c V typeinfo for std::__cxx11::collate<char>
00181814 00000019 V typeinfo name for std::__cxx11::numpunct<char>
00181830 0000000c V typeinfo for std::__cxx11::numpunct<char>
0018183c 00000020 V typeinfo name for std::__cxx11::moneypunct<char, true>
0018185c 00000020 V typeinfo for std::__cxx11::moneypunct<char, true>
0018187c 00000020 V typeinfo name for std::__cxx11::moneypunct<char, false>
0018189c 00000020 V typeinfo for std::__cxx11::moneypunct<char, false>
001818bc 00000019 V typeinfo name for std::__cxx11::messages<char>
001818d8 00000020 V typeinfo for std::__cxx11::messages<char>
001818f8 00000046 V typeinfo name for std::__cxx11::money_get<char, std::istreambuf_iterator<char, std::char_traits<char> > >
00181940 0000000c V typeinfo for std::__cxx11::money_get<char, std::istreambuf_iterator<char, std::char_traits<char> > >
0018194c 00000046 V typeinfo name for std::__cxx11::money_put<char, std::ostreambuf_iterator<char, std::char_traits<char> > >
00181994 0000000c V typeinfo for std::__cxx11::money_put<char, std::ostreambuf_iterator<char, std::char_traits<char> > >
001819a0 00000045 V typeinfo name for std::__cxx11::time_get<char, std::istreambuf_iterator<char, std::char_traits<char> > >
001819e8 00000020 V typeinfo for std::__cxx11::time_get<char, std::istreambuf_iterator<char, std::char_traits<char> > >
00181a08 0000001c V vtable for std::__cxx11::collate<char>
00181a24 00000024 V vtable for std::__cxx11::numpunct<char>
00181a48 00000034 V vtable for std::__cxx11::moneypunct<char, true>
00181a7c 00000034 V vtable for std::__cxx11::moneypunct<char, false>
00181ab0 0000001c V vtable for std::__cxx11::messages<char>
00181acc 00000018 V vtable for std::__cxx11::money_get<char, std::istreambuf_iterator<char, std::char_traits<char> > >
00181ae4 00000018 V vtable for std::__cxx11::money_put<char, std::ostreambuf_iterator<char, std::char_traits<char> > >
00181afc 0000002c V vtable for std::__cxx11::time_get<char, std::istreambuf_iterator<char, std::char_traits<char> > >
00181b28 0000000c r typeinfo for (anonymous namespace)::io_error_category
00181b34 00000025 r typeinfo name for (anonymous namespace)::io_error_category
00181b5c 00000028 r vtable for (anonymous namespace)::io_error_category
00181b84 00000016 R typeinfo name for std::ios_base::failure
00181b9c 0000000c R typeinfo for std::ios_base::failure
00181ba8 00000014 R vtable for std::ios_base::failure
00181cb8 0000001c r categories
00181d38 00000014 r fpinan.0
00181d4c 00000014 r fpi.1
00181d60 00000028 r tinytens
00181e34 00000100 R __hexdig
00181f6c 00000048 r JIS_action_table
00181fb4 00000048 r JIS_state_table
00182140 00000010 r zeroes.0
00182150 00000010 r blanks.1
00182160 00000101 R _ctype_
0018234c 00000010 r zeroes.0
0018235c 00000010 r blanks.1
0018236c 0000006c R __action_table
001823d8 0000006c R __state_table
00182444 00000100 R __chclass
00182544 000000fc R _C_time_locale
001826dc 0000000c r p05.0
001826e8 00000028 R __mprec_bigtens
00182710 000000c8 R __mprec_tens
001827d8 00000060 R __month_lengths
00182840 000035dc r categories
00185ee8 00000040 r zeroes.0
00185f28 00000040 r blanks.1
0018607c 00000022 r basefix.0
00186188 00000010 r zeroes.0
00186198 00000010 r blanks.1
00186228 00000022 r basefix.0
0018624c 00000080 R dotab_stdnull
001862cc R __tdata_align
001862d0 r __EH_FRAME_BEGIN__
00188684 R __exidx_start
001898ac R __exidx_end
0018a000 00000001 d firstConsoleInit.0
0018a004 00000004 D currentConsole
0018a008 00000048 D defaultConsole
0018a050 00000004 d aptChainloadDeliverArgSize
0018a054 00000004 d kCount
0018a058 00000004 d kInterval
0018a05c 00000004 d kDelay
0018a060 W __stacksize__
0018a064 00000001 D std::ios_base::Init::_S_synced_with_stdio
0018a068 00000004 d (anonymous namespace)::generic_category_instance
0018a06c 00000004 D __cxxabiv1::__unexpected_handler
0018a070 00000004 D std::__num_base::_S_atoms_out
0018a074 00000004 D std::__num_base::_S_atoms_in
0018a078 00000004 D std::money_base::_S_atoms
0018a07c 00000038 D std::__timepunct_cache<wchar_t>::_S_timezones
0018a0b4 00000038 D std::__timepunct_cache<char>::_S_timezones
0018a0ec 00000004 d (anonymous namespace)::io_category_instance
0018a0f0 00000004 D __cxxabiv1::__terminate_handler
0018a0f4 000000e7 d global_locale_string
0018a1dc 0000016c D __global_locale
0018a348 00000020 D __default_locale
0018a368 0000000c D __sglue
0018a378 00000058 d tzinfo
0018a3d0 00000004 D __malloc_sbrk_base
0018a3d4 00000004 D __malloc_trim_threshold
0018a3d8 00000408 D __malloc_av_
0018a7e0 00000004 D _impure_ptr
0018a7e8 00000140 D _impure_data
0018a928 00000008 D _tzname
0018a930 00000004 D environ
0018a934 000007b0 d caseconv_table
0018b0e4 00000400 d _current_working_directory
0018b4e8 00001000 d handles
0018c4e8 0000000c d __stderr_handle
0018c4f4 0000000c d __stdout_handle
0018c500 0000000c d __stdin_handle
0018c50c 0000008c D devoptab_list
0018c598 00000004 d defaultDevice
0018c5a4 d _GLOBAL_OFFSET_TABLE_
0018c5b0 D __init_array_start
0018c5b0 B __preinit_array_end
0018c5b0 B __preinit_array_start
0018c5b0 D __tdata_lma
0018c5b0 D __tdata_lma_end
0018c5b4 d __frame_dummy_init_array_entry
0018c5d4 d __do_global_dtors_aux_fini_array_entry
0018c5d4 D __fini_array_start
0018c5d4 D __init_array_end
0018c5e4 D __bss_start__
0018c5e4 D __fini_array_end
0018c5e4 00000048 B topScreen
0018c62c 00000048 B bottomScreen
0018c674 00000001 B waitForPress
0018c675 00000001 B choice
0018c678 00000018 b RED
0018c690 00000018 b RESET
0018c6a8 00000018 b GREEN
0018c6c0 00000018 b YELLOW
0018c6d8 00000018 b BLUE
0018c6f0 00000018 b MAGENTA
0018c708 00000018 b CYAN
0018c720 b completed.1
0018c724 b object.0
0018c73c 00000064 b escapeSeq
0018c7a0 00000048 B currentCopy
0018c7e8 00000004 b screenAlloc
0018c7ec 00000004 b screenFree
0018c7f0 00000002 b gfxIsDoubleBuf
0018c7f4 00000002 b gfxCurBuf
0018c7f6 00000001 b gfxIsVram
0018c7f7 00000001 b gfxTopMode
0018c7f8 00000002 b gfxFramebufferFormats
0018c7fc 00000004 b gfxBottomFramebufferMaxSize
0018c800 00000004 b gfxTopFramebufferMaxSize
0018c808 00000008 b gfxBottomFramebuffers
0018c810 00000008 b gfxTopFramebuffers
0018c818 00000001 b flagValue.0
0018c819 00000001 b flagInit.1
0018c81c 00000004 b serviceName.6
0018c820 00000001 b aptChainloadFlags
0018c821 00000001 b aptChainloadMediatype
0018c824 00000020 b aptChainloadHmac
0018c844 00000300 b aptChainloadDeliverArg
0018cb48 00000008 b aptChainloadTid
0018cb50 00001000 b aptParameters
0018db50 00000004 b aptFlags
0018db54 00000001 b aptHomeButtonState
0018db58 00000004 b aptMessageFuncData
0018db5c 00000004 b aptMessageFunc
0018db60 0000000c b aptFirstHook
0018db6c 00000001 b aptEventHandlerThreadQuit
0018db70 00000004 b aptEventHandlerThread
0018db74 00000008 b aptSleepEvent
0018db7c 00000008 b aptReceiveEvent
0018db84 00000008 b aptEvents
0018db8c 00000004 b aptLockHandle
0018db90 00000004 b aptRefCount
0018db94 00000007 b gspEventCbOneShot
0018db9c 0000001c b gspEventCbData
0018dbb8 0000001c b gspEventCb
0018dbd4 00000038 b gspEvents
0018dc0c 00000004 b gspLastEvent
0018dc10 00000001 b gspRunEvents
0018dc14 00000004 b gspEventThread
0018dc18 00000004 b gspEvent
0018dc1c 00000001 b gspGpuRight
0018dc1d 00000001 b gspThreadId
0018dc20 00000004 b gspSharedMem
0018dc24 00000004 b gspSharedMemHandle
0018dc28 00000004 b gspRefCount
0018dc2c 00000004 b gspGpuHandle
0018dc30 00000001 b usingIrrst
0018dc34 00000004 b hidRefCount
0018dc38 00000006 b gRate
0018dc40 00000006 b aVec
0018dc48 00000004 b cPos
0018dc4c 00000004 b tPos
0018dc50 00000004 b kRepeat
0018dc54 00000004 b kUp
0018dc58 00000004 b kDown
0018dc5c 00000004 b kHeld
0018dc60 00000004 b kOld
0018dc64 00000004 B hidSharedMem
0018dc68 00000014 B hidEvents
0018dc7c 00000004 B hidMemHandle
0018dc80 00000004 B hidHandle
0018dc84 00000004 b irrstRefCount
0018dc88 00000004 b csPos
0018dc8c 00000004 b kHeld
0018dc90 00000004 B irrstSharedMem
0018dc94 00000004 B irrstEvent
0018dc98 00000004 B irrstMemHandle
0018dc9c 00000004 B irrstHandle
0018dca0 00000004 B __system_retAddr
0018dca4 00000004 B __system_argv
0018dca8 00000004 B __system_argc
0018dcac b saved_stack
0018dcb8 00000008 b sLinearPool
0018dcc0 0000000c b sAddrMap
0018dcd0 00000008 b sVramPoolB
0018dcd8 00000008 b sVramPoolA
0018dce0 0000000c b sAddrMap
0018dcec 00000004 B __3dslink_host
0018dcf0 00000001 V __ctru_speedup
0018dcf4 00000004 b srvRefCount
0018dcf8 00000004 b srvHandle
0018dcfc 00000004 b arbiter
0018dd00 00000004 b currentAddr
0018dd04 00000004 b maxAddr
0018dd08 00000004 b minAddr
0018dd0c 00000004 b ptmSysmRefCount
0018dd10 00000004 b ptmSysmHandle
0018dd14 00000004 b srvPmHandle
0018dd18 00000004 V __ctru_linear_heap_size
0018dd1c 00000004 V __ctru_heap_size
0018dd20 00000004 B __ctru_linear_heap
0018dd24 00000004 B __ctru_heap
0018dd28 000005c0 b archive_devices
0018e2e8 00000004 b archive_device_cwd
0018e2ec 00000001 b archive_initialized
0018e2f0 00000080 b fsExemptArchives
0018e370 00000004 b fsuRefCount
0018e374 00000004 b fsuHandle
0018e378 00000028 B __gnu_internal::buf_wcerr_sync
0018e3a0 00000028 B __gnu_internal::buf_wcin_sync
0018e3c8 00000028 B __gnu_internal::buf_wcout_sync
0018e3f0 00000028 B __gnu_internal::buf_cerr_sync
0018e418 00000028 B __gnu_internal::buf_cin_sync
0018e440 00000028 B __gnu_internal::buf_cout_sync
0018e468 00000001 b std::__ioinit
0018e46c 00000090 B std::wclog
0018e4fc 00000090 B std::wcerr
0018e58c 00000090 B std::wcout
0018e61c 00000094 B std::wcin
0018e6b0 0000008c B std::clog
0018e73c 0000008c B std::cerr
0018e7c8 0000008c B std::cout
0018e854 00000090 B std::cin
0018e8e4 00000004 B std::locale::id::_S_refcount
0018e8e8 00000004 B std::locale::facet::_S_once
0018e8ec 00000004 B std::locale::facet::_S_c_locale
0018e8f0 00000004 B std::locale::_S_once
0018e8f4 00000004 B std::locale::_S_global
0018e8f8 00000004 B std::locale::_S_classic
0018e8fc 00000004 b guard variable for (anonymous namespace)::get_locale_cache_mutex()::locale_cache_mutex
0018e900 00000010 b (anonymous namespace)::get_locale_cache_mutex()::locale_cache_mutex
0018e910 00000010 V std::string::_Rep::_S_empty_rep_storage
0018e920 00000010 V std::basic_string<wchar_t, std::char_traits<wchar_t>, std::allocator<wchar_t> >::_Rep::_S_empty_rep_storage
0018e930 00000004 B std::ctype<wchar_t>::id
0018e934 00000004 B std::ctype<char>::id
0018e938 00000004 V guard variable for std::__cxx11::collate<wchar_t>::id
0018e93c 00000004 V guard variable for std::__cxx11::messages<wchar_t>::id
0018e940 00000004 V guard variable for std::__cxx11::time_get<wchar_t, std::istreambuf_iterator<wchar_t, std::char_traits<wchar_t> > >::id
0018e944 00000004 V guard variable for std::__cxx11::numpunct<wchar_t>::id
0018e948 00000004 V guard variable for std::__cxx11::moneypunct<wchar_t, true>::id
0018e94c 00000004 V guard variable for std::__cxx11::moneypunct<wchar_t, false>::id
0018e950 00000004 V guard variable for std::__cxx11::money_put<wchar_t, std::ostreambuf_iterator<wchar_t, std::char_traits<wchar_t> > >::id
0018e954 00000004 V guard variable for std::__cxx11::money_get<wchar_t, std::istreambuf_iterator<wchar_t, std::char_traits<wchar_t> > >::id
0018e958 00000004 V std::__cxx11::collate<wchar_t>::id
0018e95c 00000004 V std::__cxx11::messages<wchar_t>::id
0018e960 00000004 V std::__cxx11::time_get<wchar_t, std::istreambuf_iterator<wchar_t, std::char_traits<wchar_t> > >::id
0018e964 00000004 V std::__cxx11::numpunct<wchar_t>::id
0018e968 00000004 V std::__cxx11::moneypunct<wchar_t, true>::id
0018e96c 00000004 V std::__cxx11::moneypunct<wchar_t, false>::id
0018e970 00000004 V std::__cxx11::money_put<wchar_t, std::ostreambuf_iterator<wchar_t, std::char_traits<wchar_t> > >::id
0018e974 00000004 V std::__cxx11::money_get<wchar_t, std::istreambuf_iterator<wchar_t, std::char_traits<wchar_t> > >::id
0018e978 00000004 B std::ios_base::Init::_S_refcount
0018e97c 00000004 V guard variable for std::collate<char>::id
0018e980 00000004 V guard variable for std::messages<char>::id
0018e984 00000004 V guard variable for std::time_get<char, std::istreambuf_iterator<char, std::char_traits<char> > >::id
0018e988 00000004 V guard variable for std::time_put<char, std::ostreambuf_iterator<char, std::char_traits<char> > >::id
0018e98c 00000004 V guard variable for std::__timepunct<char>::id
0018e990 00000004 V guard variable for std::numpunct<char>::id
0018e994 00000004 V guard variable for std::moneypunct<char, true>::id
0018e998 00000004 V guard variable for std::moneypunct<char, false>::id
0018e99c 00000004 V guard variable for std::money_put<char, std::ostreambuf_iterator<char, std::char_traits<char> > >::id
0018e9a0 00000004 V guard variable for std::money_get<char, std::istreambuf_iterator<char, std::char_traits<char> > >::id
0018e9a4 00000004 V guard variable for std::num_put<char, std::ostreambuf_iterator<char, std::char_traits<char> > >::id
0018e9a8 00000004 V guard variable for std::num_get<char, std::istreambuf_iterator<char, std::char_traits<char> > >::id
0018e9ac 00000004 V std::collate<char>::id
0018e9b0 00000004 V std::messages<char>::id
0018e9b4 00000004 V std::time_get<char, std::istreambuf_iterator<char, std::char_traits<char> > >::id
0018e9b8 00000004 V std::time_put<char, std::ostreambuf_iterator<char, std::char_traits<char> > >::id
0018e9bc 00000004 V std::__timepunct<char>::id
0018e9c0 00000004 V std::numpunct<char>::id
0018e9c4 00000004 V std::moneypunct<char, true>::id
0018e9c8 00000004 V std::moneypunct<char, false>::id
0018e9cc 00000004 V std::money_put<char, std::ostreambuf_iterator<char, std::char_traits<char> > >::id
0018e9d0 00000004 V std::money_get<char, std::istreambuf_iterator<char, std::char_traits<char> > >::id
0018e9d4 00000004 V std::num_put<char, std::ostreambuf_iterator<char, std::char_traits<char> > >::id
0018e9d8 00000004 V std::num_get<char, std::istreambuf_iterator<char, std::char_traits<char> > >::id
0018e9e0 000000c8 b (anonymous namespace)::timepunct_cache_w
0018eaa8 00000070 b (anonymous namespace)::moneypunct_cache_wf
0018eb18 00000070 b (anonymous namespace)::moneypunct_cache_wt
0018eb88 00000128 b (anonymous namespace)::numpunct_cache_w
0018ecb0 000000c8 b (anonymous namespace)::timepunct_cache_c
0018ed78 00000044 b (anonymous namespace)::moneypunct_cache_cf
0018edbc 00000044 b (anonymous namespace)::moneypunct_cache_ct
0018ee00 00000068 b (anonymous namespace)::numpunct_cache_c
0018ee68 00000008 b (anonymous namespace)::codecvt_c32_c8
0018ee70 00000008 b (anonymous namespace)::codecvt_c16_c8
0018ee78 00000008 b (anonymous namespace)::codecvt_c32
0018ee80 00000008 b (anonymous namespace)::codecvt_c16
0018ee88 00000010 b (anonymous namespace)::messages_w
0018ee98 00000008 b (anonymous namespace)::time_put_w
0018eea0 00000008 b (anonymous namespace)::time_get_w
0018eea8 00000014 b (anonymous namespace)::timepunct_w
0018eebc 00000008 b (anonymous namespace)::money_put_w
0018eec4 00000008 b (anonymous namespace)::money_get_w
0018eecc 0000000c b (anonymous namespace)::moneypunct_wf
0018eed8 0000000c b (anonymous namespace)::moneypunct_wt
0018eee4 0000000c b (anonymous namespace)::codecvt_w
0018eef0 00000008 b (anonymous namespace)::num_put_w
0018eef8 00000008 b (anonymous namespace)::num_get_w
0018ef00 0000000c b (anonymous namespace)::numpunct_w
0018ef0c 0000000c b (anonymous namespace)::collate_w
0018ef18 000004e0 b (anonymous namespace)::ctype_w
0018f3f8 00000010 b (anonymous namespace)::messages_c
0018f408 00000008 b (anonymous namespace)::time_put_c
0018f410 00000008 b (anonymous namespace)::time_get_c
0018f418 00000014 b (anonymous namespace)::timepunct_c
0018f42c 00000008 b (anonymous namespace)::money_put_c
0018f434 00000008 b (anonymous namespace)::money_get_c
0018f43c 0000000c b (anonymous namespace)::moneypunct_cf
0018f448 0000000c b (anonymous namespace)::moneypunct_ct
0018f454 0000000c b (anonymous namespace)::codecvt_c
0018f460 00000008 b (anonymous namespace)::num_put_c
0018f468 00000008 b (anonymous namespace)::num_get_c
0018f470 0000000c b (anonymous namespace)::numpunct_c
0018f47c 0000000c b (anonymous namespace)::collate_c
0018f488 00000220 b (anonymous namespace)::ctype_c
0018f6a8 000000c0 b (anonymous namespace)::cache_vec
0018f768 000000c0 b (anonymous namespace)::facet_vec
0018f828 0000000c b (anonymous namespace)::name_c
0018f834 00000018 b (anonymous namespace)::name_vec
0018f84c 00000004 b (anonymous namespace)::c_locale
0018f850 00000014 b (anonymous namespace)::c_locale_impl
0018f864 00000004 b guard variable for (anonymous namespace)::get_locale_mutex()::locale_mutex
0018f868 00000010 b (anonymous namespace)::get_locale_mutex()::locale_mutex
0018f878 00000004 V guard variable for std::collate<wchar_t>::id
0018f87c 00000004 V guard variable for std::messages<wchar_t>::id
0018f880 00000004 V guard variable for std::time_get<wchar_t, std::istreambuf_iterator<wchar_t, std::char_traits<wchar_t> > >::id
0018f884 00000004 V guard variable for std::time_put<wchar_t, std::ostreambuf_iterator<wchar_t, std::char_traits<wchar_t> > >::id
0018f888 00000004 V guard variable for std::__timepunct<wchar_t>::id
0018f88c 00000004 V guard variable for std::numpunct<wchar_t>::id
0018f890 00000004 V guard variable for std::moneypunct<wchar_t, true>::id
0018f894 00000004 V guard variable for std::moneypunct<wchar_t, false>::id
0018f898 00000004 V guard variable for std::money_put<wchar_t, std::ostreambuf_iterator<wchar_t, std::char_traits<wchar_t> > >::id
0018f89c 00000004 V guard variable for std::money_get<wchar_t, std::istreambuf_iterator<wchar_t, std::char_traits<wchar_t> > >::id
0018f8a0 00000004 V guard variable for std::num_put<wchar_t, std::ostreambuf_iterator<wchar_t, std::char_traits<wchar_t> > >::id
0018f8a4 00000004 V guard variable for std::num_get<wchar_t, std::istreambuf_iterator<wchar_t, std::char_traits<wchar_t> > >::id
0018f8a8 00000004 V std::collate<wchar_t>::id
0018f8ac 00000004 V std::messages<wchar_t>::id
0018f8b0 00000004 V std::time_get<wchar_t, std::istreambuf_iterator<wchar_t, std::char_traits<wchar_t> > >::id
0018f8b4 00000004 V std::time_put<wchar_t, std::ostreambuf_iterator<wchar_t, std::char_traits<wchar_t> > >::id
0018f8b8 00000004 V std::__timepunct<wchar_t>::id
0018f8bc 00000004 V std::numpunct<wchar_t>::id
0018f8c0 00000004 V std::moneypunct<wchar_t, true>::id
0018f8c4 00000004 V std::moneypunct<wchar_t, false>::id
0018f8c8 00000004 V std::money_put<wchar_t, std::ostreambuf_iterator<wchar_t, std::char_traits<wchar_t> > >::id
0018f8cc 00000004 V std::money_get<wchar_t, std::istreambuf_iterator<wchar_t, std::char_traits<wchar_t> > >::id
0018f8d0 00000004 V std::num_put<wchar_t, std::ostreambuf_iterator<wchar_t, std::char_traits<wchar_t> > >::id
0018f8d4 00000004 V std::num_get<wchar_t, std::istreambuf_iterator<wchar_t, std::char_traits<wchar_t> > >::id
0018f8d8 0000001c b (anonymous namespace)::emergency_pool
0018f8f4 00000004 b init
0018f8f8 00000001 B __eh_globals_init::_S_init
0018f8fc 0000000c b (anonymous namespace)::eh_globals
0018f908 00000004 b (anonymous namespace)::get_static_cond()::once
0018f910 00000008 b (anonymous namespace)::fake_cond
0018f918 00000004 b (anonymous namespace)::static_cond
0018f91c 00000004 b (anonymous namespace)::get_static_mutex()::once
0018f920 00000010 b (anonymous namespace)::fake_mutex
0018f930 00000004 b (anonymous namespace)::static_mutex
0018f934 00000004 b (anonymous namespace)::__new_handler
0018f938 00000004 B std::codecvt<wchar_t, char, _mbstate_t>::id
0018f93c 00000004 B std::codecvt<char, char, _mbstate_t>::id
0018f940 00000004 B std::codecvt<char32_t, char8_t, _mbstate_t>::id
0018f944 00000004 B std::codecvt<char16_t, char8_t, _mbstate_t>::id
0018f948 00000004 B std::codecvt<char32_t, char, _mbstate_t>::id
0018f94c 00000004 B std::codecvt<char16_t, char, _mbstate_t>::id
0018f950 00000010 b std::(anonymous namespace)::messages_w
0018f960 00000008 b std::(anonymous namespace)::time_get_w
0018f968 00000008 b std::(anonymous namespace)::money_put_w
0018f970 00000008 b std::(anonymous namespace)::money_get_w
0018f978 0000000c b std::(anonymous namespace)::moneypunct_wf
0018f984 0000000c b std::(anonymous namespace)::moneypunct_wt
0018f990 0000000c b std::(anonymous namespace)::numpunct_w
0018f99c 0000000c b std::(anonymous namespace)::collate_w
0018f9a8 00000010 b std::(anonymous namespace)::messages_c
0018f9b8 00000008 b std::(anonymous namespace)::time_get_c
0018f9c0 00000008 b std::(anonymous namespace)::money_put_c
0018f9c8 00000008 b std::(anonymous namespace)::money_get_c
0018f9d0 0000000c b std::(anonymous namespace)::moneypunct_cf
0018f9dc 0000000c b std::(anonymous namespace)::moneypunct_ct
0018f9e8 0000000c b std::(anonymous namespace)::numpunct_c
0018f9f4 0000000c b std::(anonymous namespace)::collate_c
0018fa00 00000004 V guard variable for std::__cxx11::collate<char>::id
0018fa04 00000004 V guard variable for std::__cxx11::messages<char>::id
0018fa08 00000004 V guard variable for std::__cxx11::time_get<char, std::istreambuf_iterator<char, std::char_traits<char> > >::id
0018fa0c 00000004 V guard variable for std::__cxx11::numpunct<char>::id
0018fa10 00000004 V guard variable for std::__cxx11::moneypunct<char, true>::id
0018fa14 00000004 V guard variable for std::__cxx11::moneypunct<char, false>::id
0018fa18 00000004 V guard variable for std::__cxx11::money_put<char, std::ostreambuf_iterator<char, std::char_traits<char> > >::id
0018fa1c 00000004 V guard variable for std::__cxx11::money_get<char, std::istreambuf_iterator<char, std::char_traits<char> > >::id
0018fa20 00000004 V std::__cxx11::collate<char>::id
0018fa24 00000004 V std::__cxx11::messages<char>::id
0018fa28 00000004 V std::__cxx11::time_get<char, std::istreambuf_iterator<char, std::char_traits<char> > >::id
0018fa2c 00000004 V std::__cxx11::numpunct<char>::id
0018fa30 00000004 V std::__cxx11::moneypunct<char, true>::id
0018fa34 00000004 V std::__cxx11::moneypunct<char, false>::id
0018fa38 00000004 V std::__cxx11::money_put<char, std::ostreambuf_iterator<char, std::char_traits<char> > >::id
0018fa3c 00000004 V std::__cxx11::money_get<char, std::istreambuf_iterator<char, std::char_traits<char> > >::id
0018fa40 000000e0 b saved_categories.0
0018fb20 000000e0 b new_categories.1
0018fc00 0000000c b __sfp_recursive_mutex
0018fc10 00000168 B __sf
0018fd78 00000004 B __stdio_exit_handler
0018fd7c 00000004 b __tz_mutex
0018fd80 00000028 B __malloc_current_mallinfo
0018fda8 00000004 B __malloc_max_total_mem
0018fdac 00000004 B __malloc_max_sbrked_mem
0018fdb0 00000004 B __malloc_top_pad
0018fdb4 00000004 b prev_tzenv
0018fdb8 0000000c b __tzname_dst
0018fdc4 0000000c b __tzname_std
0018fdd0 0000000c b __malloc_recursive_mutex
0018fddc 00000004 B _timezone
0018fde0 00000004 B _daylight
0018fde4 0000000c b __env_recursive_mutex
0018fdf0 00000004 b initial_env
0018fdf4 00000400 b temp_cwd
001901f4 00000004 b __hndl_lock
001901f8 00000004 B fake_heap_start
001901fc 00000004 B fake_heap_end
00190200 00000004 b heap_start.0
00190204 B __tls_start
00190e0c B __bss_end__
00190e0c A __end__
00190e0c B __tls_end
